사고번호,사고일시,요일,시군구,사고내용,사망자수,중상자수,경상자수,부상신고자수,사고유형,법규위반,노면상태,기상상태,도로형태,가해운전자 차종,가해운전자 성별,가해운전자 연령,가해운전자 상해정도,피해운전자 차종,피해운전자 성별,피해운전자 연령,피해운전자 상해정도
2020012300100113,2020년 1월 23일 08시,목요일,부산광역시 사하구 당리동,경상사고,0,0,1,0,차대차 - 측면충돌,안전운전불이행,젖음/습기,비,교차로 - 교차로부근,승용,남,66세,상해없음,승용,여,49세,경상
2020012300100114,2020년 1월 23일 08시,목요일,부산광역시 사상구 덕포동,사망사고,1,0,0,0,차대사람 - 횡단중,과속,젖음/습기,비,단일로 - 기타,승용,남,60세,상해없음,보행자,남,72세,사망
2020012300100115,2020년 1월 23일 08시,목요일,부산광역시 사상구 학장동,경상사고,0,0,1,0,차대차 - 추돌,안전운전불이행,젖음/습기,비,단일로 - 고가도로위,승용,남,29세,상해없음,승용,남,44세,경상
2020012300100139,2020년 1월 23일 09시,목요일,부산광역시 남구 대연동,경상사고,0,0,1,0,차대차 - 측면충돌,안전운전불이행,건조,맑음,교차로 - 교차로부근,특수,남,68세,상해없음,승용,남,67세,경상
2020012300100140,2020년 1월 23일 09시,목요일,부산광역시 동래구 온천동,경상사고,0,0,1,0,차대차 - 측면충돌,안전거리미확보,건조,맑음,단일로 - 기타,승용,남,58세,상해없음,승용,남,31세,경상
2020012300100141,2020년 1월 23일 09시,목요일,부산광역시 부산진구 개금동,경상사고,0,0,2,0,차대차 - 기타,안전운전불이행,건조,맑음,단일로 - 기타,승용,남,35세,경상,승용,남,67세,상해없음
2020012300100142,2020년 1월 23일 09시,목요일,부산광역시 연제구 연산동,중상사고,0,1,0,0,차대차 - 추돌,신호위반,건조,맑음,교차로 - 교차로안,승합,남,42세,상해없음,이륜,남,32세,중상
2020012300100143,2020년 1월 23일 09시,목요일,부산광역시 수영구 망미동,경상사고,0,0,3,0,차대차 - 기타,교차로운행방법위반,젖음/습기,비,교차로 - 교차로안,승용,여,35세,경상,승용,남,59세,경상
2020012300100144,2020년 1월 23일 09시,목요일,부산광역시 사상구 주례동,경상사고,0,0,1,0,차대사람 - 횡단중,보행자보호의무위반,젖음/습기,비,기타 - 기타,승용,여,39세,상해없음,보행자,남,79세,경상
2020012300100200,2020년 1월 23일 11시,목요일,부산광역시 해운대구 좌동,중상사고,0,1,0,0,차대차 - 측면충돌,안전운전불이행,젖음/습기,비,교차로 - 교차로안,승용,여,42세,상해없음,이륜,남,39세,중상
2020012300100201,2020년 1월 23일 11시,목요일,부산광역시 해운대구 재송동,경상사고,0,0,1,0,차대차 - 추돌,안전운전불이행,건조,맑음,교차로 - 교차로안,승용,남,34세,상해없음,승용,남,30세,경상
2020012300100202,2020년 1월 23일 11시,목요일,부산광역시 금정구 부곡동,경상사고,0,0,3,0,차대차 - 추돌,안전거리미확보,건조,맑음,단일로 - 기타,화물,남,57세,상해없음,승용,남,51세,경상
2020012300100203,2020년 1월 23일 11시,목요일,부산광역시 금정구 노포동,중상사고,0,3,5,1,차대차 - 정면충돌,안전운전불이행,젖음/습기,맑음,교차로 - 교차로부근,화물,남,80세,상해없음,승용,남,47세,부상신고
2020012300100204,2020년 1월 23일 11시,목요일,부산광역시 강서구 대저2동,경상사고,0,0,1,0,차대차 - 측면충돌,안전운전불이행,건조,맑음,단일로 - 기타,승용,남,46세,상해없음,승용,여,46세,경상
2020012300100250,2020년 1월 23일 12시,목요일,부산광역시 서구 아미동1가,경상사고,0,0,1,0,차대사람 - 횡단중,신호위반,젖음/습기,비,교차로 - 교차로횡단보도내,승용,여,62세,상해없음,보행자,여,59세,경상
2020012300100251,2020년 1월 23일 12시,목요일,부산광역시 금정구 구서동,경상사고,0,0,2,0,차대차 - 기타,안전거리미확보,건조,맑음,교차로 - 교차로안,화물,남,67세,상해없음,승용,여,40세,경상
2020012300100290,2020년 1월 23일 13시,목요일,부산광역시 동구 초량동,경상사고,0,0,2,0,차대차 - 추돌,기타,건조,맑음,단일로 - 기타,승용,남,51세,상해없음,승용,남,22세,경상
2020012300100291,2020년 1월 23일 13시,목요일,부산광역시 영도구 청학동,중상사고,0,1,0,0,차대사람 - 횡단중,안전운전불이행,건조,맑음,교차로 - 교차로횡단보도내,승용,여,60세,상해없음,보행자,여,64세,중상
2020012300100292,2020년 1월 23일 13시,목요일,부산광역시 부산진구 부전동,경상사고,0,0,1,0,차대사람 - 기타,안전운전불이행,젖음/습기,흐림,단일로 - 기타,승용,여,66세,상해없음,보행자,남,22세,경상
2020012300100293,2020년 1월 23일 13시,목요일,부산광역시 금정구 구서동,경상사고,0,0,1,0,차대차 - 추돌,안전운전불이행,건조,맑음,단일로 - 기타,승용,여,46세,상해없음,승용,남,41세,경상
2020012300100335,2020년 1월 23일 14시,목요일,부산광역시 동래구 사직동,경상사고,0,0,1,0,차대차 - 기타,안전운전불이행,건조,맑음,단일로 - 기타,승용,여,61세,상해없음,이륜,남,37세,경상
2020012300100337,2020년 1월 23일 14시,목요일,부산광역시 연제구 연산동,경상사고,0,0,1,0,차대차 - 기타,교차로운행방법위반,건조,맑음,교차로 - 교차로안,승용,남,26세,상해없음,승용,남,37세,경상
2020012300100389,2020년 1월 23일 15시,목요일,부산광역시 기장군 정관읍,경상사고,0,0,1,0,차대차 - 추돌,안전거리미확보,젖음/습기,흐림,단일로 - 기타,승용,남,59세,상해없음,승용,남,38세,경상
2020012300100446,2020년 1월 23일 16시,목요일,부산광역시 금정구 서동,중상사고,0,1,0,0,차대차 - 측면충돌,교차로운행방법위반,건조,맑음,교차로 - 교차로안,승용,여,56세,상해없음,이륜,남,54세,중상
2020012300100447,2020년 1월 23일 16시,목요일,부산광역시 연제구 연산동,부상신고사고,0,0,0,1,차대차 - 기타,안전운전불이행,건조,맑음,단일로 - 기타,이륜,남,30세,부상신고,승용,남,64세,상해없음
2020012300100504,2020년 1월 23일 17시,목요일,부산광역시 수영구 민락동,경상사고,0,0,1,0,차대사람 - 기타,신호위반,건조,맑음,단일로 - 기타,승용,여,41세,상해없음,보행자,여,51세,경상
2020012300100505,2020년 1월 23일 17시,목요일,부산광역시 북구 만덕동,부상신고사고,0,0,0,2,차대차 - 측면충돌,안전운전불이행,건조,맑음,교차로 - 교차로안,승용,여,40세,부상신고,승용,남,64세,부상신고
2020012300100506,2020년 1월 23일 17시,목요일,부산광역시 동래구 명장동,부상신고사고,0,0,0,1,차대사람 - 길가장자리구역통행중,안전운전불이행,건조,맑음,단일로 - 기타,화물,남,55세,상해없음,보행자,남,61세,부상신고
2020012300100507,2020년 1월 23일 17시,목요일,부산광역시 영도구 청학동,부상신고사고,0,0,0,1,차대차 - 추돌,안전운전불이행,건조,맑음,단일로 - 기타,기타불명,기타불명,미분류,기타불명,승용,남,57세,부상신고
2020012300100508,2020년 1월 23일 17시,목요일,부산광역시 해운대구 좌동,경상사고,0,0,1,0,차대차 - 기타,교차로운행방법위반,건조,맑음,교차로 - 교차로안,승용,남,57세,상해없음,승용,남,53세,경상
2020012300100509,2020년 1월 23일 17시,목요일,부산광역시 부산진구 범전동,경상사고,0,0,2,0,차대차 - 측면충돌,교차로운행방법위반,건조,맑음,교차로 - 교차로안,승용,남,38세,경상,승용,여,60세,경상
2020012300100510,2020년 1월 23일 17시,목요일,부산광역시 연제구 연산동,중상사고,0,1,0,0,차대사람 - 횡단중,안전운전불이행,건조,맑음,단일로 - 기타,승용,남,57세,상해없음,보행자,여,75세,중상
2020012300100560,2020년 1월 23일 18시,목요일,부산광역시 부산진구 개금동,중상사고,0,1,0,0,차대사람 - 횡단중,안전운전불이행,건조,맑음,교차로 - 교차로안,승용,남,61세,상해없음,보행자,남,70세,중상
2020012300100561,2020년 1월 23일 18시,목요일,부산광역시 금정구 서동,경상사고,0,0,1,1,차대차 - 측면충돌,안전운전불이행,건조,맑음,단일로 - 기타,승용,남,76세,상해없음,승용,남,21세,경상
2020012300100562,2020년 1월 23일 18시,목요일,부산광역시 강서구 강동동,경상사고,0,0,1,0,차대차 - 추돌,안전운전불이행,건조,맑음,단일로 - 기타,승용,남,27세,상해없음,승용,여,50세,경상
2020012300100611,2020년 1월 23일 19시,목요일,부산광역시 연제구 연산동,중상사고,0,1,0,0,차대사람 - 기타,기타,건조,맑음,단일로 - 교량,이륜,남,63세,상해없음,보행자,여,65세,중상
2020012300100612,2020년 1월 23일 19시,목요일,부산광역시 사상구 주례동,경상사고,0,0,1,0,차량단독 - 기타,기타,건조,맑음,기타 - 기타,승합,남,55세,상해없음,,,,
2020012300100613,2020년 1월 23일 19시,목요일,부산광역시 사상구 괘법동,경상사고,0,0,1,0,차대차 - 측면충돌,신호위반,건조,맑음,교차로 - 교차로안,승용,남,68세,상해없음,승용,남,36세,경상
2020012300100660,2020년 1월 23일 20시,목요일,부산광역시 영도구 대교동1가,경상사고,0,0,1,0,차대차 - 측면충돌,안전운전불이행,건조,맑음,단일로 - 교량,승합,남,57세,상해없음,자전거,남,34세,경상
2020012300100661,2020년 1월 23일 20시,목요일,부산광역시 해운대구 좌동,부상신고사고,0,0,0,1,차대차 - 기타,신호위반,건조,맑음,교차로 - 교차로안,이륜,남,70세,부상신고,승용,여,29세,상해없음
2020012300100662,2020년 1월 23일 20시,목요일,부산광역시 사하구 당리동,경상사고,0,0,1,0,차대차 - 기타,안전운전불이행,건조,맑음,교차로 - 교차로부근,승용,남,51세,상해없음,승용,남,28세,경상
2020012300100698,2020년 1월 23일 21시,목요일,부산광역시 동래구 명륜동,경상사고,0,0,1,0,차대차 - 기타,안전거리미확보,건조,흐림,단일로 - 기타,승용,여,51세,상해없음,승용,남,43세,경상
2020012300100699,2020년 1월 23일 21시,목요일,부산광역시 동래구 수안동,중상사고,0,1,1,0,차대차 - 측면충돌,중앙선침범,건조,흐림,단일로 - 기타,승용,남,42세,상해없음,승용,남,66세,경상
2020012300100700,2020년 1월 23일 21시,목요일,부산광역시 사하구 당리동,경상사고,0,0,1,0,차대사람 - 횡단중,보행자보호의무위반,건조,기타,교차로 - 교차로부근,이륜,남,30세,상해없음,보행자,여,46세,경상
2020012300100729,2020년 1월 23일 22시,목요일,부산광역시 중구 부평동1가,중상사고,0,1,1,0,차대사람 - 횡단중,보행자보호의무위반,건조,맑음,단일로 - 기타,승용,남,66세,상해없음,보행자,여,31세,중상
2020012300100730,2020년 1월 23일 22시,목요일,부산광역시 동구 범일동,사망사고,1,0,0,0,차대차 - 기타,신호위반,건조,맑음,교차로 - 교차로안,승용,남,39세,상해없음,이륜,남,65세,사망
2020012300100731,2020년 1월 23일 22시,목요일,부산광역시 동래구 온천동,경상사고,0,0,1,0,차대사람 - 기타,안전운전불이행,건조,맑음,기타 - 기타,승용,남,65세,상해없음,보행자,여,52세,경상
2020012300100750,2020년 1월 23일 23시,목요일,부산광역시 서구 암남동,경상사고,0,0,3,0,차대차 - 측면충돌,신호위반,건조,맑음,교차로 - 교차로안,승용,남,27세,상해없음,승용,남,24세,경상
2020012300100751,2020년 1월 23일 23시,목요일,부산광역시 해운대구 재송동,경상사고,0,0,1,0,차대차 - 측면충돌,교차로운행방법위반,건조,맑음,교차로 - 교차로부근,이륜,남,17세,상해없음,이륜,남,27세,경상
2020012300100752,2020년 1월 23일 23시,목요일,부산광역시 사하구 괴정동,경상사고,0,0,1,0,차대사람 - 기타,안전운전불이행,건조,기타,단일로 - 기타,승용,남,53세,상해없음,보행자,남,25세,경상
2020012400100004,2020년 1월 24일 00시,금요일,부산광역시 금정구 서동,중상사고,0,1,0,0,차대사람 - 기타,기타,건조,맑음,단일로 - 기타,승합,남,32세,상해없음,보행자,여,57세,중상
2020012400100005,2020년 1월 24일 00시,금요일,부산광역시 연제구 거제동,경상사고,0,0,1,0,차대차 - 측면충돌,교차로운행방법위반,건조,맑음,교차로 - 교차로안,승용,남,30세,상해없음,승용,남,75세,경상
2020012400100006,2020년 1월 24일 00시,금요일,부산광역시 사상구 감전동,중상사고,0,1,0,0,차대차 - 정면충돌,신호위반,건조,맑음,교차로 - 교차로안,화물,남,46세,상해없음,승용,남,57세,중상
2020012400100104,2020년 1월 24일 09시,금요일,부산광역시 동구 수정동,경상사고,0,0,2,0,차대차 - 추돌,안전운전불이행,건조,맑음,단일로 - 기타,승용,남,57세,상해없음,승용,남,67세,경상
2020012400100143,2020년 1월 24일 11시,금요일,부산광역시 남구 문현동,중상사고,0,2,1,0,차대차 - 기타,안전운전불이행,젖음/습기,흐림,교차로 - 교차로부근,승용,남,63세,상해없음,승용,남,43세,상해없음
2020012400100144,2020년 1월 24일 11시,금요일,부산광역시 동래구 온천동,중상사고,0,1,0,0,차대차 - 측면충돌,안전운전불이행,건조,맑음,단일로 - 기타,승용,남,35세,상해없음,승용,여,52세,중상
2020012400100145,2020년 1월 24일 11시,금요일,부산광역시 금정구 청룡동,중상사고,0,1,1,1,차대차 - 추돌,안전거리미확보,건조,맑음,단일로 - 기타,승용,남,62세,부상신고,승용,여,56세,중상
2020012400100146,2020년 1월 24일 11시,금요일,부산광역시 수영구 망미동,중상사고,0,1,1,0,차대차 - 정면충돌,중앙선침범,건조,맑음,단일로 - 기타,승용,남,70세,상해없음,승용,남,31세,경상
2020012400100203,2020년 1월 24일 13시,금요일,부산광역시 북구 화명동,중상사고,0,1,0,0,차대차 - 측면충돌,신호위반,건조,맑음,교차로 - 교차로안,이륜,남,27세,상해없음,이륜,남,27세,중상
2020012400100232,2020년 1월 24일 14시,금요일,부산광역시 수영구 광안동,경상사고,0,0,3,1,차대차 - 측면충돌,교차로운행방법위반,건조,맑음,교차로 - 교차로안,원동기,남,38세,부상신고,승용,여,53세,경상
2020012400100282,2020년 1월 24일 16시,금요일,부산광역시 부산진구 가야동,경상사고,0,0,1,0,차대사람 - 차도통행중,안전운전불이행,건조,맑음,단일로 - 기타,승용,남,56세,상해없음,보행자,여,60세,경상
2020012400100283,2020년 1월 24일 16시,금요일,부산광역시 부산진구 초읍동,경상사고,0,0,1,0,차대차 - 측면충돌,안전운전불이행,건조,맑음,주차장 - 주차장,승용,남,63세,상해없음,이륜,남,51세,경상
2020012400100324,2020년 1월 24일 18시,금요일,부산광역시 북구 만덕동,중상사고,0,1,1,0,차대차 - 기타,안전운전불이행,건조,맑음,단일로 - 기타,승용,남,60세,상해없음,승용,남,76세,경상
2020012400100325,2020년 1월 24일 18시,금요일,부산광역시 북구 금곡동,중상사고,0,1,0,0,차대사람 - 기타,안전운전불이행,건조,맑음,단일로 - 기타,승용,남,26세,상해없음,보행자,여,92세,중상
2020012400100326,2020년 1월 24일 18시,금요일,부산광역시 영도구 동삼동,중상사고,0,1,0,0,차대사람 - 길가장자리구역통행중,안전운전불이행,건조,맑음,단일로 - 기타,승용,남,57세,상해없음,보행자,남,73세,중상
2020012400100327,2020년 1월 24일 18시,금요일,부산광역시 부산진구 초읍동,경상사고,0,0,1,0,차대사람 - 횡단중,보행자보호의무위반,건조,흐림,교차로 - 교차로횡단보도내,승용,여,58세,상해없음,보행자,남,65세,경상
2020012400100359,2020년 1월 24일 19시,금요일,부산광역시 금정구 부곡동,경상사고,0,0,1,0,차대차 - 후진중충돌,불법유턴,건조,맑음,단일로 - 기타,승용,남,45세,상해없음,승용,여,32세,경상
2020012400100392,2020년 1월 24일 20시,금요일,부산광역시 서구 부민동1가,경상사고,0,0,1,0,차대차 - 측면충돌,안전운전불이행,건조,맑음,단일로 - 기타,승용,남,25세,상해없음,이륜,남,23세,경상
2020012400100393,2020년 1월 24일 20시,금요일,부산광역시 해운대구 반여동,경상사고,0,0,1,0,차대사람 - 횡단중,안전운전불이행,건조,맑음,단일로 - 기타,기타불명,기타불명,미분류,기타불명,보행자,남,59세,경상
2020012400100413,2020년 1월 24일 21시,금요일,부산광역시 서구 토성동4가,중상사고,0,1,1,1,차대차 - 측면충돌,교차로운행방법위반,건조,맑음,교차로 - 교차로안,승용,남,62세,상해없음,승용,남,62세,중상
2020012400100414,2020년 1월 24일 21시,금요일,부산광역시 동래구 안락동,경상사고,0,0,1,0,차대차 - 기타,안전운전불이행,건조,맑음,교차로 - 교차로안,승용,남,60세,상해없음,승용,여,24세,경상
2020012400100415,2020년 1월 24일 21시,금요일,부산광역시 부산진구 전포동,중상사고,0,2,0,0,차대차 - 측면충돌,신호위반,건조,맑음,교차로 - 교차로안,승용,남,64세,상해없음,승용,남,51세,중상
2020012400100416,2020년 1월 24일 21시,금요일,부산광역시 부산진구 양정동,경상사고,0,0,1,0,차대차 - 측면충돌,안전운전불이행,건조,맑음,단일로 - 기타,승용,여,34세,상해없음,원동기,여,30세,경상
2020012400100417,2020년 1월 24일 21시,금요일,부산광역시 강서구 명지동,경상사고,0,0,1,0,차량단독 - 기타,안전운전불이행,건조,맑음,단일로 - 기타,승합,남,53세,상해없음,,,,
2020012400100432,2020년 1월 24일 22시,금요일,부산광역시 사하구 당리동,경상사고,0,0,1,0,차대사람 - 차도통행중,안전운전불이행,건조,맑음,단일로 - 기타,승용,남,69세,상해없음,보행자,남,27세,경상
2020012400100450,2020년 1월 24일 23시,금요일,부산광역시 영도구 봉래동4가,중상사고,0,1,0,0,차대사람 - 기타,안전운전불이행,건조,맑음,단일로 - 기타,승용,남,55세,상해없음,보행자,남,44세,중상
2020012500100013,2020년 1월 25일 01시,토요일,부산광역시 연제구 연산동,경상사고,0,0,1,0,차대차 - 기타,차로위반,젖음/습기,맑음,단일로 - 기타,승용,남,52세,상해없음,승용,남,63세,경상
2020012500100032,2020년 1월 25일 04시,토요일,부산광역시 북구 구포동,중상사고,0,2,0,0,차대차 - 추돌,과속,건조,맑음,단일로 - 기타,승용,남,61세,상해없음,이륜,남,20세,중상
2020012500100071,2020년 1월 25일 10시,토요일,부산광역시 사하구 구평동,경상사고,0,0,2,0,차대차 - 측면충돌,안전거리미확보,건조,맑음,교차로 - 교차로안,승용,남,65세,상해없음,승용,남,34세,경상
2020012500100092,2020년 1월 25일 11시,토요일,부산광역시 북구 금곡동,경상사고,0,0,2,0,차대차 - 추돌,안전운전불이행,건조,맑음,단일로 - 기타,승용,남,53세,상해없음,승용,남,35세,경상
2020012500100093,2020년 1월 25일 11시,토요일,부산광역시 금정구 회동동,중상사고,0,1,0,0,차대사람 - 기타,안전운전불이행,건조,맑음,단일로 - 기타,승용,남,47세,상해없음,보행자,남,53세,중상
2020012500100111,2020년 1월 25일 12시,토요일,부산광역시 수영구 남천동,경상사고,0,0,1,0,차대사람 - 차도통행중,안전운전불이행,건조,맑음,교차로 - 교차로부근,승용,남,38세,기타불명,보행자,여,26세,경상
2020012500100112,2020년 1월 25일 12시,토요일,부산광역시 동래구 온천동,경상사고,0,0,3,0,차대차 - 측면충돌,안전운전불이행,건조,맑음,교차로 - 교차로안,승용,남,56세,상해없음,승용,남,35세,경상
2020012500100113,2020년 1월 25일 12시,토요일,부산광역시 해운대구 재송동,중상사고,0,1,0,0,차대차 - 측면충돌,신호위반,건조,맑음,교차로 - 교차로부근,승용,남,55세,상해없음,이륜,남,32세,중상
2020012500100114,2020년 1월 25일 12시,토요일,부산광역시 금정구 남산동,부상신고사고,0,0,0,1,차대차 - 기타,안전운전불이행,건조,맑음,단일로 - 기타,이륜,남,38세,부상신고,승용,남,62세,상해없음
2020012500100141,2020년 1월 25일 13시,토요일,부산광역시 사하구 감천동,경상사고,0,0,1,0,차대차 - 추돌,안전운전불이행,건조,맑음,단일로 - 기타,승용,남,60세,상해없음,승용,남,34세,경상
2020012500100164,2020년 1월 25일 14시,토요일,부산광역시 해운대구 우동,중상사고,0,1,0,0,차대차 - 기타,안전거리미확보,건조,맑음,단일로 - 고가도로위,승용,남,36세,상해없음,화물,남,41세,중상
2020012500100189,2020년 1월 25일 15시,토요일,부산광역시 사하구 하단동,경상사고,0,0,1,0,차대사람 - 기타,안전운전불이행,건조,맑음,단일로 - 기타,승용,남,35세,상해없음,보행자,남,20세,경상
2020012500100209,2020년 1월 25일 16시,토요일,부산광역시 북구 덕천동,경상사고,0,0,1,0,차대차 - 기타,신호위반,건조,맑음,교차로 - 교차로부근,승용,남,18세,상해없음,이륜,남,31세,경상
2020012500100210,2020년 1월 25일 16시,토요일,부산광역시 동래구 안락동,경상사고,0,0,4,0,차대차 - 정면충돌,신호위반,건조,맑음,교차로 - 교차로안,승용,남,75세,상해없음,승용,남,58세,경상
2020012500100211,2020년 1월 25일 16시,토요일,부산광역시 기장군 정관읍,중상사고,0,1,0,0,차대차 - 기타,안전거리미확보,건조,맑음,단일로 - 기타,승용,여,49세,상해없음,승용,남,24세,중상
2020012500100228,2020년 1월 25일 17시,토요일,부산광역시 부산진구 양정동,경상사고,0,0,1,0,차대차 - 정면충돌,신호위반,건조,맑음,교차로 - 교차로안,승용,여,53세,상해없음,이륜,남,51세,경상
2020012500100270,2020년 1월 25일 19시,토요일,부산광역시 동래구 낙민동,중상사고,0,1,2,1,차대차 - 측면충돌,신호위반,건조,맑음,교차로 - 교차로안,승용,남,55세,상해없음,승용,남,65세,부상신고
2020012500100271,2020년 1월 25일 19시,토요일,부산광역시 연제구 연산동,경상사고,0,0,1,0,차대사람 - 길가장자리구역통행중,안전운전불이행,건조,맑음,단일로 - 기타,승용,남,25세,상해없음,보행자,남,34세,경상
2020012500100293,2020년 1월 25일 20시,토요일,부산광역시 서구 동대신동3가,경상사고,0,0,1,0,차대차 - 추돌,안전운전불이행,건조,맑음,단일로 - 기타,이륜,남,61세,경상,승용,남,55세,상해없음
2020012500100317,2020년 1월 25일 21시,토요일,부산광역시 해운대구 우동,경상사고,0,0,1,0,차대차 - 추돌,안전운전불이행,건조,맑음,교차로 - 교차로안,승용,남,61세,상해없음,승용,여,54세,상해없음
2020012500100332,2020년 1월 25일 22시,토요일,부산광역시 수영구 민락동,경상사고,0,0,1,0,차대차 - 기타,안전운전불이행,건조,맑음,단일로 - 기타,승용,남,30세,상해없음,이륜,여,21세,경상
2020012500100333,2020년 1월 25일 22시,토요일,부산광역시 사상구 덕포동,중상사고,0,1,0,0,차대차 - 측면충돌,안전운전불이행,건조,맑음,단일로 - 기타,이륜,남,38세,중상,승용,남,65세,기타불명
2020012500100348,2020년 1월 25일 23시,토요일,부산광역시 사상구 모라동,경상사고,0,0,2,0,차대차 - 측면충돌,신호위반,건조,맑음,교차로 - 교차로안,승용,남,59세,경상,승용,남,69세,상해없음
2020012600100002,2020년 1월 26일 00시,일요일,부산광역시 서구 충무동2가,경상사고,0,0,2,0,차대차 - 추돌,안전거리미확보,건조,맑음,단일로 - 기타,화물,남,67세,상해없음,승용,남,28세,경상
2020012600100003,2020년 1월 26일 00시,일요일,부산광역시 사상구 덕포동,경상사고,0,0,1,0,차량단독 - 기타,안전운전불이행,건조,맑음,단일로 - 기타,승합,남,57세,상해없음,,,,
2020012600100013,2020년 1월 26일 01시,일요일,부산광역시 남구 대연동,경상사고,0,0,1,0,차대차 - 측면충돌,교차로운행방법위반,건조,맑음,교차로 - 교차로안,승용,남,23세,상해없음,승용,남,19세,경상
2020012600100021,2020년 1월 26일 02시,일요일,부산광역시 서구 서대신동1가,경상사고,0,0,1,0,차대차 - 측면충돌,안전거리미확보,건조,맑음,단일로 - 기타,승용,남,43세,상해없음,이륜,남,23세,경상
2020012600100029,2020년 1월 26일 03시,일요일,부산광역시 부산진구 초읍동,경상사고,0,0,2,0,차대차 - 정면충돌,중앙선침범,건조,맑음,단일로 - 기타,승용,남,63세,상해없음,이륜,남,23세,경상
2020012600100036,2020년 1월 26일 04시,일요일,부산광역시 금정구 부곡동,경상사고,0,0,3,0,차대차 - 정면충돌,신호위반,건조,흐림,교차로 - 교차로안,승합,여,68세,상해없음,승용,남,60세,경상
2020012600100045,2020년 1월 26일 05시,일요일,부산광역시 동래구 낙민동,중상사고,0,2,2,0,차대차 - 추돌,안전운전불이행,건조,맑음,단일로 - 기타,승용,남,27세,상해없음,화물,남,59세,중상
2020012600100064,2020년 1월 26일 08시,일요일,부산광역시 사상구 학장동,경상사고,0,0,4,0,차대차 - 측면충돌,안전거리미확보,건조,맑음,교차로 - 교차로부근,승용,남,62세,상해없음,승용,남,39세,상해없음
2020012600100130,2020년 1월 26일 13시,일요일,부산광역시 부산진구 범전동,중상사고,0,1,3,0,차대사람 - 횡단중,신호위반,건조,맑음,단일로 - 기타,승용,남,36세,상해없음,보행자,남,8세,경상
2020012600100131,2020년 1월 26일 13시,일요일,부산광역시 사하구 괴정동,중상사고,0,1,0,1,차대사람 - 보도통행중,기타,건조,흐림,단일로 - 지하차도(도로)내,원동기,남,59세,부상신고,보행자,여,51세,중상
2020012600100132,2020년 1월 26일 13시,일요일,부산광역시 사상구 모라동,경상사고,0,0,1,0,차대차 - 추돌,안전거리미확보,건조,맑음,단일로 - 기타,승용,남,49세,상해없음,원동기,남,32세,경상
2020012600100150,2020년 1월 26일 14시,일요일,부산광역시 동래구 사직동,중상사고,0,1,0,0,차대차 - 측면충돌,안전운전불이행,건조,맑음,교차로 - 교차로안,승용,남,42세,상해없음,승용,남,26세,중상
2020012600100151,2020년 1월 26일 14시,일요일,부산광역시 해운대구 우동,경상사고,0,0,1,0,차대차 - 추돌,안전운전불이행,건조,맑음,교차로 - 교차로부근,승용,남,67세,상해없음,승용,여,32세,경상
2020012600100169,2020년 1월 26일 15시,일요일,부산광역시 동구 범일동,경상사고,0,0,1,0,차대사람 - 횡단중,신호위반,건조,맑음,단일로 - 기타,승용,남,32세,상해없음,보행자,남,20세,경상
2020012600100170,2020년 1월 26일 15시,일요일,부산광역시 해운대구 우동,경상사고,0,0,1,0,차대차 - 추돌,안전운전불이행,건조,맑음,교차로 - 교차로부근,승용,남,47세,기타불명,승용,남,46세,경상
2020012600100171,2020년 1월 26일 15시,일요일,부산광역시 사하구 괴정동,경상사고,0,0,1,0,차대사람 - 기타,안전운전불이행,건조,흐림,단일로 - 지하차도(도로)내,승용,남,46세,상해없음,보행자,여,7세,경상
2020012600100184,2020년 1월 26일 16시,일요일,부산광역시 부산진구 전포동,경상사고,0,0,1,0,차대사람 - 차도통행중,안전운전불이행,건조,기타,단일로 - 기타,승용,남,46세,상해없음,보행자,여,24세,경상
2020012600100185,2020년 1월 26일 16시,일요일,부산광역시 연제구 연산동,중상사고,0,3,0,0,차대차 - 기타,안전거리미확보,건조,맑음,단일로 - 기타,승용,남,24세,상해없음,승용,남,61세,상해없음
2020012600100205,2020년 1월 26일 17시,일요일,부산광역시 강서구 송정동,경상사고,0,0,1,0,차대차 - 추돌,안전운전불이행,건조,맑음,단일로 - 기타,승용,남,45세,상해없음,승용,남,34세,상해없음
2020012600100246,2020년 1월 26일 19시,일요일,부산광역시 동구 초량동,중상사고,0,1,5,0,차대차 - 추돌,안전거리미확보,건조,맑음,단일로 - 기타,승용,남,35세,상해없음,승용,남,29세,중상
2020012600100247,2020년 1월 26일 19시,일요일,부산광역시 동래구 온천동,중상사고,0,1,0,0,차대사람 - 기타,안전운전불이행,건조,맑음,교차로 - 교차로안,승용,여,44세,상해없음,보행자,여,44세,중상
2020012600100248,2020년 1월 26일 19시,일요일,부산광역시 동래구 안락동,경상사고,0,0,1,0,차대사람 - 횡단중,안전운전불이행,건조,맑음,교차로 - 교차로안,승용,남,53세,상해없음,보행자,여,25세,경상
2020012600100249,2020년 1월 26일 19시,일요일,부산광역시 수영구 망미동,경상사고,0,0,1,0,차대차 - 추돌,안전거리미확보,건조,맑음,단일로 - 기타,이륜,남,23세,기타불명,승용,남,62세,경상
2020012600100304,2020년 1월 26일 21시,일요일,부산광역시 북구 금곡동,중상사고,0,1,0,0,차대사람 - 기타,안전운전불이행,건조,맑음,단일로 - 기타,승용,남,60세,상해없음,보행자,여,82세,중상