사고번호,사고일시,요일,시군구,사고내용,사망자수,중상자수,경상자수,부상신고자수,사고유형,법규위반,노면상태,기상상태,도로형태,가해운전자 차종,가해운전자 성별,가해운전자 연령,가해운전자 상해정도,피해운전자 차종,피해운전자 성별,피해운전자 연령,피해운전자 상해정도
2020013000100436,2020년 1월 30일 18시,목요일,부산광역시 북구 구포동,경상사고,0,0,1,0,차대차 - 기타,교차로운행방법위반,건조,맑음,교차로 - 교차로안,승용,남,65세,상해없음,이륜,남,24세,경상
2020013000100437,2020년 1월 30일 18시,목요일,부산광역시 사상구 주례동,경상사고,0,0,1,0,차대사람 - 횡단중,안전운전불이행,건조,맑음,교차로 - 교차로부근,이륜,남,50세,상해없음,보행자,남,58세,경상
2020013000100469,2020년 1월 30일 19시,목요일,부산광역시 동구 초량동,경상사고,0,0,1,0,차대차 - 측면충돌,교차로운행방법위반,건조,맑음,교차로 - 교차로부근,승용,여,33세,상해없음,이륜,남,57세,경상
2020013000100470,2020년 1월 30일 19시,목요일,부산광역시 해운대구 좌동,경상사고,0,0,1,0,차대사람 - 기타,안전운전불이행,건조,맑음,미분류 - 미분류,승용,남,27세,상해없음,보행자,남,81세,경상
2020013000100471,2020년 1월 30일 19시,목요일,부산광역시 부산진구 개금동,경상사고,0,0,1,0,차대차 - 측면충돌,안전운전불이행,건조,맑음,교차로 - 교차로안,승용,여,38세,상해없음,승용,여,46세,경상
2020013000100502,2020년 1월 30일 20시,목요일,부산광역시 부산진구 개금동,경상사고,0,0,1,0,차대차 - 기타,신호위반,건조,맑음,교차로 - 교차로부근,화물,남,57세,상해없음,자전거,남,59세,경상
2020013000100523,2020년 1월 30일 21시,목요일,부산광역시 연제구 연산동,경상사고,0,0,1,0,차대차 - 측면충돌,신호위반,건조,맑음,교차로 - 교차로안,승용,남,65세,상해없음,이륜,남,41세,경상
2020013000100552,2020년 1월 30일 22시,목요일,부산광역시 사상구 감전동,부상신고사고,0,0,0,1,차대차 - 측면충돌,안전거리미확보,건조,맑음,교차로 - 교차로부근,화물,남,71세,상해없음,승용,남,41세,부상신고
2020013000100567,2020년 1월 30일 23시,목요일,부산광역시 연제구 연산동,경상사고,0,0,2,0,차대차 - 기타,안전거리미확보,건조,맑음,교차로 - 교차로안,화물,남,27세,상해없음,승용,남,59세,상해없음
2020013000100568,2020년 1월 30일 23시,목요일,부산광역시 연제구 거제동,경상사고,0,0,2,0,차량단독 - 기타,안전거리미확보,건조,맑음,단일로 - 기타,승용,남,60세,상해없음,,,,
2020013100100016,2020년 1월 31일 01시,금요일,부산광역시 서구 아미동1가,경상사고,0,0,1,0,차대차 - 추돌,안전운전불이행,건조,맑음,단일로 - 기타,이륜,남,30세,경상,승용,남,43세,상해없음
2020013100100050,2020년 1월 31일 06시,금요일,부산광역시 해운대구 중동,중상사고,0,1,0,0,차량단독 - 공작물충돌,신호위반,건조,맑음,교차로 - 교차로안,승용,남,62세,상해없음,,,,
2020013100100051,2020년 1월 31일 06시,금요일,부산광역시 부산진구 개금동,경상사고,0,0,1,0,차대차 - 측면충돌,신호위반,건조,맑음,교차로 - 교차로안,화물,남,40세,상해없음,승용,남,59세,경상
2020013100100089,2020년 1월 31일 08시,금요일,부산광역시 사상구 감전동,경상사고,0,0,1,0,차대차 - 추돌,안전운전불이행,건조,맑음,단일로 - 기타,승용,남,30세,상해없음,승용,남,28세,경상
2020013100100090,2020년 1월 31일 08시,금요일,부산광역시 기장군 정관읍,경상사고,0,0,1,0,차대차 - 추돌,안전운전불이행,건조,맑음,단일로 - 기타,승용,여,36세,상해없음,화물,남,34세,경상
2020013100100111,2020년 1월 31일 09시,금요일,부산광역시 중구 부평동4가,경상사고,0,0,1,0,차대차 - 기타,신호위반,건조,맑음,교차로 - 교차로안,승용,남,59세,상해없음,이륜,남,29세,경상
2020013100100112,2020년 1월 31일 09시,금요일,부산광역시 금정구 부곡동,경상사고,0,0,1,0,차대차 - 기타,안전운전불이행,건조,맑음,교차로 - 교차로안,자전거,여,64세,경상,승용,여,67세,상해없음
2020013100100143,2020년 1월 31일 10시,금요일,부산광역시 동구 초량동,중상사고,0,1,1,0,차대차 - 측면충돌,신호위반,건조,맑음,교차로 - 교차로안,승용,남,77세,경상,승용,여,37세,중상
2020013100100144,2020년 1월 31일 10시,금요일,부산광역시 사하구 하단동,경상사고,0,0,3,0,차대차 - 기타,안전운전불이행,건조,맑음,단일로 - 기타,승용,남,58세,상해없음,승용,남,55세,경상
2020013100100145,2020년 1월 31일 10시,금요일,부산광역시 강서구 대저1동,경상사고,0,0,2,0,차대차 - 측면충돌,안전운전불이행,건조,맑음,교차로 - 교차로부근,승용,남,51세,상해없음,화물,남,52세,경상
2020013100100167,2020년 1월 31일 11시,금요일,부산광역시 해운대구 우동,중상사고,0,2,0,0,차대차 - 추돌,안전운전불이행,건조,맑음,교차로 - 교차로부근,승용,남,69세,상해없음,승용,남,37세,중상
2020013100100168,2020년 1월 31일 11시,금요일,부산광역시 부산진구 부전동,경상사고,0,0,1,0,차대차 - 측면충돌,안전운전불이행,건조,맑음,교차로 - 교차로안,승용,남,66세,상해없음,이륜,남,68세,경상
2020013100100169,2020년 1월 31일 11시,금요일,부산광역시 연제구 연산동,경상사고,0,0,2,0,차대차 - 측면충돌,직진우회전진행방해,건조,맑음,교차로 - 교차로안,승용,남,58세,상해없음,승용,남,34세,경상
2020013100100197,2020년 1월 31일 12시,금요일,부산광역시 부산진구 전포동,중상사고,0,1,0,0,차대차 - 기타,신호위반,건조,맑음,교차로 - 교차로안,승용,남,56세,상해없음,이륜,남,33세,중상
2020013100100232,2020년 1월 31일 13시,금요일,부산광역시 연제구 거제동,부상신고사고,0,0,0,1,차대차 - 기타,안전운전불이행,건조,맑음,교차로 - 교차로안,자전거,남,11세,부상신고,화물,남,44세,상해없음
2020013100100261,2020년 1월 31일 14시,금요일,부산광역시 수영구 광안동,중상사고,0,1,0,0,차대사람 - 기타,안전운전불이행,건조,맑음,교차로 - 교차로안,승용,여,39세,상해없음,보행자,여,50세,중상
2020013100100289,2020년 1월 31일 15시,금요일,부산광역시 강서구 대저2동,사망사고,1,1,2,0,차대차 - 기타,중앙선침범,건조,맑음,단일로 - 기타,승용,남,79세,사망,승용,여,46세,경상
2020013100100320,2020년 1월 31일 16시,금요일,부산광역시 동구 초량동,경상사고,0,0,1,0,차대사람 - 기타,안전운전불이행,건조,맑음,단일로 - 기타,승용,여,52세,상해없음,보행자,여,56세,경상
2020013100100321,2020년 1월 31일 16시,금요일,부산광역시 동래구 온천동,경상사고,0,0,1,0,차대차 - 기타,신호위반,건조,맑음,교차로 - 교차로안,승용,여,26세,상해없음,이륜,남,38세,경상
2020013100100322,2020년 1월 31일 16시,금요일,부산광역시 사상구 모라동,경상사고,0,0,1,0,차대차 - 추돌,안전거리미확보,건조,맑음,단일로 - 기타,승용,남,46세,상해없음,승용,남,59세,경상
2020013100100350,2020년 1월 31일 17시,금요일,부산광역시 북구 덕천동,경상사고,0,0,1,0,차대차 - 기타,안전운전불이행,건조,맑음,단일로 - 기타,승용,남,74세,상해없음,승용,남,31세,경상
2020013100100352,2020년 1월 31일 17시,금요일,부산광역시 부산진구 연지동,중상사고,0,1,0,0,차대차 - 기타,안전운전불이행,건조,맑음,교차로 - 교차로안,화물,남,57세,상해없음,개인형이동수단(PM),남,45세,중상
2020013100100437,2020년 1월 31일 19시,금요일,부산광역시 금정구 부곡동,경상사고,0,0,1,0,차대차 - 기타,안전운전불이행,건조,맑음,교차로 - 교차로안,승용,남,29세,상해없음,이륜,남,48세,경상
2020013100100438,2020년 1월 31일 19시,금요일,부산광역시 사하구 구평동,부상신고사고,0,0,0,1,차대차 - 추돌,안전거리미확보,건조,맑음,단일로 - 기타,원동기,남,18세,부상신고,승용,남,39세,상해없음
2020013100100439,2020년 1월 31일 19시,금요일,부산광역시 기장군 정관읍,경상사고,0,0,2,0,차대차 - 측면충돌,안전운전불이행,건조,맑음,교차로 - 교차로안,이륜,남,44세,경상,승용,남,36세,상해없음
2020013100100496,2020년 1월 31일 21시,금요일,부산광역시 서구 충무동1가,중상사고,0,1,1,1,차대차 - 측면충돌,안전거리미확보,건조,맑음,단일로 - 기타,승용,남,60세,부상신고,승용,남,62세,경상
2020013100100497,2020년 1월 31일 21시,금요일,부산광역시 부산진구 전포동,사망사고,1,0,0,0,차대사람 - 기타,안전운전불이행,건조,맑음,교차로 - 교차로안,승용,여,23세,상해없음,보행자,여,30세,사망
2020013100100498,2020년 1월 31일 21시,금요일,부산광역시 강서구 명지동,경상사고,0,0,1,0,차대차 - 측면충돌,안전운전불이행,건조,맑음,교차로 - 교차로안,승용,여,26세,상해없음,승용,남,53세,경상
2020013100100537,2020년 1월 31일 23시,금요일,부산광역시 연제구 연산동,경상사고,0,0,1,0,차대사람 - 횡단중,보행자보호의무위반,건조,맑음,단일로 - 기타,이륜,남,25세,상해없음,보행자,남,57세,경상
2020020100100005,2020년 2월 1일 00시,토요일,부산광역시 연제구 연산동,중상사고,0,1,0,0,차대차 - 측면충돌,신호위반,건조,맑음,교차로 - 교차로안,승용,남,62세,상해없음,이륜,남,26세,중상
2020020100100023,2020년 2월 1일 01시,토요일,부산광역시 동래구 안락동,중상사고,0,1,3,0,차대차 - 기타,신호위반,건조,맑음,교차로 - 교차로부근,승용,남,60세,상해없음,이륜,남,32세,중상
2020020100100054,2020년 2월 1일 04시,토요일,부산광역시 남구 용호동,중상사고,0,1,0,0,차대사람 - 횡단중,신호위반,건조,맑음,교차로 - 교차로부근,승용,남,46세,상해없음,보행자,여,83세,중상
2020020100100102,2020년 2월 1일 09시,토요일,부산광역시 사하구 하단동,경상사고,0,0,1,0,차대차 - 추돌,과속,건조,맑음,단일로 - 기타,원동기,남,52세,경상,승합,남,68세,상해없음
2020020100100117,2020년 2월 1일 10시,토요일,부산광역시 서구 동대신동2가,부상신고사고,0,0,0,1,차대차 - 측면충돌,안전운전불이행,건조,맑음,단일로 - 기타,승용,여,23세,부상신고,승합,남,56세,상해없음
2020020100100118,2020년 2월 1일 10시,토요일,부산광역시 남구 대연동,경상사고,0,0,1,0,차대사람 - 기타,신호위반,건조,맑음,교차로 - 교차로횡단보도내,승용,여,50세,상해없음,보행자,남,24세,경상
2020020100100141,2020년 2월 1일 11시,토요일,부산광역시 수영구 민락동,중상사고,0,1,0,0,차대차 - 기타,안전운전불이행,건조,맑음,단일로 - 기타,자전거,남,64세,중상,자전거,남,59세,상해없음
2020020100100202,2020년 2월 1일 13시,토요일,부산광역시 부산진구 범천동,경상사고,0,0,5,0,차대차 - 추돌,안전거리미확보,건조,맑음,교차로 - 교차로부근,승용,여,50세,기타불명,승용,남,67세,경상
2020020100100203,2020년 2월 1일 13시,토요일,부산광역시 사상구 학장동,경상사고,0,0,2,0,차대차 - 측면충돌,신호위반,건조,맑음,교차로 - 교차로안,승용,남,31세,상해없음,승용,남,35세,경상
2020020100100204,2020년 2월 1일 13시,토요일,부산광역시 기장군 기장읍,중상사고,0,1,0,0,차대차 - 추돌,안전운전불이행,건조,맑음,교차로 - 교차로부근,화물,남,65세,상해없음,이륜,남,71세,중상
2020020100100226,2020년 2월 1일 14시,토요일,부산광역시 해운대구 우동,중상사고,0,1,0,0,차대차 - 측면충돌,교차로운행방법위반,건조,맑음,교차로 - 교차로안,승용,남,39세,상해없음,원동기,남,18세,중상
2020020100100254,2020년 2월 1일 15시,토요일,부산광역시 금정구 금성동,경상사고,0,0,2,0,차대차 - 추돌,안전운전불이행,건조,맑음,주차장 - 주차장,승용,여,52세,상해없음,승용,여,46세,경상
2020020100100255,2020년 2월 1일 15시,토요일,부산광역시 연제구 연산동,중상사고,0,1,0,0,차대차 - 기타,신호위반,건조,맑음,교차로 - 교차로안,승용,남,63세,상해없음,이륜,남,63세,중상
2020020100100288,2020년 2월 1일 16시,토요일,부산광역시 금정구 부곡동,경상사고,0,0,1,0,차대사람 - 횡단중,보행자보호의무위반,건조,맑음,교차로 - 교차로횡단보도내,승용,남,58세,상해없음,보행자,여,58세,경상
2020020100100289,2020년 2월 1일 16시,토요일,부산광역시 사하구 장림동,경상사고,0,0,1,0,차대차 - 기타,안전운전불이행,건조,맑음,단일로 - 기타,승용,남,29세,상해없음,승용,여,28세,경상
2020020100100316,2020년 2월 1일 17시,토요일,부산광역시 부산진구 범천동,중상사고,0,1,0,0,차대차 - 측면충돌,교차로운행방법위반,건조,맑음,교차로 - 교차로안,승용,남,74세,상해없음,이륜,남,49세,중상
2020020100100317,2020년 2월 1일 17시,토요일,부산광역시 연제구 거제동,경상사고,0,0,1,0,차대차 - 기타,안전운전불이행,건조,맑음,단일로 - 기타,승용,남,64세,상해없음,이륜,남,23세,경상
2020020100100336,2020년 2월 1일 18시,토요일,부산광역시 서구 서대신동2가,중상사고,0,1,0,0,차대사람 - 횡단중,안전운전불이행,젖음/습기,흐림,교차로 - 교차로부근,승합,남,57세,상해없음,보행자,여,69세,중상
2020020100100337,2020년 2월 1일 18시,토요일,부산광역시 동래구 사직동,경상사고,0,0,1,0,차대차 - 측면충돌,교차로운행방법위반,건조,맑음,교차로 - 교차로안,승용,남,38세,상해없음,원동기,여,23세,경상
2020020100100338,2020년 2월 1일 18시,토요일,부산광역시 사상구 감전동,경상사고,0,0,1,0,차대차 - 기타,안전운전불이행,건조,맑음,단일로 - 기타,승용,남,56세,상해없음,승용,여,63세,경상
2020020100100366,2020년 2월 1일 19시,토요일,부산광역시 서구 동대신동3가,경상사고,0,0,1,0,차대차 - 추돌,안전거리미확보,건조,맑음,교차로 - 교차로부근,승용,남,65세,상해없음,승용,남,58세,경상
2020020100100391,2020년 2월 1일 20시,토요일,부산광역시 북구 금곡동,부상신고사고,0,0,0,1,차대차 - 기타,기타,건조,맑음,교차로 - 교차로안,이륜,남,30세,부상신고,승용,남,54세,상해없음
2020020100100392,2020년 2월 1일 20시,토요일,부산광역시 해운대구 반여동,경상사고,0,0,1,0,차대차 - 추돌,안전거리미확보,건조,맑음,단일로 - 기타,승용,남,66세,상해없음,승용,남,38세,경상
2020020100100411,2020년 2월 1일 21시,토요일,부산광역시 부산진구 전포동,경상사고,0,0,1,0,차대사람 - 기타,안전운전불이행,건조,맑음,교차로 - 교차로부근,승용,남,51세,상해없음,보행자,여,38세,경상
2020020100100412,2020년 2월 1일 21시,토요일,부산광역시 금정구 구서동,경상사고,0,0,1,0,차대사람 - 횡단중,안전운전불이행,건조,맑음,교차로 - 교차로안,승용,남,77세,상해없음,보행자,남,54세,경상
2020020100100413,2020년 2월 1일 21시,토요일,부산광역시 사상구 괘법동,경상사고,0,0,1,0,차대차 - 기타,안전운전불이행,건조,맑음,교차로 - 교차로안,이륜,남,22세,상해없음,승용,남,58세,상해없음
2020020100100431,2020년 2월 1일 22시,토요일,부산광역시 동구 좌천동,경상사고,0,0,2,0,차대차 - 기타,신호위반,건조,맑음,단일로 - 기타,승용,남,56세,상해없음,승용,남,18세,경상
2020020100100447,2020년 2월 1일 23시,토요일,부산광역시 동구 초량동,경상사고,0,0,1,0,차대사람 - 기타,안전운전불이행,건조,맑음,단일로 - 기타,승용,남,62세,상해없음,보행자,남,48세,경상
2020020100100448,2020년 2월 1일 23시,토요일,부산광역시 북구 덕천동,경상사고,0,0,1,0,차대차 - 측면충돌,안전운전불이행,건조,맑음,교차로 - 교차로안,승용,남,56세,상해없음,승용,남,61세,경상
2020020200100005,2020년 2월 2일 00시,일요일,부산광역시 강서구 송정동,경상사고,0,0,2,0,차대차 - 측면충돌,안전운전불이행,건조,맑음,교차로 - 교차로부근,승용,남,57세,상해없음,승용,여,37세,경상
2020020200100006,2020년 2월 2일 00시,일요일,부산광역시 사상구 모라동,경상사고,0,0,1,0,차대사람 - 기타,안전운전불이행,건조,맑음,교차로 - 교차로횡단보도내,승용,남,60세,상해없음,보행자,남,34세,경상
2020020200100026,2020년 2월 2일 01시,일요일,부산광역시 사하구 괴정동,부상신고사고,0,0,0,1,차대사람 - 기타,안전운전불이행,건조,맑음,단일로 - 기타,기타불명,기타불명,미분류,기타불명,보행자,남,30세,부상신고
2020020200100036,2020년 2월 2일 02시,일요일,부산광역시 중구 대청동3가,중상사고,0,1,0,0,차대차 - 측면충돌,신호위반,건조,맑음,교차로 - 교차로안,승용,남,51세,상해없음,승용,남,71세,중상
2020020200100047,2020년 2월 2일 03시,일요일,부산광역시 연제구 연산동,경상사고,0,0,1,0,차대차 - 추돌,안전운전불이행,건조,맑음,교차로 - 교차로안,이륜,남,16세,경상,승용,남,25세,상해없음
2020020200100077,2020년 2월 2일 07시,일요일,부산광역시 부산진구 부전동,경상사고,0,0,1,0,차대차 - 후진중충돌,안전운전불이행,건조,맑음,교차로 - 교차로부근,승용,남,29세,기타불명,승용,남,70세,경상
2020020200100078,2020년 2월 2일 07시,일요일,부산광역시 연제구 연산동,경상사고,0,0,1,0,차대차 - 측면충돌,안전거리미확보,건조,맑음,교차로 - 교차로안,승용,남,68세,상해없음,승용,남,40세,경상
2020020200100087,2020년 2월 2일 08시,일요일,부산광역시 남구 용호동,경상사고,0,0,1,0,차대차 - 기타,안전운전불이행,건조,맑음,교차로 - 교차로안,승용,여,53세,상해없음,승용,남,55세,경상
2020020200100103,2020년 2월 2일 09시,일요일,부산광역시 동구 수정동,경상사고,0,0,1,0,차대사람 - 횡단중,보행자보호의무위반,건조,맑음,교차로 - 교차로횡단보도내,승용,남,55세,상해없음,보행자,여,71세,경상
2020020200100104,2020년 2월 2일 09시,일요일,부산광역시 부산진구 부전동,경상사고,0,0,1,0,차대차 - 측면충돌,안전거리미확보,건조,맑음,단일로 - 기타,승용,여,37세,상해없음,승합,남,27세,경상
2020020200100150,2020년 2월 2일 12시,일요일,부산광역시 부산진구 양정동,중상사고,0,1,0,0,차대차 - 측면충돌,안전운전불이행,건조,맑음,교차로 - 교차로부근,이륜,남,53세,중상,승합,남,59세,상해없음
2020020200100151,2020년 2월 2일 12시,일요일,부산광역시 사하구 당리동,경상사고,0,0,3,0,차대차 - 기타,직진우회전진행방해,건조,맑음,교차로 - 교차로안,승용,남,38세,기타불명,승용,남,31세,경상
2020020200100152,2020년 2월 2일 12시,일요일,부산광역시 기장군 정관읍,경상사고,0,0,1,0,차대차 - 측면충돌,교차로운행방법위반,건조,맑음,교차로 - 교차로안,승용,남,56세,상해없음,원동기,남,25세,경상
2020020200100166,2020년 2월 2일 13시,일요일,부산광역시 연제구 연산동,경상사고,0,0,1,0,차대차 - 측면충돌,신호위반,건조,맑음,교차로 - 교차로안,승용,남,20세,상해없음,승용,남,58세,경상
2020020200100193,2020년 2월 2일 14시,일요일,부산광역시 부산진구 부전동,경상사고,0,0,1,0,차대차 - 측면충돌,안전거리미확보,건조,맑음,단일로 - 기타,승용,남,49세,상해없음,승용,남,39세,경상
2020020200100194,2020년 2월 2일 14시,일요일,부산광역시 사하구 하단동,경상사고,0,0,1,0,차대차 - 측면충돌,안전운전불이행,건조,맑음,단일로 - 기타,이륜,남,30세,기타불명,승용,여,65세,경상
2020020200100216,2020년 2월 2일 15시,일요일,부산광역시 수영구 남천동,경상사고,0,0,1,0,차대차 - 기타,안전운전불이행,건조,맑음,단일로 - 기타,승용,남,73세,상해없음,이륜,남,40세,경상
2020020200100217,2020년 2월 2일 15시,일요일,부산광역시 남구 대연동,경상사고,0,0,1,0,차대차 - 기타,안전운전불이행,건조,맑음,단일로 - 고가도로위,승용,남,76세,상해없음,승용,남,28세,경상
2020020200100218,2020년 2월 2일 15시,일요일,부산광역시 동래구 온천동,중상사고,0,1,0,0,차대차 - 측면충돌,교차로운행방법위반,건조,맑음,교차로 - 교차로안,승용,여,39세,상해없음,이륜,남,23세,중상
2020020200100219,2020년 2월 2일 15시,일요일,부산광역시 영도구 동삼동,경상사고,0,0,1,0,차량단독 - 기타,안전운전불이행,건조,맑음,단일로 - 기타,승합,남,68세,상해없음,,,,
2020020200100220,2020년 2월 2일 15시,일요일,부산광역시 금정구 두구동,경상사고,0,0,7,0,차대차 - 기타,중앙선침범,건조,맑음,기타 - 기타,승용,여,40세,경상,승용,여,69세,경상
2020020200100246,2020년 2월 2일 16시,일요일,부산광역시 해운대구 중동,경상사고,0,0,2,0,차대차 - 측면충돌,안전거리미확보,건조,맑음,교차로 - 교차로안,승용,여,45세,경상,승용,여,40세,경상
2020020200100247,2020년 2월 2일 16시,일요일,부산광역시 사상구 모라동,중상사고,0,1,0,0,차대차 - 측면충돌,안전거리미확보,건조,맑음,단일로 - 기타,승용,여,27세,상해없음,이륜,남,46세,중상
2020020200100266,2020년 2월 2일 17시,일요일,부산광역시 강서구 신호동,경상사고,0,0,1,0,차대차 - 측면충돌,안전운전불이행,건조,맑음,교차로 - 교차로부근,승용,남,30세,상해없음,승용,남,63세,경상
2020020200100288,2020년 2월 2일 18시,일요일,부산광역시 동래구 온천동,중상사고,0,2,1,0,차대차 - 측면충돌,안전거리미확보,건조,맑음,교차로 - 교차로부근,승용,남,31세,상해없음,승합,남,63세,상해없음
2020020200100289,2020년 2월 2일 18시,일요일,부산광역시 해운대구 재송동,경상사고,0,0,2,0,차대차 - 정면충돌,교차로운행방법위반,건조,맑음,교차로 - 교차로안,승용,남,25세,상해없음,승용,남,35세,경상
2020020200100290,2020년 2월 2일 18시,일요일,부산광역시 연제구 연산동,부상신고사고,0,0,0,1,차대사람 - 길가장자리구역통행중,안전운전불이행,건조,맑음,단일로 - 기타,승용,남,59세,상해없음,보행자,남,15세,부상신고
2020020200100320,2020년 2월 2일 19시,일요일,부산광역시 기장군 일광면,중상사고,0,1,0,0,차대차 - 측면충돌,안전거리미확보,건조,맑음,단일로 - 기타,승용,남,31세,상해없음,이륜,남,33세,중상
2020020200100349,2020년 2월 2일 20시,일요일,부산광역시 부산진구 부전동,부상신고사고,0,0,0,1,차대차 - 기타,신호위반,건조,맑음,단일로 - 기타,이륜,남,16세,상해없음,승용,남,31세,상해없음
2020020200100350,2020년 2월 2일 20시,일요일,부산광역시 사하구 신평동,경상사고,0,0,1,0,차량단독 - 기타,안전운전불이행,건조,맑음,단일로 - 교량,승용,남,42세,경상,,,,
2020020200100366,2020년 2월 2일 21시,일요일,부산광역시 사상구 괘법동,경상사고,0,0,2,0,차대차 - 측면충돌,직진우회전진행방해,건조,맑음,교차로 - 교차로안,승용,남,54세,경상,이륜,남,32세,경상
2020020200100381,2020년 2월 2일 22시,일요일,부산광역시 금정구 노포동,경상사고,0,0,3,0,차대차 - 측면충돌,과속,건조,맑음,단일로 - 기타,승용,남,27세,상해없음,승용,여,58세,경상
2020020200100392,2020년 2월 2일 23시,일요일,부산광역시 사상구 엄궁동,경상사고,0,0,1,0,차대차 - 추돌,안전운전불이행,건조,맑음,단일로 - 기타,승용,남,59세,상해없음,승용,남,50세,상해없음
2020020300100043,2020년 2월 3일 07시,월요일,부산광역시 동구 범일동,경상사고,0,0,1,0,차대차 - 추돌,안전거리미확보,건조,맑음,단일로 - 기타,화물,남,48세,상해없음,승용,남,55세,경상
2020020300100044,2020년 2월 3일 07시,월요일,부산광역시 북구 만덕동,경상사고,0,0,2,0,차대차 - 기타,안전거리미확보,건조,맑음,단일로 - 기타,승용,남,62세,경상,화물,남,59세,경상
2020020300100045,2020년 2월 3일 07시,월요일,부산광역시 사하구 다대동,경상사고,0,0,1,0,차대차 - 추돌,안전운전불이행,건조,맑음,교차로 - 교차로안,승용,남,37세,상해없음,승용,남,30세,경상
2020020300100078,2020년 2월 3일 08시,월요일,부산광역시 서구 서대신동3가,경상사고,0,0,1,0,차대사람 - 기타,안전운전불이행,건조,맑음,단일로 - 기타,승용,남,43세,상해없음,보행자,남,59세,경상
2020020300100079,2020년 2월 3일 08시,월요일,부산광역시 서구 부민동1가,경상사고,0,0,2,0,차량단독 - 기타,안전운전불이행,건조,맑음,단일로 - 기타,승용,남,75세,상해없음,,,,
2020020300100106,2020년 2월 3일 09시,월요일,부산광역시 북구 구포동,중상사고,0,1,0,0,차대차 - 기타,신호위반,건조,맑음,교차로 - 교차로안,승합,여,59세,상해없음,이륜,남,67세,중상
2020020300100138,2020년 2월 3일 10시,월요일,부산광역시 해운대구 좌동,중상사고,0,1,0,0,차대차 - 추돌,안전운전불이행,건조,맑음,단일로 - 기타,화물,남,62세,상해없음,승용,남,42세,중상
2020020300100179,2020년 2월 3일 11시,월요일,부산광역시 남구 문현동,중상사고,0,1,0,0,차대사람 - 횡단중,안전운전불이행,건조,맑음,교차로 - 교차로안,승용,여,73세,상해없음,보행자,여,85세,중상
2020020300100228,2020년 2월 3일 12시,월요일,부산광역시 강서구 명지동,경상사고,0,0,1,0,차대차 - 측면충돌,신호위반,건조,맑음,교차로 - 교차로안,승용,남,63세,상해없음,자전거,남,57세,경상
2020020300100306,2020년 2월 3일 14시,월요일,부산광역시 해운대구 우동,경상사고,0,0,1,0,차대차 - 정면충돌,신호위반,건조,맑음,교차로 - 교차로부근,승용,남,53세,상해없음,이륜,남,37세,경상
2020020300100338,2020년 2월 3일 15시,월요일,부산광역시 해운대구 송정동,경상사고,0,0,1,0,차대차 - 측면충돌,안전운전불이행,건조,맑음,교차로 - 교차로안,승용,남,38세,상해없음,승용,남,53세,경상
2020020300100339,2020년 2월 3일 15시,월요일,부산광역시 사하구 장림동,경상사고,0,0,2,0,차대차 - 추돌,안전거리미확보,건조,맑음,단일로 - 기타,승용,남,28세,상해없음,승용,여,39세,경상
2020020300100340,2020년 2월 3일 15시,월요일,부산광역시 연제구 연산동,중상사고,0,1,0,0,차대사람 - 횡단중,안전운전불이행,건조,맑음,단일로 - 기타,승용,여,32세,상해없음,보행자,여,59세,중상
2020020300100341,2020년 2월 3일 15시,월요일,부산광역시 강서구 명지동,경상사고,0,0,1,0,차대차 - 기타,안전거리미확보,건조,맑음,단일로 - 교량,화물,남,55세,기타불명,승용,남,69세,경상
2020020300100373,2020년 2월 3일 16시,월요일,부산광역시 부산진구 범천동,부상신고사고,0,0,0,1,차대차 - 추돌,안전운전불이행,건조,맑음,기타 - 기타,이륜,남,64세,부상신고,화물,남,50세,상해없음
2020020300100401,2020년 2월 3일 17시,월요일,부산광역시 영도구 봉래동1가,경상사고,0,0,1,0,차대차 - 기타,안전운전불이행,건조,맑음,교차로 - 교차로안,화물,남,64세,상해없음,자전거,남,58세,경상
2020020300100402,2020년 2월 3일 17시,월요일,부산광역시 수영구 망미동,중상사고,0,1,0,0,차대차 - 기타,신호위반,건조,맑음,교차로 - 교차로안,승용,여,51세,상해없음,승용,여,57세,중상
2020020300100439,2020년 2월 3일 18시,월요일,부산광역시 해운대구 좌동,경상사고,0,0,1,0,차대차 - 측면충돌,안전운전불이행,건조,맑음,단일로 - 기타,승용,남,51세,상해없음,이륜,남,34세,경상
2020020300100440,2020년 2월 3일 18시,월요일,부산광역시 연제구 연산동,경상사고,0,0,1,1,차대차 - 기타,기타,건조,맑음,단일로 - 지하차도(도로)내,승용,남,61세,경상,이륜,남,23세,부상신고
2020020300100521,2020년 2월 3일 20시,월요일,부산광역시 금정구 구서동,경상사고,0,0,2,0,차대차 - 기타,중앙선침범,건조,맑음,단일로 - 기타,승용,남,52세,상해없음,승용,남,25세,경상
2020020300100571,2020년 2월 3일 22시,월요일,부산광역시 동래구 안락동,경상사고,0,0,1,0,차대차 - 기타,안전운전불이행,건조,맑음,단일로 - 기타,승용,남,58세,상해없음,승용,남,67세,경상
2020020400100004,2020년 2월 4일 00시,화요일,부산광역시 남구 감만동,경상사고,0,0,1,0,차량단독 - 공작물충돌,안전운전불이행,건조,맑음,단일로 - 기타,승용,남,43세,경상,,,,