사고번호,사고일시,요일,시군구,사고내용,사망자수,중상자수,경상자수,부상신고자수,사고유형,법규위반,노면상태,기상상태,도로형태,가해운전자 차종,가해운전자 성별,가해운전자 연령,가해운전자 상해정도,피해운전자 차종,피해운전자 성별,피해운전자 연령,피해운전자 상해정도
2020021400100214,2020년 2월 14일 12시,금요일,부산광역시 수영구 남천동,경상사고,0,0,2,0,차대차 - 측면충돌,안전운전불이행,건조,맑음,기타 - 기타,승용,남,60세,상해없음,승용,남,36세,경상
2020021400100215,2020년 2월 14일 12시,금요일,부산광역시 강서구 강동동,경상사고,0,0,1,0,차대차 - 추돌,안전운전불이행,건조,맑음,단일로 - 기타,건설기계,남,57세,상해없음,승용,남,50세,경상
2020021400100247,2020년 2월 14일 13시,금요일,부산광역시 부산진구 양정동,중상사고,0,1,1,0,차대차 - 측면충돌,직진우회전진행방해,건조,맑음,교차로 - 교차로안,이륜,남,16세,경상,승용,남,22세,중상
2020021400100248,2020년 2월 14일 13시,금요일,부산광역시 부산진구 부암동,중상사고,0,1,2,0,차대차 - 측면충돌,신호위반,건조,맑음,교차로 - 교차로안,승용,남,65세,상해없음,승합,남,39세,경상
2020021400100249,2020년 2월 14일 13시,금요일,부산광역시 연제구 연산동,경상사고,0,0,1,0,차대사람 - 횡단중,보행자보호의무위반,건조,맑음,단일로 - 기타,이륜,남,68세,상해없음,보행자,여,7세,경상
2020021400100250,2020년 2월 14일 13시,금요일,부산광역시 강서구 대저2동,경상사고,0,0,1,0,차대차 - 기타,안전운전불이행,건조,맑음,교차로 - 교차로부근,승용,남,36세,상해없음,승용,여,39세,경상
2020021400100292,2020년 2월 14일 14시,금요일,부산광역시 부산진구 개금동,경상사고,0,0,3,0,차대차 - 측면충돌,안전거리미확보,건조,맑음,교차로 - 교차로안,승용,여,22세,상해없음,승용,남,64세,경상
2020021400100293,2020년 2월 14일 14시,금요일,부산광역시 사상구 감전동,부상신고사고,0,0,0,1,차대차 - 측면충돌,차로위반,건조,맑음,단일로 - 기타,승합,남,39세,상해없음,승용,남,42세,부상신고
2020021400100332,2020년 2월 14일 15시,금요일,부산광역시 남구 문현동,경상사고,0,0,1,0,차대사람 - 보도통행중,기타,건조,맑음,기타 - 기타,화물,남,41세,상해없음,보행자,여,52세,경상
2020021400100333,2020년 2월 14일 15시,금요일,부산광역시 수영구 민락동,경상사고,0,0,1,0,차대차 - 측면충돌,안전운전불이행,건조,맑음,단일로 - 기타,승용,남,24세,상해없음,승용,남,55세,경상
2020021400100334,2020년 2월 14일 15시,금요일,부산광역시 영도구 남항동1가,경상사고,0,0,1,0,차대사람 - 기타,기타,건조,맑음,단일로 - 기타,승합,남,46세,상해없음,보행자,남,55세,경상
2020021400100372,2020년 2월 14일 16시,금요일,부산광역시 영도구 남항동3가,경상사고,0,0,1,0,차대차 - 측면충돌,안전운전불이행,건조,맑음,교차로 - 교차로안,승용,남,50세,상해없음,승용,여,45세,경상
2020021400100373,2020년 2월 14일 16시,금요일,부산광역시 해운대구 우동,경상사고,0,0,1,0,차대사람 - 보도통행중,보행자보호의무위반,건조,맑음,단일로 - 기타,승용,남,70세,상해없음,보행자,남,30세,경상
2020021400100452,2020년 2월 14일 18시,금요일,부산광역시 동구 범일동,경상사고,0,0,1,0,차대차 - 추돌,안전운전불이행,건조,맑음,단일로 - 기타,승용,남,68세,상해없음,승용,여,40세,경상
2020021400100453,2020년 2월 14일 18시,금요일,부산광역시 수영구 광안동,중상사고,0,1,0,0,차대사람 - 기타,보행자보호의무위반,건조,맑음,교차로 - 교차로부근,화물,남,26세,상해없음,보행자,여,71세,중상
2020021400100454,2020년 2월 14일 18시,금요일,부산광역시 동래구 사직동,경상사고,0,0,1,0,차대차 - 측면충돌,안전운전불이행,건조,맑음,단일로 - 기타,승용,남,32세,상해없음,승용,남,25세,경상
2020021400100455,2020년 2월 14일 18시,금요일,부산광역시 동래구 명장동,경상사고,0,0,1,0,차대차 - 추돌,안전운전불이행,건조,맑음,교차로 - 교차로부근,승용,남,59세,기타불명,승용,여,32세,경상
2020021400100456,2020년 2월 14일 18시,금요일,부산광역시 영도구 봉래동2가,중상사고,0,1,0,0,차대사람 - 길가장자리구역통행중,안전운전불이행,건조,맑음,교차로 - 교차로부근,승용,남,22세,상해없음,보행자,여,78세,중상
2020021400100457,2020년 2월 14일 18시,금요일,부산광역시 강서구 지사동,경상사고,0,0,1,0,차대차 - 기타,중앙선침범,건조,맑음,단일로 - 기타,승용,여,37세,기타불명,승용,남,39세,경상
2020021400100508,2020년 2월 14일 19시,금요일,부산광역시 동래구 온천동,경상사고,0,0,1,0,차대차 - 후진중충돌,안전운전불이행,건조,맑음,단일로 - 기타,승용,남,59세,상해없음,승용,여,23세,경상
2020021400100509,2020년 2월 14일 19시,금요일,부산광역시 부산진구 양정동,경상사고,0,0,4,0,차대차 - 추돌,안전운전불이행,건조,맑음,단일로 - 기타,화물,남,59세,상해없음,화물,남,59세,경상
2020021400100510,2020년 2월 14일 19시,금요일,부산광역시 연제구 거제동,경상사고,0,0,2,0,차대차 - 측면충돌,기타,건조,맑음,교차로 - 교차로안,승용,여,49세,기타불명,승용,여,72세,기타불명
2020021400100511,2020년 2월 14일 19시,금요일,부산광역시 사상구 삼락동,경상사고,0,0,1,0,차대차 - 추돌,안전운전불이행,건조,맑음,단일로 - 기타,화물,남,42세,상해없음,승용,여,50세,경상
2020021400100551,2020년 2월 14일 20시,금요일,부산광역시 중구 부평동4가,부상신고사고,0,0,0,1,차대차 - 측면충돌,안전운전불이행,건조,맑음,교차로 - 교차로안,이륜,남,18세,부상신고,승용,남,57세,상해없음
2020021400100552,2020년 2월 14일 20시,금요일,부산광역시 사하구 감천동,경상사고,0,0,2,0,차대차 - 기타,안전운전불이행,건조,맑음,단일로 - 기타,승용,여,30세,상해없음,승용,남,58세,경상
2020021400100553,2020년 2월 14일 20시,금요일,부산광역시 연제구 연산동,중상사고,0,1,0,0,차대차 - 기타,신호위반,건조,맑음,교차로 - 교차로안,승용,남,30세,상해없음,이륜,남,21세,중상
2020021400100590,2020년 2월 14일 21시,금요일,부산광역시 동구 범일동,경상사고,0,0,1,0,차대차 - 기타,안전운전불이행,건조,맑음,단일로 - 기타,승용,여,38세,경상,승용,남,73세,상해없음
2020021400100591,2020년 2월 14일 21시,금요일,부산광역시 북구 구포동,중상사고,0,1,0,0,차대사람 - 기타,안전운전불이행,건조,맑음,단일로 - 기타,승용,남,50세,상해없음,보행자,남,59세,중상
2020021400100592,2020년 2월 14일 21시,금요일,부산광역시 동래구 안락동,중상사고,0,1,0,0,차대차 - 추돌,안전운전불이행,건조,맑음,단일로 - 기타,승용,남,62세,상해없음,이륜,남,41세,중상
2020021400100622,2020년 2월 14일 22시,금요일,부산광역시 남구 문현동,중상사고,0,1,1,0,차대차 - 측면충돌,안전운전불이행,건조,맑음,단일로 - 기타,승용,남,36세,상해없음,승용,남,51세,경상
2020021400100623,2020년 2월 14일 22시,금요일,부산광역시 동래구 온천동,경상사고,0,0,2,0,차대차 - 기타,안전거리미확보,건조,맑음,단일로 - 기타,승용,남,58세,상해없음,승용,남,59세,경상
2020021400100624,2020년 2월 14일 22시,금요일,부산광역시 연제구 연산동,부상신고사고,0,0,0,1,차대차 - 기타,안전운전불이행,건조,맑음,단일로 - 기타,이륜,남,65세,부상신고,승용,남,67세,상해없음
2020021400100625,2020년 2월 14일 22시,금요일,부산광역시 연제구 거제동,경상사고,0,0,1,0,차대차 - 측면충돌,교차로운행방법위반,건조,맑음,교차로 - 교차로안,승용,남,49세,기타불명,승용,남,64세,경상
2020021400100649,2020년 2월 14일 23시,금요일,부산광역시 수영구 광안동,경상사고,0,0,2,0,차대차 - 기타,안전운전불이행,건조,맑음,교차로 - 교차로부근,승용,남,19세,상해없음,승용,남,63세,경상
2020021400100650,2020년 2월 14일 23시,금요일,부산광역시 북구 구포동,경상사고,0,0,1,1,차대차 - 측면충돌,안전운전불이행,건조,맑음,교차로 - 교차로안,승용,남,56세,상해없음,승합,남,47세,경상
2020021400100651,2020년 2월 14일 23시,금요일,부산광역시 부산진구 초읍동,중상사고,0,1,0,0,차대사람 - 기타,기타,건조,맑음,단일로 - 기타,승용,남,37세,상해없음,보행자,남,45세,중상
2020021400100652,2020년 2월 14일 23시,금요일,부산광역시 연제구 거제동,경상사고,0,0,1,0,차대차 - 추돌,교차로운행방법위반,건조,맑음,교차로 - 교차로안,승용,여,30세,상해없음,승용,남,45세,경상
2020021500100004,2020년 2월 15일 00시,토요일,부산광역시 중구 부평동3가,경상사고,0,0,1,0,차대사람 - 차도통행중,안전운전불이행,건조,흐림,교차로 - 교차로안,승용,남,52세,상해없음,보행자,남,60세,경상
2020021500100031,2020년 2월 15일 01시,토요일,부산광역시 수영구 광안동,경상사고,0,0,4,0,차대차 - 추돌,안전운전불이행,건조,맑음,단일로 - 기타,승용,남,56세,상해없음,승용,남,53세,상해없음
2020021500100032,2020년 2월 15일 01시,토요일,부산광역시 부산진구 개금동,중상사고,0,1,1,0,차대차 - 정면충돌,신호위반,건조,맑음,교차로 - 교차로안,이륜,남,19세,기타불명,승용,남,61세,경상
2020021500100094,2020년 2월 15일 06시,토요일,부산광역시 기장군 정관읍,경상사고,0,0,1,0,차대사람 - 기타,보행자보호의무위반,건조,기타,교차로 - 교차로횡단보도내,승용,남,39세,상해없음,보행자,여,19세,경상
2020021500100108,2020년 2월 15일 08시,토요일,부산광역시 부산진구 부전동,경상사고,0,0,1,0,차대차 - 측면충돌,안전운전불이행,건조,맑음,단일로 - 기타,승용,남,54세,상해없음,화물,남,28세,경상
2020021500100145,2020년 2월 15일 10시,토요일,부산광역시 기장군 기장읍,경상사고,0,0,1,0,차대차 - 측면충돌,직진우회전진행방해,건조,맑음,교차로 - 교차로안,승용,남,78세,상해없음,승용,남,62세,경상
2020021500100176,2020년 2월 15일 11시,토요일,부산광역시 해운대구 좌동,부상신고사고,0,0,0,1,차대차 - 추돌,안전운전불이행,건조,맑음,교차로 - 교차로부근,기타불명,기타불명,미분류,기타불명,승용,여,53세,부상신고
2020021500100177,2020년 2월 15일 11시,토요일,부산광역시 해운대구 우동,중상사고,0,1,0,0,차대차 - 측면충돌,안전운전불이행,건조,맑음,교차로 - 교차로안,승용,남,25세,상해없음,자전거,남,48세,중상
2020021500100178,2020년 2월 15일 11시,토요일,부산광역시 해운대구 우동,경상사고,0,0,2,0,차대차 - 측면충돌,안전거리미확보,건조,맑음,교차로 - 교차로부근,화물,남,50세,기타불명,승용,남,61세,경상
2020021500100179,2020년 2월 15일 11시,토요일,부산광역시 금정구 장전동,경상사고,0,0,1,0,차대차 - 기타,교차로운행방법위반,건조,맑음,교차로 - 교차로부근,승용,남,50세,상해없음,승용,여,59세,경상
2020021500100180,2020년 2월 15일 11시,토요일,부산광역시 강서구 신호동,경상사고,0,0,1,0,차대사람 - 횡단중,보행자보호의무위반,건조,맑음,교차로 - 교차로부근,승용,남,62세,상해없음,보행자,남,68세,경상
2020021500100208,2020년 2월 15일 12시,토요일,부산광역시 북구 덕천동,경상사고,0,0,1,0,차대사람 - 기타,안전운전불이행,건조,맑음,교차로 - 교차로안,이륜,남,30세,상해없음,보행자,여,45세,경상
2020021500100209,2020년 2월 15일 12시,토요일,부산광역시 동래구 복천동,경상사고,0,0,3,0,차대차 - 측면충돌,안전운전불이행,건조,맑음,단일로 - 기타,승용,여,35세,상해없음,승용,남,41세,경상
2020021500100210,2020년 2월 15일 12시,토요일,부산광역시 사하구 괴정동,경상사고,0,0,1,0,차대차 - 추돌,안전거리미확보,건조,맑음,단일로 - 기타,승용,남,27세,상해없음,승용,남,35세,상해없음
2020021500100211,2020년 2월 15일 12시,토요일,부산광역시 사상구 학장동,중상사고,0,1,0,0,차대차 - 측면충돌,신호위반,건조,맑음,교차로 - 교차로안,화물,남,48세,상해없음,이륜,남,57세,중상
2020021500100243,2020년 2월 15일 13시,토요일,부산광역시 남구 용호동,경상사고,0,0,1,0,차대사람 - 기타,신호위반,건조,맑음,교차로 - 교차로횡단보도내,승용,남,77세,상해없음,보행자,남,71세,경상
2020021500100244,2020년 2월 15일 13시,토요일,부산광역시 북구 만덕동,경상사고,0,0,1,0,차대차 - 기타,직진우회전진행방해,건조,맑음,교차로 - 교차로안,승용,남,61세,상해없음,승합,남,69세,상해없음
2020021500100245,2020년 2월 15일 13시,토요일,부산광역시 부산진구 범전동,경상사고,0,0,1,0,차대사람 - 기타,안전운전불이행,건조,맑음,주차장 - 주차장,승용,남,34세,상해없음,보행자,남,68세,경상
2020021500100246,2020년 2월 15일 13시,토요일,부산광역시 부산진구 부전동,중상사고,0,1,0,0,차대사람 - 차도통행중,안전운전불이행,건조,맑음,교차로 - 교차로부근,이륜,남,28세,상해없음,보행자,여,81세,중상
2020021500100272,2020년 2월 15일 14시,토요일,부산광역시 부산진구 범천동,경상사고,0,0,1,0,차대차 - 측면충돌,차로위반,건조,맑음,단일로 - 기타,승용,남,43세,상해없음,이륜,남,44세,경상
2020021500100273,2020년 2월 15일 14시,토요일,부산광역시 사하구 장림동,중상사고,0,2,1,0,차대차 - 기타,안전운전불이행,건조,맑음,교차로 - 교차로부근,승용,남,65세,경상,화물,남,63세,중상
2020021500100274,2020년 2월 15일 14시,토요일,부산광역시 연제구 거제동,중상사고,0,1,0,0,차대사람 - 차도통행중,보행자보호의무위반,건조,맑음,교차로 - 교차로안,승용,남,67세,상해없음,보행자,남,73세,중상
2020021500100275,2020년 2월 15일 14시,토요일,부산광역시 강서구 송정동,경상사고,0,0,2,0,차대차 - 추돌,안전운전불이행,건조,맑음,교차로 - 교차로부근,승용,남,36세,상해없음,승용,여,39세,경상
2020021500100306,2020년 2월 15일 15시,토요일,부산광역시 동구 좌천동,경상사고,0,0,1,0,차대차 - 추돌,안전운전불이행,건조,맑음,단일로 - 기타,건설기계,남,58세,상해없음,승용,여,60세,경상
2020021500100332,2020년 2월 15일 16시,토요일,부산광역시 수영구 민락동,경상사고,0,0,1,0,차대사람 - 횡단중,보행자보호의무위반,건조,맑음,단일로 - 기타,승용,여,26세,상해없음,보행자,남,70세,경상
2020021500100333,2020년 2월 15일 16시,토요일,부산광역시 수영구 광안동,경상사고,0,0,1,0,차대차 - 기타,안전운전불이행,건조,맑음,단일로 - 기타,승용,여,59세,상해없음,화물,남,38세,경상
2020021500100334,2020년 2월 15일 16시,토요일,부산광역시 사상구 괘법동,중상사고,0,1,0,0,차대차 - 기타,안전거리미확보,건조,맑음,단일로 - 기타,승용,여,63세,상해없음,승용,남,58세,상해없음
2020021500100366,2020년 2월 15일 17시,토요일,부산광역시 금정구 장전동,경상사고,0,0,1,0,차대사람 - 기타,보행자보호의무위반,건조,맑음,기타 - 기타,승용,남,57세,상해없음,보행자,남,61세,경상
2020021500100368,2020년 2월 15일 17시,토요일,부산광역시 금정구 서동,중상사고,0,1,0,0,차대차 - 기타,안전운전불이행,건조,맑음,단일로 - 기타,승용,남,73세,상해없음,이륜,남,38세,중상
2020021500100369,2020년 2월 15일 17시,토요일,부산광역시 기장군 기장읍,경상사고,0,0,3,0,차대차 - 기타,안전운전불이행,건조,맑음,교차로 - 교차로안,화물,남,66세,상해없음,승용,남,35세,경상
2020021500100451,2020년 2월 15일 19시,토요일,부산광역시 해운대구 반여동,중상사고,0,1,0,0,차대차 - 측면충돌,안전운전불이행,건조,맑음,교차로 - 교차로안,화물,남,61세,상해없음,원동기,남,41세,중상
2020021500100452,2020년 2월 15일 19시,토요일,부산광역시 기장군 기장읍,경상사고,0,0,3,0,차대차 - 측면충돌,교차로운행방법위반,건조,맑음,교차로 - 교차로안,승용,남,27세,상해없음,승용,남,31세,경상
2020021500100482,2020년 2월 15일 20시,토요일,부산광역시 중구 남포동6가,중상사고,0,1,0,0,차대사람 - 차도통행중,안전운전불이행,건조,맑음,교차로 - 교차로부근,승용,남,57세,상해없음,보행자,남,73세,중상
2020021500100483,2020년 2월 15일 20시,토요일,부산광역시 부산진구 전포동,경상사고,0,0,1,0,차대차 - 기타,교차로운행방법위반,건조,기타,교차로 - 교차로부근,기타불명,기타불명,미분류,기타불명,승용,남,37세,경상
2020021500100519,2020년 2월 15일 21시,토요일,부산광역시 중구 부평동2가,경상사고,0,0,1,0,차대차 - 측면충돌,안전운전불이행,건조,맑음,단일로 - 기타,승용,남,70세,상해없음,이륜,남,21세,경상
2020021500100520,2020년 2월 15일 21시,토요일,부산광역시 연제구 연산동,중상사고,0,2,1,0,차대차 - 측면충돌,안전거리미확보,건조,맑음,단일로 - 기타,승용,남,19세,상해없음,승용,남,62세,경상
2020021500100556,2020년 2월 15일 22시,토요일,부산광역시 금정구 부곡동,중상사고,0,1,1,0,차대차 - 측면충돌,안전운전불이행,건조,맑음,단일로 - 기타,승용,여,22세,상해없음,승용,남,47세,기타불명
2020021500100557,2020년 2월 15일 22시,토요일,부산광역시 사하구 괴정동,경상사고,0,0,1,0,차대차 - 기타,안전거리미확보,건조,맑음,단일로 - 지하차도(도로)내,승용,남,22세,상해없음,승용,남,61세,경상
2020021600100008,2020년 2월 16일 00시,일요일,부산광역시 강서구 명지동,경상사고,0,0,1,0,차대차 - 기타,신호위반,건조,맑음,교차로 - 교차로안,이륜,남,17세,상해없음,승용,남,38세,상해없음
2020021600100009,2020년 2월 16일 00시,일요일,부산광역시 사상구 모라동,경상사고,0,0,1,0,차대차 - 측면충돌,신호위반,건조,맑음,단일로 - 기타,승용,남,66세,상해없음,이륜,남,52세,경상
2020021600100075,2020년 2월 16일 03시,일요일,부산광역시 부산진구 부전동,중상사고,0,1,0,0,차대사람 - 차도통행중,안전운전불이행,건조,맑음,단일로 - 기타,승용,남,47세,상해없음,보행자,남,33세,중상
2020021600100139,2020년 2월 16일 08시,일요일,부산광역시 중구 부평동2가,중상사고,0,1,0,0,차대사람 - 차도통행중,안전운전불이행,건조,맑음,교차로 - 교차로부근,화물,남,70세,상해없음,보행자,여,60세,중상
2020021600100140,2020년 2월 16일 08시,일요일,부산광역시 남구 대연동,경상사고,0,0,1,0,차대차 - 측면충돌,안전운전불이행,건조,맑음,교차로 - 교차로안,승용,남,62세,경상,화물,남,51세,상해없음
2020021600100161,2020년 2월 16일 10시,일요일,부산광역시 연제구 거제동,중상사고,0,1,0,0,차대사람 - 길가장자리구역통행중,안전운전불이행,젖음/습기,맑음,단일로 - 기타,승용,여,49세,상해없음,보행자,여,73세,중상
2020021600100226,2020년 2월 16일 13시,일요일,부산광역시 수영구 광안동,중상사고,0,1,0,0,차대차 - 측면충돌,안전운전불이행,건조,맑음,단일로 - 기타,승용,남,41세,상해없음,원동기,남,39세,중상
2020021600100227,2020년 2월 16일 13시,일요일,부산광역시 부산진구 전포동,중상사고,0,1,1,0,차대차 - 기타,안전거리미확보,건조,맑음,단일로 - 기타,승용,남,39세,상해없음,승용,남,45세,중상
2020021600100228,2020년 2월 16일 13시,일요일,부산광역시 사상구 삼락동,중상사고,0,1,1,0,차대차 - 기타,안전운전불이행,건조,맑음,단일로 - 기타,승용,남,60세,중상,승용,여,52세,경상
2020021600100229,2020년 2월 16일 13시,일요일,부산광역시 기장군 기장읍,경상사고,0,0,9,0,차대차 - 측면충돌,차로위반,건조,맑음,단일로 - 기타,승용,남,27세,상해없음,승용,남,47세,경상
2020021600100254,2020년 2월 16일 14시,일요일,부산광역시 북구 화명동,경상사고,0,0,2,0,차대차 - 측면충돌,안전운전불이행,건조,맑음,교차로 - 교차로안,승용,남,36세,상해없음,승용,남,52세,경상
2020021600100276,2020년 2월 16일 15시,일요일,부산광역시 서구 부민동1가,중상사고,0,1,0,0,차대사람 - 차도통행중,안전운전불이행,건조,맑음,교차로 - 교차로안,승합,남,45세,상해없음,보행자,남,50세,중상
2020021600100277,2020년 2월 16일 15시,일요일,부산광역시 북구 덕천동,경상사고,0,0,2,0,차대차 - 기타,안전운전불이행,건조,맑음,교차로 - 교차로안,화물,남,40세,상해없음,승용,남,33세,경상
2020021600100299,2020년 2월 16일 16시,일요일,부산광역시 동구 초량동,경상사고,0,0,3,0,차대차 - 기타,교차로운행방법위반,건조,맑음,교차로 - 교차로안,승용,남,64세,상해없음,화물,남,54세,경상
2020021600100300,2020년 2월 16일 16시,일요일,부산광역시 부산진구 범전동,부상신고사고,0,0,0,1,차대사람 - 기타,안전운전불이행,건조,맑음,기타 - 기타,승합,남,55세,상해없음,보행자,여,63세,부상신고
2020021600100301,2020년 2월 16일 16시,일요일,부산광역시 사상구 주례동,경상사고,0,0,1,0,차대사람 - 길가장자리구역통행중,안전운전불이행,건조,맑음,단일로 - 기타,승용,남,64세,상해없음,보행자,남,59세,경상
2020021600100302,2020년 2월 16일 16시,일요일,부산광역시 기장군 일광면,경상사고,0,0,2,0,차대차 - 기타,안전운전불이행,건조,맑음,단일로 - 기타,승합,남,40세,상해없음,승용,여,37세,경상
2020021600100327,2020년 2월 16일 17시,일요일,부산광역시 부산진구 부전동,중상사고,0,1,0,0,차대사람 - 기타,안전운전불이행,건조,맑음,기타 - 기타,이륜,남,25세,상해없음,보행자,남,59세,중상
2020021600100328,2020년 2월 16일 17시,일요일,부산광역시 사상구 감전동,부상신고사고,0,0,0,1,차대차 - 기타,안전운전불이행,건조,맑음,교차로 - 교차로안,승용,남,25세,상해없음,승용,남,52세,부상신고
2020021600100362,2020년 2월 16일 18시,일요일,부산광역시 남구 대연동,중상사고,0,1,0,0,차대차 - 측면충돌,신호위반,건조,맑음,교차로 - 교차로안,승용,남,18세,상해없음,이륜,남,25세,중상
2020021600100363,2020년 2월 16일 18시,일요일,부산광역시 북구 덕천동,경상사고,0,0,1,0,차대차 - 기타,신호위반,건조,맑음,교차로 - 교차로안,이륜,남,17세,상해없음,이륜,남,35세,경상
2020021600100364,2020년 2월 16일 18시,일요일,부산광역시 부산진구 범천동,경상사고,0,0,1,0,차대차 - 측면충돌,신호위반,건조,맑음,교차로 - 교차로안,승용,남,42세,상해없음,승용,남,63세,경상
2020021600100365,2020년 2월 16일 18시,일요일,부산광역시 금정구 구서동,중상사고,0,1,0,0,차대차 - 추돌,안전운전불이행,건조,맑음,단일로 - 기타,승용,남,55세,상해없음,이륜,남,30세,중상
2020021600100421,2020년 2월 16일 20시,일요일,부산광역시 남구 대연동,경상사고,0,0,1,0,차대사람 - 기타,안전운전불이행,젖음/습기,맑음,단일로 - 기타,이륜,남,23세,상해없음,보행자,여,59세,경상
2020021600100422,2020년 2월 16일 20시,일요일,부산광역시 남구 대연동,경상사고,0,0,1,0,차대사람 - 보도통행중,보행자보호의무위반,건조,맑음,기타 - 기타,승용,여,49세,상해없음,보행자,남,80세,경상
2020021600100423,2020년 2월 16일 20시,일요일,부산광역시 부산진구 전포동,중상사고,0,1,0,0,차대차 - 기타,안전운전불이행,건조,맑음,단일로 - 기타,승용,남,22세,상해없음,원동기,남,35세,중상
2020021600100451,2020년 2월 16일 21시,일요일,부산광역시 부산진구 부전동,경상사고,0,0,2,0,차대차 - 측면충돌,신호위반,건조,맑음,교차로 - 교차로안,승용,남,26세,상해없음,승합,남,38세,상해없음
2020021600100452,2020년 2월 16일 21시,일요일,부산광역시 부산진구 당감동,중상사고,0,1,0,0,차대차 - 측면충돌,교차로운행방법위반,건조,맑음,단일로 - 기타,승용,여,63세,상해없음,이륜,남,34세,중상
2020021600100453,2020년 2월 16일 21시,일요일,부산광역시 사하구 하단동,경상사고,0,0,1,0,차대차 - 측면충돌,안전거리미확보,건조,맑음,단일로 - 교량,승용,남,82세,상해없음,승용,남,63세,경상
2020021600100454,2020년 2월 16일 21시,일요일,부산광역시 연제구 연산동,중상사고,0,1,0,0,차대사람 - 기타,안전운전불이행,건조,맑음,교차로 - 교차로부근,승용,남,53세,상해없음,보행자,여,76세,중상
2020021600100455,2020년 2월 16일 21시,일요일,부산광역시 기장군 철마면,중상사고,0,1,0,0,차대차 - 추돌,안전운전불이행,건조,맑음,교차로 - 교차로부근,화물,남,64세,상해없음,승용,남,71세,중상
2020021600100473,2020년 2월 16일 22시,일요일,부산광역시 연제구 거제동,사망사고,1,0,0,0,차대사람 - 차도통행중,과속,건조,맑음,단일로 - 기타,승용,남,48세,상해없음,보행자,남,77세,사망
2020021600100488,2020년 2월 16일 23시,일요일,부산광역시 영도구 남항동1가,경상사고,0,0,2,1,차대차 - 기타,안전운전불이행,건조,맑음,단일로 - 기타,승용,남,26세,부상신고,승용,남,64세,경상
2020021700100074,2020년 2월 17일 08시,월요일,부산광역시 남구 감만동,중상사고,0,1,0,0,차대사람 - 횡단중,안전운전불이행,건조,맑음,단일로 - 기타,승용,남,28세,상해없음,보행자,여,53세,중상
2020021700100075,2020년 2월 17일 08시,월요일,부산광역시 연제구 연산동,중상사고,0,1,0,0,차대사람 - 횡단중,보행자보호의무위반,건조,맑음,교차로 - 교차로안,승용,여,46세,상해없음,보행자,남,67세,중상
2020021700100076,2020년 2월 17일 08시,월요일,부산광역시 사상구 학장동,경상사고,0,0,1,0,차대사람 - 차도통행중,안전운전불이행,건조,맑음,교차로 - 교차로안,승용,남,21세,상해없음,보행자,남,29세,경상
2020021700100125,2020년 2월 17일 09시,월요일,부산광역시 남구 문현동,경상사고,0,0,1,0,차대차 - 측면충돌,안전거리미확보,건조,맑음,단일로 - 기타,특수,남,38세,상해없음,승용,여,62세,경상
2020021700100126,2020년 2월 17일 09시,월요일,부산광역시 해운대구 송정동,경상사고,0,0,1,0,차대차 - 기타,안전거리미확보,건조,맑음,기타 - 기타,특수,남,53세,상해없음,승용,여,32세,상해없음
2020021700100127,2020년 2월 17일 09시,월요일,부산광역시 연제구 거제동,경상사고,0,0,1,0,차대차 - 추돌,안전운전불이행,건조,맑음,단일로 - 기타,승용,남,38세,상해없음,승용,남,58세,상해없음
2020021700100128,2020년 2월 17일 09시,월요일,부산광역시 사상구 감전동,경상사고,0,0,1,0,차대차 - 추돌,안전운전불이행,건조,맑음,단일로 - 기타,승용,남,29세,상해없음,승용,남,41세,경상
2020021700100162,2020년 2월 17일 10시,월요일,부산광역시 사하구 장림동,중상사고,0,1,0,0,차대사람 - 보도통행중,기타,건조,맑음,기타 - 기타,승용,남,44세,상해없음,보행자,여,55세,중상
2020021700100198,2020년 2월 17일 11시,월요일,부산광역시 동래구 명장동,경상사고,0,0,1,0,차대사람 - 횡단중,보행자보호의무위반,건조,맑음,교차로 - 교차로횡단보도내,승용,남,66세,상해없음,보행자,여,55세,경상
2020021700100199,2020년 2월 17일 11시,월요일,부산광역시 부산진구 부전동,경상사고,0,0,1,0,차대차 - 추돌,안전운전불이행,건조,맑음,단일로 - 기타,승합,남,58세,상해없음,승용,여,34세,경상
2020021700100200,2020년 2월 17일 11시,월요일,부산광역시 기장군 정관읍,중상사고,0,1,0,0,차대차 - 측면충돌,안전운전불이행,건조,맑음,교차로 - 교차로안,승용,여,63세,상해없음,승용,여,41세,중상
2020021700100201,2020년 2월 17일 11시,월요일,부산광역시 기장군 기장읍,경상사고,0,0,1,0,차대차 - 측면충돌,교차로운행방법위반,건조,맑음,교차로 - 교차로안,승용,남,58세,상해없음,승용,남,39세,경상
2020021700100265,2020년 2월 17일 13시,월요일,부산광역시 해운대구 우동,중상사고,0,1,0,0,차대차 - 측면충돌,안전거리미확보,건조,맑음,교차로 - 교차로안,승용,남,62세,기타불명,승용,여,54세,상해없음
2020021700100266,2020년 2월 17일 13시,월요일,부산광역시 부산진구 개금동,경상사고,0,0,1,0,차대사람 - 횡단중,보행자보호의무위반,건조,맑음,단일로 - 기타,승용,남,59세,상해없음,보행자,여,41세,경상