사고번호,사고일시,요일,시군구,사고내용,사망자수,중상자수,경상자수,부상신고자수,사고유형,법규위반,노면상태,기상상태,도로형태,가해운전자 차종,가해운전자 성별,가해운전자 연령,가해운전자 상해정도,피해운전자 차종,피해운전자 성별,피해운전자 연령,피해운전자 상해정도
2020022100100200,2020년 2월 21일 10시,금요일,부산광역시 기장군 정관읍,경상사고,0,0,2,0,차대차 - 추돌,안전운전불이행,건조,맑음,기타 - 기타,승용,여,43세,기타불명,승용,여,59세,경상
2020022100100252,2020년 2월 21일 12시,금요일,부산광역시 금정구 장전동,중상사고,0,1,1,0,차대차 - 측면충돌,안전운전불이행,건조,맑음,단일로 - 기타,승용,남,39세,상해없음,이륜,남,43세,경상
2020022100100253,2020년 2월 21일 12시,금요일,부산광역시 강서구 대저2동,경상사고,0,0,1,0,차대차 - 측면충돌,안전거리미확보,건조,맑음,단일로 - 기타,건설기계,남,43세,상해없음,승용,여,38세,경상
2020022100100254,2020년 2월 21일 12시,금요일,부산광역시 사상구 엄궁동,중상사고,0,1,0,0,차대차 - 추돌,신호위반,건조,맑음,단일로 - 기타,승용,남,55세,상해없음,이륜,남,34세,중상
2020022100100280,2020년 2월 21일 13시,금요일,부산광역시 해운대구 우동,경상사고,0,0,1,0,차대차 - 측면충돌,안전운전불이행,건조,맑음,단일로 - 기타,이륜,남,33세,경상,승용,남,45세,상해없음
2020022100100281,2020년 2월 21일 13시,금요일,부산광역시 부산진구 가야동,경상사고,0,0,1,0,차대차 - 후진중충돌,안전운전불이행,건조,맑음,기타 - 기타,화물,남,58세,상해없음,화물,남,64세,경상
2020022100100282,2020년 2월 21일 13시,금요일,부산광역시 사상구 괘법동,경상사고,0,0,1,0,차대사람 - 기타,보행자보호의무위반,건조,맑음,단일로 - 기타,화물,남,55세,상해없음,보행자,여,53세,경상
2020022100100312,2020년 2월 21일 14시,금요일,부산광역시 동래구 안락동,경상사고,0,0,1,0,차대차 - 추돌,안전거리미확보,건조,맑음,단일로 - 기타,승합,남,59세,상해없음,승합,남,44세,경상
2020022100100313,2020년 2월 21일 14시,금요일,부산광역시 금정구 청룡동,경상사고,0,0,1,0,차대차 - 기타,안전운전불이행,건조,맑음,단일로 - 기타,승용,남,76세,경상,이륜,남,66세,기타불명
2020022100100344,2020년 2월 21일 15시,금요일,부산광역시 남구 대연동,경상사고,0,0,1,0,차대사람 - 차도통행중,안전운전불이행,건조,맑음,기타 - 기타,승용,남,74세,상해없음,보행자,남,79세,경상
2020022100100345,2020년 2월 21일 15시,금요일,부산광역시 동래구 온천동,중상사고,0,2,0,0,차대차 - 측면충돌,교차로운행방법위반,건조,맑음,교차로 - 교차로안,승용,남,60세,중상,승용,남,49세,중상
2020022100100346,2020년 2월 21일 15시,금요일,부산광역시 사상구 덕포동,경상사고,0,0,1,0,차대차 - 정면충돌,안전운전불이행,건조,맑음,교차로 - 교차로부근,승용,남,55세,상해없음,화물,남,63세,경상
2020022100100382,2020년 2월 21일 16시,금요일,부산광역시 동구 좌천동,경상사고,0,0,1,0,차대사람 - 기타,신호위반,건조,맑음,단일로 - 기타,승용,여,54세,상해없음,보행자,남,27세,경상
2020022100100383,2020년 2월 21일 16시,금요일,부산광역시 동래구 명륜동,경상사고,0,0,2,0,차대차 - 측면충돌,안전운전불이행,건조,맑음,단일로 - 기타,승용,남,39세,기타불명,승용,남,39세,경상
2020022100100384,2020년 2월 21일 16시,금요일,부산광역시 강서구 명지동,부상신고사고,0,0,0,1,차대차 - 측면충돌,안전운전불이행,건조,맑음,단일로 - 기타,이륜,남,48세,상해없음,승용,여,58세,부상신고
2020022100100415,2020년 2월 21일 17시,금요일,부산광역시 서구 서대신동3가,중상사고,0,1,0,0,차대사람 - 횡단중,신호위반,건조,맑음,단일로 - 기타,승용,남,52세,상해없음,보행자,남,8세,중상
2020022100100416,2020년 2월 21일 17시,금요일,부산광역시 영도구 대교동1가,부상신고사고,0,0,0,1,차대차 - 기타,안전운전불이행,건조,맑음,단일로 - 기타,이륜,여,54세,부상신고,승합,남,54세,상해없음
2020022100100417,2020년 2월 21일 17시,금요일,부산광역시 연제구 연산동,중상사고,0,1,0,0,차대차 - 기타,교차로운행방법위반,건조,맑음,교차로 - 교차로안,승용,남,39세,상해없음,승용,여,42세,중상
2020022100100451,2020년 2월 21일 18시,금요일,부산광역시 부산진구 부전동,경상사고,0,0,1,0,차대사람 - 기타,안전운전불이행,건조,흐림,단일로 - 기타,승용,여,39세,상해없음,보행자,여,60세,경상
2020022100100452,2020년 2월 21일 18시,금요일,부산광역시 부산진구 범천동,경상사고,0,0,2,0,차대차 - 측면충돌,안전운전불이행,건조,맑음,교차로 - 교차로안,승용,남,33세,경상,승용,남,63세,상해없음
2020022100100504,2020년 2월 21일 19시,금요일,부산광역시 부산진구 당감동,경상사고,0,0,2,0,차대차 - 기타,신호위반,젖음/습기,비,교차로 - 교차로부근,이륜,남,23세,경상,승용,남,41세,상해없음
2020022100100598,2020년 2월 21일 21시,금요일,부산광역시 금정구 남산동,경상사고,0,0,1,0,차대차 - 기타,안전운전불이행,젖음/습기,흐림,교차로 - 교차로안,기타불명,기타불명,미분류,기타불명,이륜,남,38세,경상
2020022100100599,2020년 2월 21일 21시,금요일,부산광역시 수영구 수영동,중상사고,0,1,0,0,차대사람 - 기타,안전운전불이행,젖음/습기,비,교차로 - 교차로부근,승용,남,55세,상해없음,보행자,여,30세,중상
2020022100100635,2020년 2월 21일 22시,금요일,부산광역시 서구 서대신동2가,부상신고사고,0,0,0,1,차대차 - 추돌,안전거리미확보,젖음/습기,비,교차로 - 교차로부근,이륜,남,35세,부상신고,승용,남,34세,상해없음
2020022100100636,2020년 2월 21일 22시,금요일,부산광역시 부산진구 부암동,경상사고,0,0,2,0,차대차 - 기타,신호위반,젖음/습기,비,교차로 - 교차로안,화물,남,53세,상해없음,승합,남,51세,상해없음
2020022100100676,2020년 2월 21일 23시,금요일,부산광역시 사하구 다대동,경상사고,0,0,1,0,차대차 - 추돌,안전운전불이행,건조,맑음,교차로 - 교차로부근,승용,여,61세,상해없음,승용,남,27세,경상
2020022100100677,2020년 2월 21일 23시,금요일,부산광역시 연제구 연산동,경상사고,0,0,1,0,차대사람 - 기타,안전운전불이행,건조,맑음,교차로 - 교차로안,승용,남,45세,상해없음,보행자,남,41세,경상
2020022200100045,2020년 2월 22일 01시,토요일,부산광역시 사하구 신평동,중상사고,0,1,0,0,차대차 - 기타,신호위반,젖음/습기,흐림,교차로 - 교차로안,승용,남,61세,상해없음,이륜,남,19세,중상
2020022200100112,2020년 2월 22일 07시,토요일,부산광역시 북구 덕천동,경상사고,0,0,1,0,차대차 - 정면충돌,안전운전불이행,건조,맑음,단일로 - 기타,승합,남,48세,상해없음,승용,남,26세,경상
2020022200100125,2020년 2월 22일 08시,토요일,부산광역시 강서구 대저1동,경상사고,0,0,2,0,차대차 - 정면충돌,신호위반,건조,맑음,교차로 - 교차로안,승용,남,51세,상해없음,화물,남,41세,경상
2020022200100138,2020년 2월 22일 09시,토요일,부산광역시 사상구 괘법동,부상신고사고,0,0,0,1,차대차 - 정면충돌,신호위반,건조,맑음,교차로 - 교차로안,이륜,남,69세,부상신고,승용,남,62세,상해없음
2020022200100150,2020년 2월 22일 10시,토요일,부산광역시 수영구 망미동,경상사고,0,0,2,0,차대차 - 기타,안전운전불이행,건조,맑음,교차로 - 교차로안,승용,여,49세,상해없음,승합,남,58세,경상
2020022200100151,2020년 2월 22일 10시,토요일,부산광역시 사상구 덕포동,부상신고사고,0,0,0,1,차대차 - 측면충돌,안전운전불이행,건조,맑음,단일로 - 기타,건설기계,남,46세,상해없음,원동기,남,41세,부상신고
2020022200100208,2020년 2월 22일 12시,토요일,부산광역시 서구 서대신동3가,중상사고,0,1,0,0,차대차 - 측면충돌,안전운전불이행,건조,맑음,교차로 - 교차로부근,건설기계,남,61세,상해없음,이륜,남,53세,중상
2020022200100209,2020년 2월 22일 12시,토요일,부산광역시 사하구 괴정동,경상사고,0,0,1,0,차대차 - 측면충돌,안전거리미확보,건조,맑음,단일로 - 지하차도(도로)내,건설기계,남,34세,상해없음,승용,남,35세,경상
2020022200100210,2020년 2월 22일 12시,토요일,부산광역시 강서구 송정동,부상신고사고,0,0,0,1,차량단독 - 기타,안전운전불이행,건조,맑음,단일로 - 기타,승용,남,23세,상해없음,,,,
2020022200100211,2020년 2월 22일 12시,토요일,부산광역시 사상구 괘법동,경상사고,0,0,5,3,차대차 - 측면충돌,안전운전불이행,건조,맑음,단일로 - 기타,승용,남,20세,부상신고,승용,여,62세,경상
2020022200100234,2020년 2월 22일 13시,토요일,부산광역시 서구 서대신동2가,경상사고,0,0,1,0,차대차 - 측면충돌,안전거리미확보,건조,맑음,교차로 - 교차로부근,승용,남,71세,상해없음,승용,남,34세,경상
2020022200100235,2020년 2월 22일 13시,토요일,부산광역시 남구 대연동,경상사고,0,0,1,0,차대차 - 측면충돌,안전운전불이행,건조,맑음,단일로 - 기타,화물,남,57세,상해없음,이륜,남,18세,경상
2020022200100236,2020년 2월 22일 13시,토요일,부산광역시 해운대구 우동,중상사고,0,2,0,0,차대차 - 측면충돌,신호위반,건조,맑음,교차로 - 교차로안,이륜,남,25세,상해없음,이륜,남,54세,중상
2020022200100263,2020년 2월 22일 14시,토요일,부산광역시 서구 서대신동2가,경상사고,0,0,3,0,차대차 - 추돌,신호위반,건조,맑음,단일로 - 터널,승용,남,63세,경상,승용,여,66세,경상
2020022200100264,2020년 2월 22일 14시,토요일,부산광역시 사하구 하단동,경상사고,0,0,1,0,차대차 - 측면충돌,중앙선침범,건조,맑음,단일로 - 기타,승용,남,73세,상해없음,이륜,남,18세,경상
2020022200100294,2020년 2월 22일 15시,토요일,부산광역시 동구 범일동,중상사고,0,1,0,0,차대사람 - 기타,안전운전불이행,건조,맑음,단일로 - 기타,승합,남,52세,상해없음,보행자,남,82세,중상
2020022200100295,2020년 2월 22일 15시,토요일,부산광역시 북구 덕천동,중상사고,0,2,0,0,차대차 - 기타,안전운전불이행,건조,맑음,교차로 - 교차로안,승용,여,56세,중상,승용,남,35세,중상
2020022200100326,2020년 2월 22일 16시,토요일,부산광역시 강서구 명지동,경상사고,0,0,1,0,차대차 - 기타,안전운전불이행,건조,맑음,교차로 - 교차로부근,승용,여,42세,상해없음,승용,남,60세,경상
2020022200100327,2020년 2월 22일 16시,토요일,부산광역시 강서구 명지동,중상사고,0,1,0,0,차대차 - 기타,안전운전불이행,건조,맑음,교차로 - 교차로안,승용,남,39세,상해없음,승용,남,50세,중상
2020022200100328,2020년 2월 22일 16시,토요일,부산광역시 기장군 기장읍,사망사고,1,2,2,0,차대차 - 추돌,과속,건조,맑음,단일로 - 기타,승용,남,23세,상해없음,특수,남,46세,경상
2020022200100349,2020년 2월 22일 17시,토요일,부산광역시 중구 창선동1가,부상신고사고,0,0,0,1,차대사람 - 차도통행중,안전운전불이행,건조,맑음,단일로 - 기타,승용,남,63세,상해없음,보행자,남,35세,부상신고
2020022200100350,2020년 2월 22일 17시,토요일,부산광역시 동래구 온천동,중상사고,0,1,0,0,차대사람 - 횡단중,보행자보호의무위반,건조,맑음,교차로 - 교차로부근,승용,남,49세,상해없음,보행자,여,69세,중상
2020022200100392,2020년 2월 22일 19시,토요일,부산광역시 북구 덕천동,경상사고,0,0,1,0,차대차 - 정면충돌,중앙선침범,건조,맑음,단일로 - 기타,승용,남,55세,상해없음,승용,여,46세,경상
2020022200100393,2020년 2월 22일 19시,토요일,부산광역시 사상구 삼락동,경상사고,0,0,1,0,차대차 - 측면충돌,안전운전불이행,건조,맑음,단일로 - 지하차도(도로)내,승용,남,53세,상해없음,이륜,남,39세,경상
2020022200100420,2020년 2월 22일 20시,토요일,부산광역시 남구 문현동,중상사고,0,1,0,0,차대사람 - 기타,안전운전불이행,건조,맑음,단일로 - 기타,승용,남,52세,상해없음,보행자,여,71세,중상
2020022200100421,2020년 2월 22일 20시,토요일,부산광역시 부산진구 전포동,경상사고,0,0,1,0,차대사람 - 차도통행중,안전운전불이행,건조,맑음,교차로 - 교차로부근,승용,여,57세,상해없음,보행자,남,21세,경상
2020022200100422,2020년 2월 22일 20시,토요일,부산광역시 금정구 금사동,경상사고,0,0,1,0,차대차 - 측면충돌,안전운전불이행,건조,흐림,단일로 - 기타,승용,남,18세,상해없음,승용,남,35세,경상
2020022200100482,2020년 2월 22일 23시,토요일,부산광역시 부산진구 부전동,중상사고,0,1,0,0,차대사람 - 횡단중,안전운전불이행,건조,맑음,단일로 - 기타,승용,남,29세,상해없음,보행자,여,59세,중상
2020022300100005,2020년 2월 23일 00시,일요일,부산광역시 동래구 안락동,경상사고,0,0,1,0,차대사람 - 길가장자리구역통행중,안전운전불이행,건조,맑음,단일로 - 기타,승용,남,51세,상해없음,보행자,여,18세,경상
2020022300100006,2020년 2월 23일 00시,일요일,부산광역시 영도구 대교동2가,중상사고,0,1,0,0,차대사람 - 횡단중,안전운전불이행,건조,맑음,단일로 - 기타,승용,남,55세,상해없음,보행자,남,58세,중상
2020022300100014,2020년 2월 23일 01시,일요일,부산광역시 동래구 안락동,경상사고,0,0,1,0,차대사람 - 기타,안전운전불이행,건조,맑음,교차로 - 교차로안,승용,남,56세,상해없음,보행자,여,18세,경상
2020022300100015,2020년 2월 23일 01시,일요일,부산광역시 연제구 연산동,중상사고,0,1,0,1,차대차 - 측면충돌,안전운전불이행,건조,맑음,단일로 - 기타,승용,남,49세,상해없음,이륜,남,21세,중상
2020022300100016,2020년 2월 23일 01시,일요일,부산광역시 기장군 철마면,중상사고,0,1,0,0,차대차 - 추돌,안전운전불이행,건조,맑음,단일로 - 기타,승용,남,28세,상해없음,승용,여,56세,중상
2020022300100056,2020년 2월 23일 07시,일요일,부산광역시 사상구 모라동,경상사고,0,0,1,0,차대차 - 측면충돌,신호위반,건조,맑음,교차로 - 교차로안,승용,남,35세,상해없음,승용,남,59세,경상
2020022300100060,2020년 2월 23일 08시,일요일,부산광역시 강서구 녹산동,경상사고,0,0,1,0,차대차 - 기타,안전운전불이행,건조,맑음,단일로 - 기타,승용,남,70세,상해없음,승용,여,52세,경상
2020022300100072,2020년 2월 23일 09시,일요일,부산광역시 중구 중앙동4가,경상사고,0,0,1,0,차대차 - 측면충돌,안전운전불이행,건조,맑음,교차로 - 교차로부근,승용,남,72세,상해없음,특수,남,38세,상해없음
2020022300100120,2020년 2월 23일 12시,일요일,부산광역시 부산진구 양정동,경상사고,0,0,1,0,차대차 - 기타,교차로운행방법위반,건조,맑음,교차로 - 교차로안,이륜,남,30세,경상,승용,기타불명,미분류,기타불명
2020022300100166,2020년 2월 23일 14시,일요일,부산광역시 사하구 하단동,경상사고,0,0,4,0,차대차 - 기타,신호위반,건조,맑음,교차로 - 교차로부근,승용,남,57세,상해없음,승용,남,57세,경상
2020022300100224,2020년 2월 23일 17시,일요일,부산광역시 부산진구 전포동,경상사고,0,0,1,0,차대차 - 측면충돌,교차로운행방법위반,건조,맑음,교차로 - 교차로안,승용,여,41세,상해없음,승용,남,30세,경상
2020022300100247,2020년 2월 23일 18시,일요일,부산광역시 수영구 남천동,경상사고,0,0,1,0,차대차 - 측면충돌,안전운전불이행,건조,맑음,교차로 - 교차로부근,승용,남,76세,상해없음,승용,남,28세,경상
2020022300100248,2020년 2월 23일 18시,일요일,부산광역시 북구 금곡동,중상사고,0,1,0,0,차대차 - 기타,신호위반,건조,맑음,교차로 - 교차로안,원동기,남,20세,상해없음,원동기,여,32세,중상
2020022300100249,2020년 2월 23일 18시,일요일,부산광역시 기장군 기장읍,경상사고,0,0,1,0,차대차 - 측면충돌,교차로운행방법위반,건조,기타,교차로 - 교차로안,승용,남,64세,상해없음,승용,남,23세,경상
2020022300100271,2020년 2월 23일 19시,일요일,부산광역시 동래구 안락동,중상사고,0,1,1,0,차대차 - 측면충돌,신호위반,건조,맑음,교차로 - 교차로안,승용,남,58세,상해없음,승용,남,59세,중상
2020022300100272,2020년 2월 23일 19시,일요일,부산광역시 금정구 금사동,경상사고,0,0,1,0,차대차 - 측면충돌,안전운전불이행,건조,맑음,교차로 - 교차로안,이륜,남,35세,경상,승용,남,80세,상해없음
2020022300100298,2020년 2월 23일 20시,일요일,부산광역시 동구 범일동,경상사고,0,0,2,0,차대차 - 측면충돌,안전운전불이행,건조,맑음,단일로 - 기타,승용,남,61세,상해없음,승용,남,21세,기타불명
2020022300100299,2020년 2월 23일 20시,일요일,부산광역시 서구 충무동1가,부상신고사고,0,0,0,1,차량단독 - 기타,안전운전불이행,건조,맑음,단일로 - 기타,승합,남,43세,상해없음,,,,
2020022300100300,2020년 2월 23일 20시,일요일,부산광역시 사하구 장림동,중상사고,0,4,4,0,차대차 - 측면충돌,안전거리미확보,건조,맑음,단일로 - 기타,승용,남,59세,경상,승용,여,30세,중상
2020022300100301,2020년 2월 23일 20시,일요일,부산광역시 사하구 하단동,경상사고,0,0,1,0,차대차 - 측면충돌,신호위반,건조,맑음,교차로 - 교차로안,이륜,남,23세,상해없음,이륜,남,36세,경상
2020022300100321,2020년 2월 23일 21시,일요일,부산광역시 남구 대연동,경상사고,0,0,1,2,차대차 - 추돌,안전운전불이행,건조,맑음,교차로 - 교차로부근,승용,남,44세,상해없음,승용,남,45세,경상
2020022300100322,2020년 2월 23일 21시,일요일,부산광역시 사하구 하단동,경상사고,0,0,1,0,차대차 - 측면충돌,중앙선침범,건조,맑음,단일로 - 기타,승용,남,57세,상해없음,이륜,남,27세,경상
2020022300100323,2020년 2월 23일 21시,일요일,부산광역시 강서구 신호동,중상사고,0,1,0,0,차대차 - 측면충돌,안전거리미확보,건조,맑음,단일로 - 기타,승용,여,34세,상해없음,이륜,남,18세,중상
2020022300100341,2020년 2월 23일 22시,일요일,부산광역시 수영구 광안동,경상사고,0,0,1,0,차대차 - 측면충돌,안전운전불이행,건조,맑음,교차로 - 교차로안,승용,남,55세,상해없음,이륜,남,28세,경상
2020022300100342,2020년 2월 23일 22시,일요일,부산광역시 해운대구 좌동,경상사고,0,0,2,0,차대차 - 측면충돌,안전거리미확보,건조,맑음,단일로 - 기타,승용,남,22세,상해없음,승용,남,24세,상해없음
2020022300100343,2020년 2월 23일 22시,일요일,부산광역시 부산진구 전포동,부상신고사고,0,0,0,1,차대차 - 측면충돌,신호위반,건조,맑음,교차로 - 교차로부근,승용,남,53세,부상신고,승용,남,66세,상해없음
2020022300100344,2020년 2월 23일 22시,일요일,부산광역시 사하구 하단동,경상사고,0,0,1,0,차대차 - 측면충돌,신호위반,건조,맑음,교차로 - 교차로안,이륜,남,20세,상해없음,승용,남,57세,경상
2020022300100355,2020년 2월 23일 23시,일요일,부산광역시 사하구 구평동,경상사고,0,0,1,0,차대차 - 측면충돌,신호위반,건조,맑음,단일로 - 기타,승용,남,63세,상해없음,자전거,남,18세,경상
2020022400100022,2020년 2월 24일 05시,월요일,부산광역시 서구 충무동1가,경상사고,0,0,1,0,차대차 - 측면충돌,안전운전불이행,건조,맑음,교차로 - 교차로안,화물,남,67세,상해없음,승용,여,32세,경상
2020022400100038,2020년 2월 24일 06시,월요일,부산광역시 사하구 괴정동,중상사고,0,1,0,0,차대사람 - 횡단중,안전운전불이행,건조,맑음,단일로 - 기타,승용,남,62세,상해없음,보행자,여,87세,중상
2020022400100064,2020년 2월 24일 07시,월요일,부산광역시 수영구 망미동,경상사고,0,0,1,1,차대차 - 측면충돌,신호위반,건조,맑음,단일로 - 기타,화물,남,45세,상해없음,이륜,남,16세,경상
2020022400100115,2020년 2월 24일 09시,월요일,부산광역시 연제구 연산동,경상사고,0,0,1,0,차대차 - 측면충돌,기타,건조,맑음,단일로 - 기타,승용,남,41세,상해없음,승용,남,25세,경상
2020022400100135,2020년 2월 24일 10시,월요일,부산광역시 부산진구 양정동,경상사고,0,0,6,3,차대차 - 측면충돌,신호위반,건조,맑음,단일로 - 기타,승용,남,28세,상해없음,승합,남,45세,경상
2020022400100136,2020년 2월 24일 10시,월요일,부산광역시 강서구 명지동,중상사고,0,1,0,0,차대사람 - 기타,안전운전불이행,건조,맑음,단일로 - 기타,건설기계,남,70세,상해없음,보행자,여,72세,중상
2020022400100197,2020년 2월 24일 12시,월요일,부산광역시 동구 범일동,중상사고,0,1,0,0,차대차 - 측면충돌,안전운전불이행,건조,맑음,단일로 - 기타,승용,남,39세,상해없음,승용,여,51세,중상
2020022400100198,2020년 2월 24일 12시,월요일,부산광역시 동래구 온천동,경상사고,0,0,1,0,차량단독 - 기타,안전운전불이행,건조,맑음,단일로 - 기타,승합,남,50세,상해없음,,,,
2020022400100199,2020년 2월 24일 12시,월요일,부산광역시 영도구 남항동1가,경상사고,0,0,1,0,차대사람 - 기타,안전운전불이행,건조,맑음,단일로 - 기타,승용,여,47세,상해없음,보행자,남,13세,경상
2020022400100260,2020년 2월 24일 14시,월요일,부산광역시 북구 구포동,경상사고,0,0,1,0,차대사람 - 기타,안전운전불이행,건조,맑음,단일로 - 기타,승용,남,60세,기타불명,보행자,남,26세,경상
2020022400100261,2020년 2월 24일 14시,월요일,부산광역시 동래구 안락동,경상사고,0,0,1,0,차대차 - 추돌,안전거리미확보,건조,맑음,단일로 - 기타,승용,남,55세,상해없음,승용,남,62세,경상
2020022400100262,2020년 2월 24일 14시,월요일,부산광역시 부산진구 부전동,중상사고,0,1,0,0,차량단독 - 기타,안전운전불이행,건조,맑음,교차로 - 교차로안,승합,남,61세,중상,,,,
2020022400100263,2020년 2월 24일 14시,월요일,부산광역시 사하구 하단동,중상사고,0,1,0,0,차대사람 - 횡단중,안전운전불이행,건조,맑음,교차로 - 교차로부근,승용,여,27세,상해없음,보행자,여,69세,중상
2020022400100264,2020년 2월 24일 14시,월요일,부산광역시 연제구 거제동,경상사고,0,0,1,0,차대차 - 측면충돌,안전운전불이행,건조,맑음,교차로 - 교차로안,승용,남,56세,기타불명,승용,남,28세,경상
2020022400100265,2020년 2월 24일 14시,월요일,부산광역시 기장군 기장읍,경상사고,0,0,2,1,차대차 - 측면충돌,직진우회전진행방해,건조,맑음,교차로 - 교차로안,승용,남,53세,경상,이륜,여,41세,경상
2020022400100293,2020년 2월 24일 15시,월요일,부산광역시 동래구 온천동,경상사고,0,0,2,0,차대차 - 기타,안전거리미확보,건조,맑음,단일로 - 기타,화물,남,61세,상해없음,승용,남,36세,경상
2020022400100294,2020년 2월 24일 15시,월요일,부산광역시 동래구 온천동,경상사고,0,0,1,0,차대차 - 기타,안전운전불이행,건조,맑음,교차로 - 교차로안,승용,여,47세,상해없음,화물,남,40세,경상
2020022400100349,2020년 2월 24일 17시,월요일,부산광역시 동래구 온천동,경상사고,0,0,2,0,차대차 - 측면충돌,신호위반,건조,맑음,교차로 - 교차로안,승용,여,27세,상해없음,이륜,남,28세,경상
2020022400100373,2020년 2월 24일 18시,월요일,부산광역시 중구 신창동1가,경상사고,0,0,1,0,차대차 - 측면충돌,중앙선침범,건조,맑음,교차로 - 교차로부근,승용,여,62세,상해없음,이륜,남,56세,경상
2020022400100374,2020년 2월 24일 18시,월요일,부산광역시 사하구 감천동,경상사고,0,0,1,0,차대차 - 추돌,안전운전불이행,건조,맑음,단일로 - 기타,승용,남,65세,상해없음,승용,여,32세,경상
2020022400100411,2020년 2월 24일 19시,월요일,부산광역시 사하구 감천동,경상사고,0,0,1,0,차량단독 - 기타,기타,건조,맑음,단일로 - 기타,승용,남,62세,상해없음,,,,
2020022400100448,2020년 2월 24일 20시,월요일,부산광역시 사상구 학장동,부상신고사고,0,0,0,1,차대차 - 추돌,안전운전불이행,건조,맑음,교차로 - 교차로부근,승용,남,34세,상해없음,이륜,남,30세,부상신고
2020022400100449,2020년 2월 24일 20시,월요일,부산광역시 기장군 장안읍,중상사고,0,1,0,0,차대차 - 측면충돌,신호위반,건조,맑음,교차로 - 교차로안,승용,여,51세,상해없음,승용,남,54세,중상
2020022400100494,2020년 2월 24일 22시,월요일,부산광역시 부산진구 부전동,경상사고,0,0,1,0,차량단독 - 공작물충돌,안전운전불이행,건조,맑음,기타 - 기타,승용,남,52세,상해없음,,,,
2020022400100506,2020년 2월 24일 23시,월요일,부산광역시 영도구 봉래동5가,경상사고,0,0,1,0,차대사람 - 길가장자리구역통행중,안전운전불이행,건조,맑음,교차로 - 교차로안,승용,남,53세,상해없음,보행자,남,48세,경상
2020022400100507,2020년 2월 24일 23시,월요일,부산광역시 사상구 학장동,중상사고,0,1,0,0,차대사람 - 차도통행중,안전운전불이행,젖음/습기,비,교차로 - 교차로횡단보도내,승용,남,68세,상해없음,보행자,남,56세,중상
2020022500100004,2020년 2월 25일 00시,화요일,부산광역시 영도구 동삼동,부상신고사고,0,0,0,1,차대차 - 측면충돌,안전운전불이행,건조,맑음,단일로 - 기타,승용,남,46세,상해없음,승용,남,22세,부상신고
2020022500100005,2020년 2월 25일 00시,화요일,부산광역시 사하구 다대동,중상사고,0,1,0,0,차대사람 - 기타,안전운전불이행,젖음/습기,비,단일로 - 기타,이륜,여,50세,상해없음,보행자,남,74세,중상
2020022500100018,2020년 2월 25일 01시,화요일,부산광역시 해운대구 우동,부상신고사고,0,0,0,1,차대차 - 측면충돌,신호위반,건조,흐림,교차로 - 교차로안,이륜,남,28세,부상신고,화물,남,72세,상해없음
2020022500100019,2020년 2월 25일 01시,화요일,부산광역시 강서구 대저2동,경상사고,0,0,1,0,차대차 - 추돌,안전운전불이행,젖음/습기,비,교차로 - 교차로부근,승용,여,45세,상해없음,승용,남,38세,경상
2020022500100031,2020년 2월 25일 02시,화요일,부산광역시 금정구 장전동,경상사고,0,0,1,0,차대차 - 측면충돌,신호위반,젖음/습기,비,교차로 - 교차로안,승용,여,39세,상해없음,승용,남,41세,경상
2020022500100036,2020년 2월 25일 03시,화요일,부산광역시 부산진구 부전동,경상사고,0,0,3,0,차대차 - 기타,안전운전불이행,젖음/습기,비,기타 - 기타,화물,남,65세,상해없음,화물,남,31세,경상
2020022500100075,2020년 2월 25일 07시,화요일,부산광역시 연제구 연산동,중상사고,0,1,2,0,차대차 - 측면충돌,교차로운행방법위반,젖음/습기,비,교차로 - 교차로안,승용,여,48세,중상,승용,여,49세,경상
2020022500100096,2020년 2월 25일 08시,화요일,부산광역시 금정구 부곡동,경상사고,0,0,1,0,차대사람 - 횡단중,신호위반,젖음/습기,비,단일로 - 기타,이륜,남,30세,상해없음,보행자,남,19세,경상
2020022500100124,2020년 2월 25일 09시,화요일,부산광역시 금정구 오륜동,경상사고,0,0,2,0,차대차 - 기타,안전운전불이행,젖음/습기,비,단일로 - 기타,화물,남,63세,상해없음,화물,남,33세,경상
2020022500100168,2020년 2월 25일 11시,화요일,부산광역시 해운대구 우동,경상사고,0,0,3,0,차대차 - 측면충돌,안전운전불이행,젖음/습기,비,교차로 - 교차로부근,승용,남,64세,상해없음,승용,남,44세,경상
2020022500100169,2020년 2월 25일 11시,화요일,부산광역시 부산진구 개금동,부상신고사고,0,0,0,1,차대차 - 기타,안전운전불이행,젖음/습기,비,단일로 - 기타,이륜,남,26세,부상신고,화물,남,40세,상해없음
2020022500100191,2020년 2월 25일 12시,화요일,부산광역시 북구 덕천동,중상사고,0,1,0,0,차대차 - 기타,기타,건조,맑음,단일로 - 기타,승합,남,41세,상해없음,승용,남,45세,중상
2020022500100238,2020년 2월 25일 14시,화요일,부산광역시 남구 용당동,경상사고,0,0,1,0,차량단독 - 공작물충돌,안전운전불이행,젖음/습기,비,단일로 - 터널,화물,남,62세,경상,,,,
2020022500100259,2020년 2월 25일 15시,화요일,부산광역시 중구 중앙동4가,부상신고사고,0,0,0,1,차대차 - 기타,안전운전불이행,젖음/습기,비,교차로 - 교차로안,이륜,남,55세,부상신고,승용,남,70세,상해없음