사고번호,사고일시,요일,시군구,사고내용,사망자수,중상자수,경상자수,부상신고자수,사고유형,법규위반,노면상태,기상상태,도로형태,가해운전자 차종,가해운전자 성별,가해운전자 연령,가해운전자 상해정도,피해운전자 차종,피해운전자 성별,피해운전자 연령,피해운전자 상해정도
2020022500100307,2020년 2월 25일 17시,화요일,부산광역시 서구 남부민동,경상사고,0,0,1,0,차대차 - 측면충돌,신호위반,젖음/습기,비,교차로 - 교차로안,이륜,남,58세,경상,승용,여,55세,상해없음
2020022500100308,2020년 2월 25일 17시,화요일,부산광역시 부산진구 부전동,중상사고,0,1,0,0,차대사람 - 횡단중,안전운전불이행,젖음/습기,비,교차로 - 교차로안,승용,남,27세,상해없음,보행자,여,51세,중상
2020022500100309,2020년 2월 25일 17시,화요일,부산광역시 사하구 구평동,경상사고,0,0,1,1,차대차 - 측면충돌,안전운전불이행,젖음/습기,맑음,단일로 - 기타,승용,남,50세,부상신고,승용,남,29세,경상
2020022500100310,2020년 2월 25일 17시,화요일,부산광역시 기장군 기장읍,경상사고,0,0,1,0,차대차 - 측면충돌,안전거리미확보,젖음/습기,흐림,단일로 - 기타,화물,남,73세,상해없음,화물,남,58세,경상
2020022500100336,2020년 2월 25일 18시,화요일,부산광역시 영도구 동삼동,경상사고,0,0,1,0,차대차 - 측면충돌,기타,젖음/습기,흐림,기타 - 기타,이륜,남,64세,상해없음,승용,여,51세,경상
2020022500100337,2020년 2월 25일 18시,화요일,부산광역시 부산진구 당감동,중상사고,0,1,0,0,차대사람 - 횡단중,신호위반,젖음/습기,비,교차로 - 교차로안,승용,여,38세,상해없음,보행자,남,56세,중상
2020022500100338,2020년 2월 25일 18시,화요일,부산광역시 부산진구 가야동,중상사고,0,1,0,0,차대차 - 측면충돌,차로위반,젖음/습기,비,단일로 - 기타,승용,남,49세,상해없음,이륜,남,32세,중상
2020022500100369,2020년 2월 25일 19시,화요일,부산광역시 해운대구 좌동,경상사고,0,0,1,0,차대차 - 측면충돌,안전운전불이행,젖음/습기,비,단일로 - 기타,승용,남,64세,상해없음,이륜,남,59세,경상
2020022500100370,2020년 2월 25일 19시,화요일,부산광역시 기장군 기장읍,경상사고,0,0,1,0,차대차 - 추돌,안전운전불이행,젖음/습기,비,교차로 - 교차로부근,화물,남,63세,상해없음,승용,여,48세,경상
2020022500100371,2020년 2월 25일 19시,화요일,부산광역시 기장군 기장읍,경상사고,0,0,2,0,차대차 - 측면충돌,교차로운행방법위반,젖음/습기,비,교차로 - 교차로안,승용,여,49세,기타불명,승용,남,33세,경상
2020022500100428,2020년 2월 25일 21시,화요일,부산광역시 사상구 괘법동,중상사고,0,1,0,0,차대사람 - 보도통행중,안전운전불이행,건조,맑음,단일로 - 기타,승용,남,69세,상해없음,보행자,여,63세,중상
2020022600100014,2020년 2월 26일 01시,수요일,부산광역시 북구 구포동,경상사고,0,0,1,0,차대차 - 기타,기타,건조,맑음,교차로 - 교차로안,이륜,남,28세,경상,승용,남,35세,상해없음
2020022600100023,2020년 2월 26일 02시,수요일,부산광역시 사하구 다대동,경상사고,0,0,2,0,차대차 - 추돌,안전운전불이행,건조,기타,교차로 - 교차로안,승용,남,33세,상해없음,승용,남,71세,경상
2020022600100083,2020년 2월 26일 08시,수요일,부산광역시 동구 범일동,경상사고,0,0,1,0,차대차 - 기타,차로위반,건조,맑음,단일로 - 기타,승용,남,33세,상해없음,승용,여,45세,경상
2020022600100084,2020년 2월 26일 08시,수요일,부산광역시 사하구 괴정동,경상사고,0,0,1,0,차대차 - 기타,교차로운행방법위반,건조,맑음,교차로 - 교차로안,승용,남,59세,상해없음,승용,남,45세,경상
2020022600100117,2020년 2월 26일 09시,수요일,부산광역시 사상구 삼락동,중상사고,0,1,1,0,차대차 - 기타,안전운전불이행,건조,맑음,기타 - 기타,승용,남,67세,상해없음,화물,남,56세,중상
2020022600100162,2020년 2월 26일 11시,수요일,부산광역시 사하구 구평동,경상사고,0,0,1,0,차대사람 - 기타,안전운전불이행,건조,맑음,단일로 - 기타,승용,남,56세,상해없음,보행자,남,46세,경상
2020022600100163,2020년 2월 26일 11시,수요일,부산광역시 사하구 장림동,경상사고,0,0,1,0,차대차 - 측면충돌,안전운전불이행,건조,맑음,기타 - 기타,승용,남,60세,상해없음,이륜,남,61세,경상
2020022600100202,2020년 2월 26일 13시,수요일,부산광역시 서구 암남동,부상신고사고,0,0,0,1,차대차 - 측면충돌,안전거리미확보,건조,맑음,단일로 - 기타,원동기,남,50세,부상신고,승용,남,50세,상해없음
2020022600100223,2020년 2월 26일 14시,수요일,부산광역시 중구 남포동1가,중상사고,0,1,0,0,차대사람 - 횡단중,보행자보호의무위반,건조,맑음,교차로 - 교차로부근,화물,남,72세,상해없음,보행자,남,80세,중상
2020022600100225,2020년 2월 26일 14시,수요일,부산광역시 남구 용호동,중상사고,0,1,0,0,차대차 - 측면충돌,신호위반,건조,맑음,교차로 - 교차로부근,승용,여,57세,상해없음,자전거,남,15세,중상
2020022600100226,2020년 2월 26일 14시,수요일,부산광역시 금정구 남산동,경상사고,0,0,1,0,차대사람 - 보도통행중,기타,건조,흐림,단일로 - 기타,승용,남,72세,상해없음,보행자,여,57세,경상
2020022600100248,2020년 2월 26일 15시,수요일,부산광역시 북구 덕천동,중상사고,0,1,0,0,차대사람 - 기타,안전운전불이행,건조,맑음,단일로 - 기타,승용,여,38세,상해없음,보행자,여,72세,중상
2020022600100249,2020년 2월 26일 15시,수요일,부산광역시 부산진구 범천동,경상사고,0,0,2,0,차대차 - 측면충돌,안전거리미확보,건조,맑음,교차로 - 교차로부근,승용,여,58세,상해없음,승용,남,38세,경상
2020022600100250,2020년 2월 26일 15시,수요일,부산광역시 금정구 회동동,부상신고사고,0,0,0,1,차대차 - 추돌,안전거리미확보,건조,맑음,단일로 - 기타,승용,남,58세,상해없음,승용,남,43세,부상신고
2020022600100251,2020년 2월 26일 15시,수요일,부산광역시 강서구 명지동,경상사고,0,0,1,0,차대차 - 기타,교차로운행방법위반,건조,맑음,교차로 - 교차로안,승용,남,32세,상해없음,승합,남,56세,상해없음
2020022600100270,2020년 2월 26일 16시,수요일,부산광역시 서구 부민동2가,중상사고,0,1,0,0,차대차 - 측면충돌,안전거리미확보,건조,맑음,단일로 - 기타,승용,여,49세,상해없음,승용,남,46세,중상
2020022600100280,2020년 2월 26일 17시,수요일,부산광역시 동래구 온천동,경상사고,0,0,1,0,차대차 - 측면충돌,안전거리미확보,건조,맑음,단일로 - 기타,승용,여,25세,상해없음,승용,여,57세,경상
2020022600100281,2020년 2월 26일 17시,수요일,부산광역시 기장군 정관읍,중상사고,0,1,0,0,차대차 - 측면충돌,신호위반,건조,맑음,교차로 - 교차로안,승용,남,58세,상해없음,이륜,남,55세,중상
2020022600100316,2020년 2월 26일 18시,수요일,부산광역시 동구 초량동,경상사고,0,0,1,0,차대차 - 정면충돌,교차로운행방법위반,건조,맑음,교차로 - 교차로안,승용,남,46세,상해없음,이륜,남,34세,경상
2020022600100317,2020년 2월 26일 18시,수요일,부산광역시 부산진구 부전동,경상사고,0,0,1,0,차대사람 - 기타,안전운전불이행,건조,맑음,단일로 - 기타,승용,남,24세,상해없음,보행자,남,23세,경상
2020022600100318,2020년 2월 26일 18시,수요일,부산광역시 강서구 신호동,중상사고,0,1,0,0,차대차 - 정면충돌,신호위반,건조,맑음,단일로 - 교량,이륜,남,50세,상해없음,자전거,남,59세,중상
2020022600100364,2020년 2월 26일 19시,수요일,부산광역시 사하구 괴정동,부상신고사고,0,0,0,1,차대차 - 기타,신호위반,건조,맑음,교차로 - 교차로안,이륜,남,16세,부상신고,승용,남,55세,상해없음
2020022600100407,2020년 2월 26일 20시,수요일,부산광역시 수영구 광안동,중상사고,0,1,0,0,차대사람 - 횡단중,보행자보호의무위반,젖음/습기,비,단일로 - 기타,승용,남,62세,상해없음,보행자,남,25세,중상
2020022600100431,2020년 2월 26일 21시,수요일,부산광역시 동래구 안락동,경상사고,0,0,1,0,차대사람 - 횡단중,안전운전불이행,젖음/습기,비,교차로 - 교차로안,승용,남,37세,상해없음,보행자,여,59세,경상
2020022600100450,2020년 2월 26일 22시,수요일,부산광역시 부산진구 전포동,중상사고,0,1,0,0,차대차 - 측면충돌,신호위반,젖음/습기,비,교차로 - 교차로안,승용,남,41세,상해없음,승용,남,64세,중상
2020022600100451,2020년 2월 26일 22시,수요일,부산광역시 사상구 주례동,경상사고,0,0,1,0,차대사람 - 횡단중,보행자보호의무위반,젖음/습기,비,교차로 - 교차로부근,이륜,남,43세,상해없음,보행자,남,39세,경상
2020022600100471,2020년 2월 26일 23시,수요일,부산광역시 해운대구 좌동,중상사고,0,1,3,0,차대차 - 추돌,안전운전불이행,젖음/습기,비,단일로 - 기타,승용,남,39세,상해없음,승용,남,19세,경상
2020022600100472,2020년 2월 26일 23시,수요일,부산광역시 부산진구 범전동,경상사고,0,0,2,0,차대차 - 추돌,안전운전불이행,젖음/습기,비,교차로 - 교차로부근,승용,남,52세,상해없음,승용,남,50세,경상
2020022700100018,2020년 2월 27일 01시,목요일,부산광역시 사상구 학장동,부상신고사고,0,0,0,1,차량단독 - 공작물충돌,안전운전불이행,젖음/습기,비,교차로 - 교차로부근,승용,남,32세,부상신고,,,,
2020022700100029,2020년 2월 27일 03시,목요일,부산광역시 동래구 안락동,경상사고,0,0,1,0,차대차 - 기타,신호위반,건조,맑음,교차로 - 교차로안,승용,남,46세,상해없음,승용,남,21세,상해없음
2020022700100034,2020년 2월 27일 04시,목요일,부산광역시 남구 용호동,경상사고,0,0,1,0,차대차 - 추돌,안전운전불이행,젖음/습기,비,교차로 - 교차로안,승용,남,72세,상해없음,승용,남,23세,경상
2020022700100040,2020년 2월 27일 05시,목요일,부산광역시 동구 수정동,부상신고사고,0,0,0,1,차량단독 - 공작물충돌,안전운전불이행,건조,맑음,단일로 - 기타,화물,남,34세,부상신고,,,,
2020022700100041,2020년 2월 27일 05시,목요일,부산광역시 사하구 괴정동,중상사고,0,1,0,0,차대사람 - 횡단중,안전운전불이행,젖음/습기,흐림,단일로 - 지하차도(도로)내,승용,남,65세,상해없음,보행자,남,79세,중상
2020022700100069,2020년 2월 27일 07시,목요일,부산광역시 사하구 장림동,중상사고,0,1,0,0,차대차 - 기타,중앙선침범,건조,맑음,교차로 - 교차로부근,승용,남,40세,상해없음,승용,남,43세,중상
2020022700100093,2020년 2월 27일 08시,목요일,부산광역시 북구 덕천동,경상사고,0,0,2,0,차대차 - 측면충돌,신호위반,건조,맑음,단일로 - 기타,승용,여,52세,상해없음,승용,여,58세,경상
2020022700100123,2020년 2월 27일 09시,목요일,부산광역시 사하구 장림동,경상사고,0,0,1,0,차대차 - 기타,안전운전불이행,건조,맑음,교차로 - 교차로부근,승용,여,33세,상해없음,이륜,남,53세,경상
2020022700100223,2020년 2월 27일 14시,목요일,부산광역시 금정구 서동,경상사고,0,0,1,0,차대사람 - 기타,안전운전불이행,건조,맑음,단일로 - 기타,승용,남,58세,상해없음,보행자,남,73세,경상
2020022700100248,2020년 2월 27일 15시,목요일,부산광역시 중구 대청동4가,경상사고,0,0,1,0,차대차 - 측면충돌,차로위반,건조,맑음,단일로 - 기타,승용,여,53세,상해없음,승용,남,67세,경상
2020022700100346,2020년 2월 27일 19시,목요일,부산광역시 해운대구 중동,중상사고,0,1,0,0,차대사람 - 기타,안전운전불이행,건조,맑음,교차로 - 교차로안,승용,여,48세,상해없음,보행자,남,47세,중상
2020022700100347,2020년 2월 27일 19시,목요일,부산광역시 강서구 생곡동,경상사고,0,0,1,0,차대차 - 추돌,안전운전불이행,건조,맑음,단일로 - 기타,승용,여,31세,상해없음,승용,남,34세,경상
2020022700100377,2020년 2월 27일 20시,목요일,부산광역시 남구 대연동,경상사고,0,0,1,0,차대차 - 측면충돌,안전운전불이행,건조,맑음,교차로 - 교차로안,이륜,남,21세,경상,승용,남,23세,상해없음
2020022700100402,2020년 2월 27일 21시,목요일,부산광역시 사하구 하단동,부상신고사고,0,0,0,1,차대차 - 측면충돌,직진우회전진행방해,건조,맑음,교차로 - 교차로안,이륜,남,52세,부상신고,승용,남,61세,상해없음
2020022700100415,2020년 2월 27일 22시,목요일,부산광역시 연제구 연산동,경상사고,0,0,1,0,차대차 - 정면충돌,교차로운행방법위반,건조,맑음,교차로 - 교차로부근,이륜,남,61세,경상,승용,남,42세,상해없음
2020022700100427,2020년 2월 27일 23시,목요일,부산광역시 영도구 청학동,중상사고,0,1,0,0,차대차 - 측면충돌,안전운전불이행,건조,맑음,단일로 - 기타,승용,남,18세,상해없음,이륜,남,29세,중상
2020022800100001,2020년 2월 28일 00시,금요일,부산광역시 동래구 안락동,경상사고,0,0,1,0,차대차 - 추돌,안전운전불이행,건조,맑음,단일로 - 기타,승용,남,38세,상해없음,승용,남,61세,경상
2020022800100013,2020년 2월 28일 01시,금요일,부산광역시 부산진구 범천동,중상사고,0,1,0,0,차량단독 - 기타,안전운전불이행,건조,맑음,교차로 - 교차로부근,원동기,여,37세,중상,,,,
2020022800100035,2020년 2월 28일 05시,금요일,부산광역시 금정구 부곡동,중상사고,0,2,0,0,차대사람 - 횡단중,신호위반,건조,맑음,단일로 - 기타,이륜,남,46세,상해없음,보행자,여,72세,중상
2020022800100054,2020년 2월 28일 07시,금요일,부산광역시 동래구 온천동,경상사고,0,0,1,0,차대사람 - 길가장자리구역통행중,안전운전불이행,건조,맑음,단일로 - 기타,화물,남,58세,상해없음,보행자,남,40세,경상
2020022800100068,2020년 2월 28일 08시,금요일,부산광역시 동래구 온천동,경상사고,0,0,1,0,차대차 - 기타,안전운전불이행,건조,맑음,단일로 - 교량,화물,남,66세,상해없음,승용,남,32세,경상
2020022800100090,2020년 2월 28일 09시,금요일,부산광역시 북구 금곡동,경상사고,0,0,2,0,차대차 - 기타,안전운전불이행,건조,맑음,단일로 - 기타,승용,남,70세,상해없음,승용,남,26세,경상
2020022800100091,2020년 2월 28일 09시,금요일,부산광역시 영도구 청학동,경상사고,0,0,1,0,차대차 - 측면충돌,안전운전불이행,건조,맑음,단일로 - 기타,승용,남,70세,상해없음,승용,남,32세,기타불명
2020022800100093,2020년 2월 28일 09시,금요일,부산광역시 해운대구 재송동,중상사고,0,1,0,0,차대사람 - 횡단중,보행자보호의무위반,건조,맑음,교차로 - 교차로횡단보도내,승용,남,72세,상해없음,보행자,남,79세,중상
2020022800100094,2020년 2월 28일 09시,금요일,부산광역시 부산진구 당감동,중상사고,0,1,1,0,차대차 - 추돌,안전거리미확보,건조,맑음,교차로 - 교차로안,원동기,남,57세,중상,승용,여,23세,경상
2020022800100110,2020년 2월 28일 10시,금요일,부산광역시 동구 좌천동,경상사고,0,0,1,0,차대차 - 측면충돌,신호위반,건조,맑음,교차로 - 교차로부근,승용,여,65세,상해없음,승용,남,60세,경상
2020022800100129,2020년 2월 28일 11시,금요일,부산광역시 연제구 거제동,경상사고,0,0,1,0,차대사람 - 길가장자리구역통행중,안전운전불이행,건조,흐림,단일로 - 기타,화물,남,71세,상해없음,보행자,남,42세,경상
2020022800100220,2020년 2월 28일 15시,금요일,부산광역시 서구 암남동,부상신고사고,0,0,0,1,차대차 - 측면충돌,안전운전불이행,건조,맑음,교차로 - 교차로부근,이륜,남,25세,부상신고,화물,남,56세,상해없음
2020022800100221,2020년 2월 28일 15시,금요일,부산광역시 동래구 수안동,부상신고사고,0,0,0,1,차대차 - 측면충돌,안전운전불이행,젖음/습기,비,교차로 - 교차로부근,이륜,남,36세,부상신고,승용,남,68세,상해없음
2020022800100242,2020년 2월 28일 16시,금요일,부산광역시 동구 초량동,중상사고,0,10,7,0,차량단독 - 기타,안전운전불이행,젖음/습기,비,단일로 - 기타,승합,남,47세,중상,,,,
2020022800100243,2020년 2월 28일 16시,금요일,부산광역시 수영구 남천동,경상사고,0,0,1,0,차대차 - 측면충돌,신호위반,젖음/습기,비,교차로 - 교차로안,승용,남,31세,상해없음,승용,여,36세,경상
2020022800100244,2020년 2월 28일 16시,금요일,부산광역시 사하구 감천동,중상사고,0,1,0,0,차대차 - 측면충돌,교차로운행방법위반,건조,맑음,교차로 - 교차로안,화물,여,50세,상해없음,원동기,남,30세,중상
2020022800100267,2020년 2월 28일 17시,금요일,부산광역시 부산진구 양정동,경상사고,0,0,2,0,차대차 - 추돌,안전운전불이행,젖음/습기,비,교차로 - 교차로부근,이륜,남,26세,상해없음,승용,남,66세,경상
2020022800100294,2020년 2월 28일 18시,금요일,부산광역시 부산진구 가야동,경상사고,0,0,1,0,차대차 - 추돌,안전거리미확보,건조,맑음,단일로 - 고가도로위,승용,남,35세,상해없음,승용,남,50세,상해없음
2020022800100295,2020년 2월 28일 18시,금요일,부산광역시 연제구 연산동,경상사고,0,0,1,0,차대차 - 기타,교차로운행방법위반,젖음/습기,비,교차로 - 교차로안,승용,남,37세,상해없음,이륜,남,37세,경상
2020022800100296,2020년 2월 28일 18시,금요일,부산광역시 연제구 연산동,중상사고,0,1,0,0,차대차 - 기타,안전운전불이행,젖음/습기,비,단일로 - 기타,화물,남,42세,상해없음,이륜,남,45세,중상
2020022800100337,2020년 2월 28일 19시,금요일,부산광역시 영도구 동삼동,사망사고,1,0,0,0,차대사람 - 길가장자리구역통행중,안전운전불이행,젖음/습기,흐림,단일로 - 기타,승용,남,42세,상해없음,보행자,남,55세,사망
2020022800100338,2020년 2월 28일 19시,금요일,부산광역시 부산진구 부전동,경상사고,0,0,1,0,차대차 - 기타,신호위반,젖음/습기,비,교차로 - 교차로안,승용,남,39세,상해없음,이륜,남,37세,경상
2020022800100339,2020년 2월 28일 19시,금요일,부산광역시 금정구 장전동,중상사고,0,1,1,0,차대차 - 기타,안전운전불이행,젖음/습기,비,단일로 - 기타,이륜,남,47세,중상,이륜,남,31세,경상
2020022800100340,2020년 2월 28일 19시,금요일,부산광역시 사상구 주례동,중상사고,0,1,0,0,차대차 - 측면충돌,신호위반,건조,맑음,교차로 - 교차로안,승용,남,30세,상해없음,원동기,남,43세,중상
2020022800100385,2020년 2월 28일 20시,금요일,부산광역시 부산진구 부암동,중상사고,0,1,0,0,차대사람 - 횡단중,신호위반,건조,맑음,교차로 - 교차로횡단보도내,이륜,남,16세,기타불명,보행자,여,61세,중상
2020022800100386,2020년 2월 28일 20시,금요일,부산광역시 사하구 당리동,중상사고,0,1,0,0,차대차 - 측면충돌,안전운전불이행,젖음/습기,비,단일로 - 기타,승용,남,38세,상해없음,이륜,남,33세,중상
2020022800100431,2020년 2월 28일 22시,금요일,부산광역시 영도구 봉래동4가,중상사고,0,1,0,0,차대사람 - 횡단중,안전운전불이행,건조,맑음,단일로 - 기타,승용,남,47세,상해없음,보행자,남,55세,중상
2020022800100432,2020년 2월 28일 22시,금요일,부산광역시 해운대구 재송동,중상사고,0,1,0,0,차대사람 - 기타,안전운전불이행,건조,맑음,단일로 - 기타,승용,남,41세,상해없음,보행자,남,38세,중상
2020022900100005,2020년 2월 29일 00시,토요일,부산광역시 사하구 감천동,경상사고,0,0,1,0,차대차 - 측면충돌,신호위반,건조,맑음,교차로 - 교차로안,승용,남,55세,상해없음,이륜,남,23세,경상
2020022900100027,2020년 2월 29일 01시,토요일,부산광역시 부산진구 부전동,경상사고,0,0,1,0,차대차 - 측면충돌,중앙선침범,건조,맑음,단일로 - 기타,이륜,남,21세,상해없음,이륜,남,27세,상해없음
2020022900100071,2020년 2월 29일 06시,토요일,부산광역시 사하구 하단동,경상사고,0,0,1,0,차대사람 - 보도통행중,기타,건조,맑음,단일로 - 기타,이륜,남,18세,상해없음,보행자,여,71세,경상
2020022900100126,2020년 2월 29일 11시,토요일,부산광역시 수영구 광안동,경상사고,0,0,1,0,차대차 - 측면충돌,안전운전불이행,건조,맑음,교차로 - 교차로안,이륜,남,28세,상해없음,화물,남,39세,경상
2020022900100127,2020년 2월 29일 11시,토요일,부산광역시 북구 구포동,부상신고사고,0,0,0,1,차대사람 - 기타,안전운전불이행,건조,맑음,단일로 - 기타,화물,남,36세,상해없음,보행자,남,25세,부상신고
2020022900100128,2020년 2월 29일 11시,토요일,부산광역시 강서구 대저1동,중상사고,0,1,2,0,차대차 - 기타,신호위반,건조,맑음,교차로 - 교차로안,승용,남,48세,상해없음,승용,남,63세,경상
2020022900100152,2020년 2월 29일 12시,토요일,부산광역시 동래구 안락동,중상사고,0,1,3,0,차대차 - 측면충돌,신호위반,건조,맑음,교차로 - 교차로안,승용,남,52세,상해없음,승합,남,47세,중상
2020022900100153,2020년 2월 29일 12시,토요일,부산광역시 부산진구 부전동,경상사고,0,0,1,0,차대사람 - 기타,안전운전불이행,건조,맑음,단일로 - 기타,승용,남,42세,상해없음,보행자,남,25세,경상
2020022900100154,2020년 2월 29일 12시,토요일,부산광역시 연제구 거제동,중상사고,0,1,0,0,차량단독 - 전도전복 - 전도,안전운전불이행,건조,맑음,교차로 - 교차로부근,농기계,남,80세,중상,,,,
2020022900100172,2020년 2월 29일 13시,토요일,부산광역시 강서구 화전동,경상사고,0,0,1,0,차대차 - 측면충돌,안전운전불이행,건조,맑음,기타 - 기타,이륜,남,57세,경상,승용,남,30세,상해없음
2020022900100265,2020년 2월 29일 17시,토요일,부산광역시 사상구 감전동,부상신고사고,0,0,0,1,차대사람 - 횡단중,안전운전불이행,건조,맑음,교차로 - 교차로안,승용,남,52세,상해없음,보행자,남,67세,부상신고
2020022900100288,2020년 2월 29일 18시,토요일,부산광역시 해운대구 송정동,경상사고,0,0,3,0,차대차 - 기타,안전운전불이행,건조,맑음,단일로 - 기타,이륜,남,69세,상해없음,승용,남,40세,경상
2020022900100308,2020년 2월 29일 19시,토요일,부산광역시 중구 중앙동5가,경상사고,0,0,1,0,차대차 - 측면충돌,신호위반,건조,맑음,교차로 - 교차로부근,승용,남,24세,상해없음,승용,여,59세,경상
2020022900100309,2020년 2월 29일 19시,토요일,부산광역시 강서구 명지동,경상사고,0,0,1,0,차대차 - 후진중충돌,안전운전불이행,건조,맑음,단일로 - 기타,승용,남,59세,상해없음,승용,여,26세,경상
2020022900100310,2020년 2월 29일 19시,토요일,부산광역시 사상구 괘법동,경상사고,0,0,1,0,차대사람 - 횡단중,안전운전불이행,건조,맑음,단일로 - 기타,승용,남,39세,상해없음,보행자,남,48세,경상
2020022900100377,2020년 2월 29일 22시,토요일,부산광역시 동래구 안락동,경상사고,0,0,1,0,차대차 - 측면충돌,교차로운행방법위반,건조,맑음,교차로 - 교차로안,승용,남,50세,상해없음,승용,남,30세,경상
2020022900100378,2020년 2월 29일 22시,토요일,부산광역시 해운대구 중동,중상사고,0,1,0,0,차대차 - 측면충돌,안전거리미확보,건조,맑음,단일로 - 기타,승용,남,41세,상해없음,이륜,남,23세,중상
2020022900100379,2020년 2월 29일 22시,토요일,부산광역시 부산진구 부전동,경상사고,0,0,1,0,차대차 - 기타,안전운전불이행,건조,맑음,단일로 - 기타,승용,남,64세,상해없음,승용,남,39세,경상
2020022900100400,2020년 2월 29일 23시,토요일,부산광역시 수영구 민락동,경상사고,0,0,1,0,차량단독 - 공작물충돌,안전운전불이행,건조,맑음,단일로 - 기타,승용,남,55세,기타불명,,,,
2020022900100401,2020년 2월 29일 23시,토요일,부산광역시 사하구 다대동,경상사고,0,0,1,0,차대차 - 측면충돌,안전운전불이행,건조,기타,교차로 - 교차로부근,승용,남,49세,상해없음,승용,여,18세,경상
2020030100100003,2020년 3월 1일 00시,일요일,부산광역시 동구 수정동,중상사고,0,2,0,0,차대차 - 추돌,과속,건조,맑음,단일로 - 터널,승용,남,33세,상해없음,승용,여,44세,중상
2020030100100004,2020년 3월 1일 00시,일요일,부산광역시 부산진구 양정동,중상사고,0,1,0,0,차대사람 - 횡단중,보행자보호의무위반,건조,맑음,교차로 - 교차로부근,승용,남,23세,상해없음,보행자,여,28세,중상
2020030100100013,2020년 3월 1일 01시,일요일,부산광역시 서구 암남동,중상사고,0,1,0,0,차량단독 - 공작물충돌,안전운전불이행,건조,맑음,교차로 - 교차로부근,이륜,남,41세,중상,,,,
2020030100100022,2020년 3월 1일 02시,일요일,부산광역시 부산진구 개금동,경상사고,0,0,2,0,차대차 - 추돌,차로위반,건조,맑음,단일로 - 기타,승용,남,62세,경상,승용,남,25세,경상
2020030100100023,2020년 3월 1일 02시,일요일,부산광역시 기장군 일광면,경상사고,0,0,1,0,차대차 - 추돌,중앙선침범,건조,맑음,교차로 - 교차로부근,승용,여,22세,기타불명,승용,남,46세,경상
2020030100100043,2020년 3월 1일 05시,일요일,부산광역시 서구 암남동,부상신고사고,0,0,0,1,차대차 - 측면충돌,중앙선침범,건조,맑음,단일로 - 기타,이륜,남,26세,부상신고,승합,남,44세,상해없음
2020030100100046,2020년 3월 1일 06시,일요일,부산광역시 서구 충무동1가,중상사고,0,1,0,0,차대차 - 정면충돌,안전운전불이행,건조,맑음,교차로 - 교차로부근,승용,남,59세,상해없음,자전거,남,74세,중상
2020030100100073,2020년 3월 1일 11시,일요일,부산광역시 동구 범일동,중상사고,0,1,0,0,차대차 - 정면충돌,안전운전불이행,건조,맑음,교차로 - 교차로부근,승용,남,57세,상해없음,이륜,남,20세,중상
2020030100100074,2020년 3월 1일 11시,일요일,부산광역시 기장군 철마면,중상사고,0,1,0,0,차대차 - 측면충돌,신호위반,건조,맑음,교차로 - 교차로안,승용,여,61세,상해없음,승용,여,53세,중상
2020030100100090,2020년 3월 1일 12시,일요일,부산광역시 북구 덕천동,중상사고,0,1,0,0,차대차 - 기타,신호위반,건조,맑음,교차로 - 교차로안,승용,남,35세,상해없음,승용,남,65세,중상
2020030100100108,2020년 3월 1일 13시,일요일,부산광역시 동구 범일동,경상사고,0,0,2,0,차대차 - 추돌,안전거리미확보,건조,맑음,단일로 - 기타,승용,남,60세,상해없음,승용,남,49세,경상
2020030100100109,2020년 3월 1일 13시,일요일,부산광역시 동래구 칠산동,중상사고,0,1,0,0,차대차 - 측면충돌,교차로운행방법위반,건조,맑음,교차로 - 교차로안,승용,남,61세,상해없음,이륜,남,23세,중상
2020030100100110,2020년 3월 1일 13시,일요일,부산광역시 사상구 학장동,경상사고,0,0,1,0,차대차 - 측면충돌,안전운전불이행,건조,맑음,단일로 - 기타,승용,남,51세,상해없음,이륜,남,24세,경상
2020030100100128,2020년 3월 1일 14시,일요일,부산광역시 기장군 기장읍,경상사고,0,0,3,0,차대차 - 측면충돌,안전거리미확보,건조,맑음,단일로 - 기타,승용,남,42세,상해없음,승용,남,39세,경상
2020030100100143,2020년 3월 1일 15시,일요일,부산광역시 남구 대연동,경상사고,0,0,2,0,차대차 - 측면충돌,안전운전불이행,건조,맑음,교차로 - 교차로안,승용,남,80세,상해없음,승용,남,27세,경상
2020030100100164,2020년 3월 1일 16시,일요일,부산광역시 서구 토성동4가,경상사고,0,0,1,1,차대차 - 정면충돌,안전운전불이행,건조,맑음,교차로 - 교차로부근,이륜,남,61세,경상,승용,남,69세,부상신고
2020030100100182,2020년 3월 1일 17시,일요일,부산광역시 서구 동대신동3가,경상사고,0,0,1,0,차대차 - 기타,직진우회전진행방해,건조,맑음,교차로 - 교차로부근,승용,남,57세,기타불명,이륜,여,31세,경상
2020030100100196,2020년 3월 1일 18시,일요일,부산광역시 중구 중앙동4가,중상사고,0,1,1,0,차대차 - 기타,안전운전불이행,건조,맑음,단일로 - 기타,승용,남,33세,상해없음,승합,남,64세,상해없음
2020030100100197,2020년 3월 1일 18시,일요일,부산광역시 남구 대연동,중상사고,0,1,0,0,차대차 - 정면충돌,안전운전불이행,건조,맑음,단일로 - 기타,승합,남,59세,상해없음,이륜,남,24세,중상