사고번호,사고일시,요일,시군구,사고내용,사망자수,중상자수,경상자수,부상신고자수,사고유형,법규위반,노면상태,기상상태,도로형태,가해운전자 차종,가해운전자 성별,가해운전자 연령,가해운전자 상해정도,피해운전자 차종,피해운전자 성별,피해운전자 연령,피해운전자 상해정도
2020030600100292,2020년 3월 6일 15시,금요일,부산광역시 서구 부민동2가,중상사고,0,1,0,0,차대사람 - 차도통행중,보행자보호의무위반,건조,맑음,단일로 - 기타,승용,여,26세,상해없음,보행자,여,61세,중상
2020030600100293,2020년 3월 6일 15시,금요일,부산광역시 동래구 사직동,경상사고,0,0,1,0,차대차 - 측면충돌,교차로운행방법위반,건조,맑음,교차로 - 교차로부근,승용,여,38세,상해없음,이륜,남,31세,경상
2020030600100294,2020년 3월 6일 15시,금요일,부산광역시 동래구 안락동,경상사고,0,0,1,0,차대차 - 측면충돌,안전운전불이행,건조,맑음,단일로 - 기타,원동기,남,31세,경상,화물,남,75세,상해없음
2020030600100329,2020년 3월 6일 16시,금요일,부산광역시 해운대구 중동,중상사고,0,1,0,0,차대차 - 측면충돌,안전운전불이행,건조,맑음,단일로 - 기타,승용,여,51세,상해없음,승용,남,37세,중상
2020030600100330,2020년 3월 6일 16시,금요일,부산광역시 사하구 괴정동,중상사고,0,1,0,0,차대사람 - 기타,안전운전불이행,건조,맑음,교차로 - 교차로부근,승용,여,61세,상해없음,보행자,여,73세,중상
2020030600100368,2020년 3월 6일 17시,금요일,부산광역시 수영구 남천동,중상사고,0,1,0,0,차대사람 - 보도통행중,기타,건조,맑음,단일로 - 기타,승용,남,48세,상해없음,보행자,여,61세,중상
2020030600100369,2020년 3월 6일 17시,금요일,부산광역시 사하구 괴정동,경상사고,0,0,1,0,차대차 - 기타,안전운전불이행,건조,맑음,단일로 - 지하차도(도로)내,승용,여,53세,상해없음,승용,남,31세,경상
2020030600100458,2020년 3월 6일 19시,금요일,부산광역시 사상구 학장동,중상사고,0,1,0,0,차대차 - 기타,중앙선침범,건조,흐림,교차로 - 교차로부근,승용,남,48세,상해없음,이륜,남,43세,중상
2020030600100494,2020년 3월 6일 20시,금요일,부산광역시 금정구 금사동,경상사고,0,0,2,0,차대차 - 측면충돌,신호위반,건조,맑음,교차로 - 교차로안,승용,남,37세,상해없음,승용,여,57세,경상
2020030600100495,2020년 3월 6일 20시,금요일,부산광역시 연제구 연산동,경상사고,0,0,1,0,차대사람 - 횡단중,보행자보호의무위반,건조,맑음,교차로 - 교차로부근,승용,남,60세,상해없음,보행자,여,47세,경상
2020030600100496,2020년 3월 6일 20시,금요일,부산광역시 기장군 기장읍,중상사고,0,1,0,0,차대차 - 측면충돌,안전운전불이행,건조,맑음,기타 - 기타,이륜,남,18세,기타불명,승용,여,42세,중상
2020030600100497,2020년 3월 6일 20시,금요일,부산광역시 기장군 기장읍,경상사고,0,0,4,0,차대차 - 추돌,안전운전불이행,건조,맑음,기타 - 기타,승용,남,60세,상해없음,승용,남,37세,경상
2020030600100498,2020년 3월 6일 20시,금요일,부산광역시 기장군 기장읍,경상사고,0,0,1,0,차대차 - 후진중충돌,안전운전불이행,건조,맑음,단일로 - 기타,승용,남,60세,상해없음,원동기,남,25세,경상
2020030600100547,2020년 3월 6일 22시,금요일,부산광역시 영도구 봉래동5가,중상사고,0,1,0,0,차대차 - 측면충돌,기타,건조,맑음,단일로 - 기타,이륜,남,19세,중상,이륜,남,17세,상해없음
2020030700100003,2020년 3월 7일 00시,토요일,부산광역시 기장군 정관읍,경상사고,0,0,1,0,차대차 - 추돌,안전운전불이행,건조,맑음,교차로 - 교차로부근,승용,여,37세,상해없음,승용,여,28세,경상
2020030700100027,2020년 3월 7일 02시,토요일,부산광역시 수영구 광안동,경상사고,0,0,1,0,차대사람 - 길가장자리구역통행중,안전운전불이행,건조,맑음,단일로 - 기타,승용,남,24세,상해없음,보행자,남,30세,경상
2020030700100047,2020년 3월 7일 04시,토요일,부산광역시 부산진구 양정동,중상사고,0,1,1,0,차대차 - 측면충돌,신호위반,건조,맑음,교차로 - 교차로안,원동기,남,24세,중상,승용,남,70세,상해없음
2020030700100064,2020년 3월 7일 06시,토요일,부산광역시 북구 구포동,중상사고,0,2,0,0,차대차 - 기타,교차로운행방법위반,건조,맑음,교차로 - 교차로안,승합,남,43세,상해없음,이륜,남,18세,중상
2020030700100065,2020년 3월 7일 06시,토요일,부산광역시 사상구 모라동,경상사고,0,0,1,0,차대차 - 측면충돌,교차로운행방법위반,건조,맑음,교차로 - 교차로안,승용,남,68세,상해없음,승용,남,34세,경상
2020030700100071,2020년 3월 7일 07시,토요일,부산광역시 중구 중앙동4가,경상사고,0,0,2,0,차대차 - 측면충돌,교차로운행방법위반,건조,맑음,교차로 - 교차로안,승용,남,77세,기타불명,승용,여,48세,경상
2020030700100080,2020년 3월 7일 08시,토요일,부산광역시 부산진구 초읍동,중상사고,0,1,0,0,차대사람 - 횡단중,보행자보호의무위반,건조,맑음,기타 - 기타,승용,남,27세,상해없음,보행자,여,64세,중상
2020030700100102,2020년 3월 7일 10시,토요일,부산광역시 남구 문현동,경상사고,0,0,2,0,차대차 - 측면충돌,신호위반,건조,맑음,단일로 - 기타,승용,남,58세,상해없음,승용,여,18세,경상
2020030700100138,2020년 3월 7일 11시,토요일,부산광역시 사상구 주례동,경상사고,0,0,3,0,차대차 - 추돌,신호위반,건조,맑음,단일로 - 고가도로위,승용,남,49세,상해없음,승용,남,27세,경상
2020030700100164,2020년 3월 7일 12시,토요일,부산광역시 부산진구 범천동,경상사고,0,0,1,0,차대차 - 측면충돌,교차로운행방법위반,건조,흐림,교차로 - 교차로안,원동기,남,45세,경상,승용,여,50세,상해없음
2020030700100165,2020년 3월 7일 12시,토요일,부산광역시 사상구 감전동,경상사고,0,0,1,0,차대차 - 기타,안전운전불이행,건조,맑음,기타 - 기타,화물,남,45세,상해없음,이륜,남,30세,경상
2020030700100166,2020년 3월 7일 12시,토요일,부산광역시 기장군 기장읍,경상사고,0,0,1,0,차대차 - 측면충돌,안전거리미확보,건조,맑음,교차로 - 교차로부근,화물,남,61세,상해없음,승용,여,53세,경상
2020030700100193,2020년 3월 7일 13시,토요일,부산광역시 사하구 괴정동,경상사고,0,0,1,0,차대차 - 추돌,안전거리미확보,건조,맑음,단일로 - 기타,승용,여,57세,상해없음,승용,남,45세,경상
2020030700100194,2020년 3월 7일 13시,토요일,부산광역시 기장군 기장읍,경상사고,0,0,1,1,차대차 - 측면충돌,직진우회전진행방해,건조,맑음,교차로 - 교차로안,승용,남,65세,상해없음,승용,남,26세,경상
2020030700100213,2020년 3월 7일 14시,토요일,부산광역시 서구 아미동2가,경상사고,0,0,1,0,차대사람 - 횡단중,보행자보호의무위반,젖음/습기,비,교차로 - 교차로부근,승용,남,28세,상해없음,보행자,남,96세,경상
2020030700100236,2020년 3월 7일 15시,토요일,부산광역시 연제구 연산동,부상신고사고,0,0,0,1,차대차 - 측면충돌,교차로운행방법위반,건조,맑음,교차로 - 교차로안,승용,남,18세,상해없음,이륜,남,24세,부상신고
2020030700100237,2020년 3월 7일 15시,토요일,부산광역시 사상구 감전동,경상사고,0,0,1,0,차대차 - 측면충돌,교차로운행방법위반,건조,맑음,교차로 - 교차로부근,화물,남,40세,상해없음,승용,남,58세,경상
2020030700100255,2020년 3월 7일 16시,토요일,부산광역시 남구 대연동,중상사고,0,1,0,0,차대차 - 측면충돌,안전운전불이행,젖음/습기,비,단일로 - 기타,승용,남,58세,상해없음,이륜,남,31세,중상
2020030700100256,2020년 3월 7일 16시,토요일,부산광역시 금정구 구서동,경상사고,0,0,1,0,차대차 - 측면충돌,안전운전불이행,건조,맑음,기타 - 기타,승용,남,49세,상해없음,이륜,남,32세,경상
2020030700100257,2020년 3월 7일 16시,토요일,부산광역시 사상구 덕포동,중상사고,0,1,0,0,차대차 - 추돌,교차로운행방법위반,젖음/습기,비,교차로 - 교차로안,화물,남,55세,상해없음,화물,남,56세,중상
2020030700100304,2020년 3월 7일 18시,토요일,부산광역시 서구 남부민동,경상사고,0,0,1,0,차대차 - 기타,안전거리미확보,젖음/습기,비,교차로 - 교차로부근,승용,남,33세,상해없음,이륜,남,19세,경상
2020030700100305,2020년 3월 7일 18시,토요일,부산광역시 해운대구 좌동,중상사고,0,1,0,0,차대사람 - 차도통행중,안전운전불이행,젖음/습기,비,단일로 - 기타,이륜,남,39세,상해없음,보행자,여,54세,중상
2020030700100306,2020년 3월 7일 18시,토요일,부산광역시 부산진구 부전동,중상사고,0,1,0,0,차대차 - 기타,신호위반,건조,맑음,단일로 - 기타,승용,여,35세,상해없음,이륜,남,30세,중상
2020030700100338,2020년 3월 7일 19시,토요일,부산광역시 사상구 주례동,경상사고,0,0,1,0,차대차 - 기타,안전운전불이행,젖음/습기,맑음,교차로 - 교차로부근,이륜,남,20세,경상,승용,여,49세,상해없음
2020030700100369,2020년 3월 7일 20시,토요일,부산광역시 동래구 명장동,부상신고사고,0,0,0,1,차대차 - 기타,신호위반,젖음/습기,비,교차로 - 교차로안,기타불명,기타불명,미분류,기타불명,이륜,남,39세,부상신고
2020030700100370,2020년 3월 7일 20시,토요일,부산광역시 금정구 장전동,부상신고사고,0,0,0,1,차대차 - 기타,과속,젖음/습기,비,교차로 - 교차로안,승용,남,34세,부상신고,승용,여,25세,상해없음
2020030700100392,2020년 3월 7일 21시,토요일,부산광역시 동래구 온천동,경상사고,0,0,1,0,차대차 - 측면충돌,안전운전불이행,젖음/습기,비,교차로 - 교차로안,승용,남,26세,상해없음,이륜,남,35세,경상
2020030700100393,2020년 3월 7일 21시,토요일,부산광역시 사상구 모라동,부상신고사고,0,0,0,1,차대차 - 후진중충돌,안전운전불이행,건조,맑음,단일로 - 기타,승용,남,59세,상해없음,승용,남,60세,부상신고
2020030700100409,2020년 3월 7일 22시,토요일,부산광역시 영도구 영선동4가,경상사고,0,0,1,0,차량단독 - 공작물충돌,안전운전불이행,젖음/습기,비,단일로 - 기타,승용,남,59세,기타불명,,,,
2020030800100003,2020년 3월 8일 00시,일요일,부산광역시 해운대구 좌동,부상신고사고,0,0,0,1,차대차 - 추돌,안전운전불이행,건조,맑음,교차로 - 교차로부근,이륜,남,33세,부상신고,승용,남,55세,상해없음
2020030800100014,2020년 3월 8일 01시,일요일,부산광역시 북구 덕천동,경상사고,0,0,3,0,차대차 - 추돌,안전운전불이행,건조,맑음,단일로 - 기타,화물,남,22세,상해없음,승용,남,67세,경상
2020030800100036,2020년 3월 8일 03시,일요일,부산광역시 해운대구 재송동,중상사고,0,1,0,2,차대차 - 측면충돌,중앙선침범,젖음/습기,비,단일로 - 기타,승용,남,20세,상해없음,승용,남,57세,부상신고
2020030800100058,2020년 3월 8일 06시,일요일,부산광역시 동래구 안락동,중상사고,0,1,0,0,차대차 - 측면충돌,교차로운행방법위반,건조,맑음,교차로 - 교차로안,승용,남,65세,상해없음,화물,남,76세,중상
2020030800100063,2020년 3월 8일 07시,일요일,부산광역시 동래구 명륜동,경상사고,0,0,1,0,차대차 - 추돌,안전거리미확보,건조,맑음,단일로 - 기타,승용,남,28세,상해없음,승용,여,66세,경상
2020030800100074,2020년 3월 8일 08시,일요일,부산광역시 금정구 구서동,경상사고,0,0,2,0,차대차 - 측면충돌,교차로운행방법위반,건조,맑음,단일로 - 기타,승용,남,76세,상해없음,승용,남,59세,경상
2020030800100080,2020년 3월 8일 09시,일요일,부산광역시 금정구 금사동,경상사고,0,0,1,0,차대차 - 측면충돌,신호위반,건조,맑음,교차로 - 교차로안,승용,남,63세,상해없음,승용,여,60세,경상
2020030800100081,2020년 3월 8일 09시,일요일,부산광역시 금정구 금사동,경상사고,0,0,3,0,차대차 - 추돌,중앙선침범,건조,맑음,단일로 - 기타,승용,남,54세,상해없음,승용,여,60세,경상
2020030800100163,2020년 3월 8일 14시,일요일,부산광역시 금정구 서동,경상사고,0,0,1,0,차대사람 - 길가장자리구역통행중,안전운전불이행,건조,맑음,단일로 - 기타,승용,남,39세,상해없음,보행자,남,58세,경상
2020030800100207,2020년 3월 8일 16시,일요일,부산광역시 남구 감만동,경상사고,0,0,4,0,차대차 - 추돌,안전운전불이행,건조,맑음,단일로 - 기타,승용,남,64세,상해없음,승용,남,53세,경상
2020030800100208,2020년 3월 8일 16시,일요일,부산광역시 부산진구 개금동,경상사고,0,0,2,0,차대차 - 기타,안전운전불이행,건조,맑음,단일로 - 기타,승용,남,39세,상해없음,화물,남,41세,경상
2020030800100238,2020년 3월 8일 17시,일요일,부산광역시 부산진구 당감동,경상사고,0,0,1,0,차대사람 - 횡단중,신호위반,건조,맑음,단일로 - 기타,원동기,남,15세,상해없음,보행자,여,66세,경상
2020030800100278,2020년 3월 8일 18시,일요일,부산광역시 북구 구포동,경상사고,0,0,1,0,차대사람 - 기타,안전운전불이행,건조,맑음,단일로 - 기타,화물,여,62세,상해없음,보행자,남,67세,경상
2020030800100279,2020년 3월 8일 18시,일요일,부산광역시 해운대구 중동,경상사고,0,0,1,0,차대사람 - 기타,안전운전불이행,건조,맑음,단일로 - 기타,승용,남,61세,상해없음,보행자,남,63세,경상
2020030800100294,2020년 3월 8일 19시,일요일,부산광역시 수영구 수영동,중상사고,0,1,1,0,차대사람 - 기타,신호위반,건조,맑음,단일로 - 기타,승용,남,35세,상해없음,보행자,여,50세,중상
2020030800100323,2020년 3월 8일 20시,일요일,부산광역시 남구 대연동,경상사고,0,0,1,0,차대차 - 측면충돌,안전운전불이행,건조,맑음,단일로 - 기타,승용,남,63세,상해없음,화물,남,44세,경상
2020030800100366,2020년 3월 8일 23시,일요일,부산광역시 부산진구 양정동,경상사고,0,0,1,0,차대차 - 정면충돌,중앙선침범,건조,맑음,단일로 - 기타,승용,남,28세,상해없음,승용,남,61세,경상
2020030900100003,2020년 3월 9일 00시,월요일,부산광역시 동구 좌천동,중상사고,0,1,0,0,차대차 - 기타,안전운전불이행,건조,맑음,단일로 - 기타,승용,남,31세,상해없음,승용,여,32세,기타불명
2020030900100037,2020년 3월 9일 06시,월요일,부산광역시 강서구 명지동,경상사고,0,0,1,0,차대차 - 측면충돌,신호위반,건조,맑음,교차로 - 교차로안,승용,남,68세,상해없음,승용,여,58세,경상
2020030900100052,2020년 3월 9일 07시,월요일,부산광역시 북구 구포동,경상사고,0,0,1,0,차대차 - 기타,안전운전불이행,젖음/습기,비,단일로 - 기타,승용,남,40세,상해없음,승용,남,55세,경상
2020030900100053,2020년 3월 9일 07시,월요일,부산광역시 부산진구 부암동,경상사고,0,0,2,0,차대차 - 기타,신호위반,건조,맑음,교차로 - 교차로안,승용,여,47세,상해없음,승용,남,63세,경상
2020030900100080,2020년 3월 9일 08시,월요일,부산광역시 사하구 감천동,경상사고,0,0,1,0,차대사람 - 길가장자리구역통행중,안전운전불이행,건조,맑음,단일로 - 기타,승용,남,53세,상해없음,보행자,여,16세,경상
2020030900100148,2020년 3월 9일 10시,월요일,부산광역시 중구 남포동5가,중상사고,0,1,0,0,차대차 - 기타,안전운전불이행,건조,맑음,단일로 - 기타,승용,남,49세,상해없음,이륜,남,64세,중상
2020030900100175,2020년 3월 9일 11시,월요일,부산광역시 부산진구 당감동,경상사고,0,0,1,0,차대차 - 기타,안전운전불이행,건조,맑음,교차로 - 교차로안,승용,여,19세,상해없음,승용,여,25세,경상
2020030900100176,2020년 3월 9일 11시,월요일,부산광역시 부산진구 범천동,경상사고,0,0,2,0,차대차 - 기타,직진우회전진행방해,건조,맑음,교차로 - 교차로안,승용,남,51세,상해없음,승용,남,82세,경상
2020030900100205,2020년 3월 9일 12시,월요일,부산광역시 연제구 연산동,경상사고,0,0,1,0,차대차 - 기타,기타,건조,맑음,단일로 - 기타,화물,남,28세,상해없음,자전거,남,67세,경상
2020030900100231,2020년 3월 9일 13시,월요일,부산광역시 사상구 주례동,경상사고,0,0,1,0,차대차 - 측면충돌,안전운전불이행,건조,흐림,기타 - 기타,화물,남,73세,상해없음,원동기,여,40세,상해없음
2020030900100260,2020년 3월 9일 14시,월요일,부산광역시 사상구 모라동,중상사고,0,1,2,0,차대사람 - 횡단중,보행자보호의무위반,건조,맑음,교차로 - 교차로부근,승용,남,77세,상해없음,보행자,남,23세,중상
2020030900100285,2020년 3월 9일 15시,월요일,부산광역시 부산진구 개금동,경상사고,0,0,1,0,차대차 - 측면충돌,안전운전불이행,건조,맑음,단일로 - 기타,화물,남,61세,상해없음,이륜,남,33세,경상
2020030900100286,2020년 3월 9일 15시,월요일,부산광역시 사상구 삼락동,중상사고,0,1,0,0,차대차 - 측면충돌,안전운전불이행,건조,맑음,교차로 - 교차로안,승용,남,63세,상해없음,이륜,남,47세,중상
2020030900100287,2020년 3월 9일 15시,월요일,부산광역시 기장군 정관읍,경상사고,0,0,1,0,차대차 - 측면충돌,안전운전불이행,건조,맑음,교차로 - 교차로안,승용,여,67세,상해없음,자전거,남,77세,경상
2020030900100313,2020년 3월 9일 16시,월요일,부산광역시 강서구 성북동,경상사고,0,0,1,0,차대차 - 측면충돌,안전거리미확보,건조,맑음,교차로 - 교차로안,특수,남,58세,상해없음,특수,남,49세,경상
2020030900100337,2020년 3월 9일 17시,월요일,부산광역시 해운대구 반여동,경상사고,0,0,1,0,차대사람 - 보도통행중,보행자보호의무위반,건조,맑음,교차로 - 교차로횡단보도내,승용,여,52세,상해없음,보행자,여,61세,경상
2020030900100368,2020년 3월 9일 18시,월요일,부산광역시 남구 대연동,경상사고,0,0,3,0,차대차 - 측면충돌,안전운전불이행,건조,맑음,교차로 - 교차로안,승용,남,28세,기타불명,승용,남,42세,경상
2020030900100369,2020년 3월 9일 18시,월요일,부산광역시 부산진구 개금동,경상사고,0,0,1,0,차대차 - 측면충돌,신호위반,젖음/습기,비,교차로 - 교차로횡단보도내,승용,남,58세,상해없음,이륜,남,48세,경상
2020030900100370,2020년 3월 9일 18시,월요일,부산광역시 금정구 두구동,중상사고,0,1,0,0,차대사람 - 기타,안전운전불이행,젖음/습기,비,단일로 - 기타,화물,남,48세,상해없음,보행자,남,75세,중상
2020030900100371,2020년 3월 9일 18시,월요일,부산광역시 사하구 하단동,경상사고,0,0,3,0,차대차 - 측면충돌,교차로운행방법위반,건조,맑음,교차로 - 교차로안,승용,남,59세,경상,승용,남,24세,경상
2020030900100468,2020년 3월 9일 21시,월요일,부산광역시 남구 대연동,경상사고,0,0,5,0,차대차 - 기타,안전운전불이행,건조,맑음,단일로 - 기타,승용,남,25세,상해없음,승용,남,35세,경상
2020030900100469,2020년 3월 9일 21시,월요일,부산광역시 북구 화명동,경상사고,0,0,1,0,차대사람 - 기타,교차로운행방법위반,젖음/습기,비,교차로 - 교차로안,승용,여,28세,상해없음,보행자,남,45세,경상
2020030900100470,2020년 3월 9일 21시,월요일,부산광역시 북구 만덕동,경상사고,0,0,2,0,차대차 - 기타,안전운전불이행,젖음/습기,비,교차로 - 교차로안,화물,남,65세,상해없음,승용,남,34세,경상
2020030900100471,2020년 3월 9일 21시,월요일,부산광역시 사하구 하단동,경상사고,0,0,1,0,차대사람 - 기타,안전운전불이행,젖음/습기,비,교차로 - 교차로부근,승용,남,59세,상해없음,보행자,여,54세,경상
2020030900100472,2020년 3월 9일 21시,월요일,부산광역시 사하구 괴정동,경상사고,0,0,1,0,차대사람 - 횡단중,신호위반,젖음/습기,비,교차로 - 교차로횡단보도내,승용,남,63세,상해없음,보행자,남,18세,경상
2020030900100504,2020년 3월 9일 22시,월요일,부산광역시 중구 부평동3가,경상사고,0,0,1,0,차대사람 - 횡단중,안전운전불이행,젖음/습기,비,교차로 - 교차로안,승용,남,43세,상해없음,보행자,남,69세,경상
2020030900100505,2020년 3월 9일 22시,월요일,부산광역시 강서구 명지동,경상사고,0,0,1,1,차대차 - 기타,안전운전불이행,젖음/습기,비,단일로 - 기타,승용,남,34세,상해없음,승용,남,24세,경상
2020031000100008,2020년 3월 10일 00시,화요일,부산광역시 강서구 신호동,경상사고,0,0,1,0,차대차 - 기타,안전운전불이행,젖음/습기,비,교차로 - 교차로부근,승용,남,60세,상해없음,화물,남,37세,경상
2020031000100061,2020년 3월 10일 05시,화요일,부산광역시 사하구 감천동,중상사고,0,1,0,0,차대사람 - 기타,안전운전불이행,건조,맑음,교차로 - 교차로안,승합,남,52세,상해없음,보행자,여,73세,중상
2020031000100068,2020년 3월 10일 06시,화요일,부산광역시 연제구 거제동,사망사고,1,0,0,0,차대사람 - 횡단중,신호위반,젖음/습기,비,교차로 - 교차로횡단보도내,승용,남,30세,상해없음,보행자,남,66세,사망
2020031000100080,2020년 3월 10일 07시,화요일,부산광역시 강서구 대저1동,경상사고,0,0,1,0,차대차 - 기타,안전운전불이행,젖음/습기,비,기타 - 기타,승용,남,38세,기타불명,화물,남,35세,경상
2020031000100094,2020년 3월 10일 08시,화요일,부산광역시 영도구 동삼동,중상사고,0,1,0,0,차대사람 - 기타,안전운전불이행,건조,맑음,단일로 - 기타,승합,남,48세,상해없음,보행자,여,62세,중상
2020031000100095,2020년 3월 10일 08시,화요일,부산광역시 연제구 거제동,경상사고,0,0,2,0,차대차 - 추돌,안전운전불이행,젖음/습기,비,단일로 - 기타,승합,남,39세,상해없음,승용,남,64세,경상
2020031000100118,2020년 3월 10일 09시,화요일,부산광역시 사상구 감전동,중상사고,0,1,0,0,차대사람 - 기타,안전운전불이행,건조,맑음,단일로 - 기타,화물,남,50세,상해없음,보행자,남,78세,중상
2020031000100158,2020년 3월 10일 11시,화요일,부산광역시 남구 대연동,경상사고,0,0,1,0,차대차 - 측면충돌,안전거리미확보,젖음/습기,비,단일로 - 기타,승용,남,27세,상해없음,승용,여,56세,경상
2020031000100159,2020년 3월 10일 11시,화요일,부산광역시 영도구 동삼동,중상사고,0,1,1,0,차대차 - 측면충돌,안전운전불이행,젖음/습기,비,단일로 - 기타,승용,여,44세,상해없음,화물,남,45세,중상
2020031000100182,2020년 3월 10일 12시,화요일,부산광역시 남구 대연동,경상사고,0,0,1,0,차대차 - 기타,중앙선침범,건조,맑음,단일로 - 기타,승용,여,48세,상해없음,이륜,남,62세,경상
2020031000100183,2020년 3월 10일 12시,화요일,부산광역시 금정구 부곡동,경상사고,0,0,1,0,차량단독 - 전도전복 - 전도,안전운전불이행,젖음/습기,비,단일로 - 기타,이륜,남,22세,경상,,,,
2020031000100184,2020년 3월 10일 12시,화요일,부산광역시 강서구 송정동,경상사고,0,0,1,0,차대차 - 기타,안전운전불이행,젖음/습기,비,교차로 - 교차로부근,이륜,남,57세,경상,승용,남,26세,상해없음
2020031000100205,2020년 3월 10일 13시,화요일,부산광역시 해운대구 좌동,경상사고,0,0,1,0,차대차 - 추돌,안전운전불이행,건조,맑음,교차로 - 교차로부근,건설기계,남,56세,상해없음,승용,여,46세,경상
2020031000100206,2020년 3월 10일 13시,화요일,부산광역시 사하구 장림동,경상사고,0,0,1,0,차대차 - 측면충돌,교차로운행방법위반,건조,맑음,교차로 - 교차로안,특수,남,60세,상해없음,승용,남,41세,경상
2020031000100235,2020년 3월 10일 14시,화요일,부산광역시 동구 범일동,경상사고,0,0,1,0,차대차 - 측면충돌,안전운전불이행,건조,맑음,단일로 - 기타,화물,남,48세,상해없음,승용,여,64세,경상
2020031000100236,2020년 3월 10일 14시,화요일,부산광역시 사하구 감천동,경상사고,0,0,1,0,차대차 - 정면충돌,교차로운행방법위반,젖음/습기,비,교차로 - 교차로안,승용,남,63세,상해없음,이륜,남,25세,경상
2020031000100237,2020년 3월 10일 14시,화요일,부산광역시 연제구 거제동,중상사고,0,1,0,0,차대차 - 추돌,안전거리미확보,건조,맑음,단일로 - 기타,승합,남,39세,상해없음,승용,여,44세,중상
2020031000100238,2020년 3월 10일 14시,화요일,부산광역시 사상구 괘법동,부상신고사고,0,0,0,1,차대차 - 기타,신호위반,젖음/습기,맑음,교차로 - 교차로안,승합,남,62세,상해없음,승용,남,45세,부상신고
2020031000100258,2020년 3월 10일 15시,화요일,부산광역시 서구 부용동2가,중상사고,0,1,0,0,차대차 - 측면충돌,안전운전불이행,젖음/습기,비,교차로 - 교차로안,승용,남,61세,상해없음,원동기,남,23세,중상
2020031000100259,2020년 3월 10일 15시,화요일,부산광역시 북구 화명동,중상사고,0,1,1,0,차대차 - 기타,안전운전불이행,건조,맑음,교차로 - 교차로부근,승용,남,54세,경상,화물,남,49세,중상
2020031000100304,2020년 3월 10일 17시,화요일,부산광역시 부산진구 범천동,중상사고,0,1,0,0,차대차 - 측면충돌,안전운전불이행,젖음/습기,흐림,단일로 - 기타,승용,남,61세,상해없음,이륜,남,28세,중상
2020031000100305,2020년 3월 10일 17시,화요일,부산광역시 기장군 정관읍,경상사고,0,0,1,0,차대차 - 기타,안전운전불이행,건조,맑음,교차로 - 교차로안,승용,여,46세,상해없음,이륜,남,26세,경상
2020031000100334,2020년 3월 10일 18시,화요일,부산광역시 동구 좌천동,경상사고,0,0,1,0,차대차 - 기타,안전운전불이행,건조,맑음,단일로 - 기타,승용,남,59세,상해없음,승용,남,39세,경상
2020031000100335,2020년 3월 10일 18시,화요일,부산광역시 해운대구 송정동,중상사고,0,1,0,0,차대차 - 기타,안전운전불이행,젖음/습기,흐림,교차로 - 교차로안,승용,남,41세,상해없음,승용,여,56세,중상
2020031000100458,2020년 3월 10일 22시,화요일,부산광역시 연제구 연산동,경상사고,0,0,2,0,차대차 - 측면충돌,안전거리미확보,건조,맑음,단일로 - 기타,원동기,남,23세,상해없음,승용,남,27세,경상
2020031000100471,2020년 3월 10일 23시,화요일,부산광역시 부산진구 부전동,경상사고,0,0,1,0,차대차 - 추돌,안전운전불이행,건조,맑음,단일로 - 기타,승용,남,39세,상해없음,승용,남,48세,경상
2020031100100040,2020년 3월 11일 05시,수요일,부산광역시 해운대구 우동,경상사고,0,0,1,0,차대차 - 측면충돌,안전운전불이행,건조,맑음,단일로 - 기타,승용,남,62세,상해없음,이륜,남,38세,경상
2020031100100047,2020년 3월 11일 06시,수요일,부산광역시 사하구 신평동,경상사고,0,0,1,0,차대차 - 추돌,안전거리미확보,건조,맑음,교차로 - 교차로안,승용,남,48세,상해없음,승용,남,61세,경상
2020031100100061,2020년 3월 11일 07시,수요일,부산광역시 사상구 덕포동,경상사고,0,0,1,0,차대차 - 기타,신호위반,건조,맑음,교차로 - 교차로안,승용,남,37세,상해없음,승용,여,64세,경상
2020031100100112,2020년 3월 11일 09시,수요일,부산광역시 동래구 온천동,경상사고,0,0,3,0,차대차 - 측면충돌,안전운전불이행,건조,맑음,단일로 - 기타,승용,남,46세,경상,화물,남,67세,경상
2020031100100156,2020년 3월 11일 11시,수요일,부산광역시 남구 대연동,중상사고,0,1,0,0,차대사람 - 횡단중,안전운전불이행,건조,맑음,단일로 - 기타,승용,여,52세,상해없음,보행자,남,77세,중상
2020031100100181,2020년 3월 11일 12시,수요일,부산광역시 부산진구 부암동,중상사고,0,1,0,0,차대차 - 측면충돌,안전운전불이행,건조,맑음,단일로 - 기타,승용,남,47세,상해없음,이륜,남,63세,중상
2020031100100182,2020년 3월 11일 12시,수요일,부산광역시 금정구 두구동,경상사고,0,0,1,0,차대차 - 측면충돌,안전운전불이행,건조,맑음,단일로 - 기타,승용,여,62세,상해없음,승용,남,37세,상해없음
2020031100100183,2020년 3월 11일 12시,수요일,부산광역시 연제구 연산동,경상사고,0,0,2,0,차대차 - 추돌,안전운전불이행,건조,맑음,교차로 - 교차로횡단보도내,이륜,여,56세,경상,승용,남,25세,경상
2020031100100237,2020년 3월 11일 14시,수요일,부산광역시 동래구 명장동,경상사고,0,0,2,0,차대차 - 측면충돌,안전운전불이행,건조,맑음,단일로 - 기타,이륜,남,18세,상해없음,승용,남,63세,경상
2020031100100238,2020년 3월 11일 14시,수요일,부산광역시 기장군 기장읍,경상사고,0,0,1,0,차대차 - 측면충돌,교차로운행방법위반,건조,맑음,교차로 - 교차로안,이륜,남,68세,기타불명,승용,남,55세,경상