사고번호,사고일시,요일,시군구,사고내용,사망자수,중상자수,경상자수,부상신고자수,사고유형,법규위반,노면상태,기상상태,도로형태,가해운전자 차종,가해운전자 성별,가해운전자 연령,가해운전자 상해정도,피해운전자 차종,피해운전자 성별,피해운전자 연령,피해운전자 상해정도
2020032800100059,2020년 3월 28일 05시,토요일,부산광역시 사상구 엄궁동,경상사고,0,0,3,2,차대차 - 추돌,안전거리미확보,건조,맑음,교차로 - 교차로부근,승용,남,50세,부상신고,화물,남,57세,경상
2020032800100077,2020년 3월 28일 07시,토요일,부산광역시 강서구 생곡동,중상사고,0,1,0,0,차대차 - 기타,안전운전불이행,건조,맑음,교차로 - 교차로부근,특수,남,72세,상해없음,승용,남,61세,중상
2020032800100090,2020년 3월 28일 08시,토요일,부산광역시 사하구 장림동,중상사고,0,1,1,0,차대사람 - 기타,안전운전불이행,건조,맑음,기타 - 기타,화물,남,61세,상해없음,보행자,남,69세,경상
2020032800100091,2020년 3월 28일 08시,토요일,부산광역시 사하구 괴정동,경상사고,0,0,2,0,차대차 - 기타,안전운전불이행,건조,맑음,교차로 - 교차로안,승용,여,51세,상해없음,이륜,남,36세,경상
2020032800100111,2020년 3월 28일 09시,토요일,부산광역시 북구 화명동,중상사고,0,1,0,0,차대차 - 추돌,안전운전불이행,건조,맑음,단일로 - 지하차도(도로)내,승용,남,42세,상해없음,승용,남,67세,상해없음
2020032800100112,2020년 3월 28일 09시,토요일,부산광역시 사상구 괘법동,경상사고,0,0,1,0,차대차 - 측면충돌,안전운전불이행,건조,맑음,단일로 - 기타,화물,남,55세,상해없음,화물,남,51세,상해없음
2020032800100141,2020년 3월 28일 10시,토요일,부산광역시 사하구 당리동,경상사고,0,0,1,0,차대사람 - 기타,안전운전불이행,건조,맑음,단일로 - 지하차도(도로)내,승용,남,58세,상해없음,보행자,여,77세,경상
2020032800100160,2020년 3월 28일 11시,토요일,부산광역시 동구 초량동,경상사고,0,0,1,0,차대차 - 기타,신호위반,건조,맑음,교차로 - 교차로안,승용,남,64세,상해없음,화물,남,64세,상해없음
2020032800100161,2020년 3월 28일 11시,토요일,부산광역시 부산진구 범천동,중상사고,0,1,0,0,차대차 - 기타,안전거리미확보,건조,맑음,교차로 - 교차로부근,승용,남,37세,상해없음,승합,남,59세,중상
2020032800100186,2020년 3월 28일 12시,토요일,부산광역시 동래구 복천동,경상사고,0,0,2,0,차대차 - 측면충돌,안전운전불이행,건조,맑음,교차로 - 교차로안,승용,남,62세,경상,승용,남,53세,경상
2020032800100187,2020년 3월 28일 12시,토요일,부산광역시 해운대구 우동,경상사고,0,0,1,0,차대차 - 후진중충돌,안전운전불이행,건조,맑음,단일로 - 기타,승용,남,29세,상해없음,승용,남,39세,경상
2020032800100188,2020년 3월 28일 12시,토요일,부산광역시 사상구 괘법동,중상사고,0,1,0,0,차대차 - 측면충돌,안전운전불이행,건조,맑음,단일로 - 기타,건설기계,남,37세,상해없음,승용,남,69세,중상
2020032800100224,2020년 3월 28일 13시,토요일,부산광역시 북구 덕천동,경상사고,0,0,1,0,차대사람 - 횡단중,보행자보호의무위반,건조,맑음,단일로 - 기타,이륜,남,19세,상해없음,보행자,여,40세,경상
2020032800100225,2020년 3월 28일 13시,토요일,부산광역시 부산진구 범전동,경상사고,0,0,1,0,차대차 - 측면충돌,안전거리미확보,건조,맑음,기타 - 기타,승용,남,80세,상해없음,승용,남,56세,경상
2020032800100226,2020년 3월 28일 13시,토요일,부산광역시 강서구 대저2동,부상신고사고,0,0,0,1,차대차 - 측면충돌,안전운전불이행,건조,맑음,단일로 - 기타,자전거,남,58세,상해없음,자전거,여,57세,상해없음
2020032800100252,2020년 3월 28일 14시,토요일,부산광역시 부산진구 개금동,중상사고,0,2,1,0,차대사람 - 길가장자리구역통행중,안전운전불이행,건조,맑음,단일로 - 기타,승용,남,59세,상해없음,보행자,여,67세,경상
2020032800100305,2020년 3월 28일 16시,토요일,부산광역시 동래구 사직동,경상사고,0,0,1,0,차대차 - 기타,안전운전불이행,건조,맑음,교차로 - 교차로안,승용,남,65세,상해없음,특수,남,31세,경상
2020032800100332,2020년 3월 28일 17시,토요일,부산광역시 중구 부평동1가,경상사고,0,0,1,0,차대차 - 추돌,안전운전불이행,건조,맑음,교차로 - 교차로부근,승용,남,46세,상해없음,승용,남,61세,경상
2020032800100333,2020년 3월 28일 17시,토요일,부산광역시 사상구 학장동,경상사고,0,0,2,0,차대차 - 측면충돌,안전운전불이행,건조,맑음,단일로 - 기타,승용,여,54세,경상,승용,남,27세,경상
2020032800100397,2020년 3월 28일 19시,토요일,부산광역시 해운대구 반여동,경상사고,0,0,1,0,차대차 - 기타,신호위반,건조,맑음,교차로 - 교차로안,이륜,남,25세,경상,승용,남,30세,상해없음
2020032800100398,2020년 3월 28일 19시,토요일,부산광역시 사상구 감전동,중상사고,0,1,0,0,차대차 - 추돌,신호위반,건조,맑음,단일로 - 기타,이륜,남,27세,중상,화물,남,46세,상해없음
2020032800100460,2020년 3월 28일 21시,토요일,부산광역시 북구 화명동,경상사고,0,0,2,0,차대차 - 측면충돌,안전거리미확보,건조,맑음,단일로 - 기타,승용,남,31세,경상,이륜,남,29세,경상
2020032800100461,2020년 3월 28일 21시,토요일,부산광역시 부산진구 전포동,경상사고,0,0,1,0,차대사람 - 기타,기타,건조,맑음,단일로 - 기타,자전거,남,33세,상해없음,보행자,여,28세,경상
2020032800100462,2020년 3월 28일 21시,토요일,부산광역시 연제구 연산동,경상사고,0,0,1,0,차대차 - 추돌,안전거리미확보,건조,맑음,교차로 - 교차로안,승용,남,60세,상해없음,이륜,남,33세,경상
2020032800100485,2020년 3월 28일 22시,토요일,부산광역시 중구 대창동2가,경상사고,0,0,1,0,차대차 - 기타,신호위반,건조,맑음,교차로 - 교차로안,승용,남,58세,상해없음,이륜,남,21세,경상
2020032800100502,2020년 3월 28일 23시,토요일,부산광역시 부산진구 부암동,경상사고,0,0,1,0,차대차 - 측면충돌,교차로운행방법위반,건조,맑음,교차로 - 교차로안,개인형이동수단(PM),남,19세,경상,승용,남,60세,상해없음
2020032800100503,2020년 3월 28일 23시,토요일,부산광역시 기장군 기장읍,부상신고사고,0,0,0,2,차대차 - 측면충돌,안전운전불이행,건조,기타,교차로 - 교차로안,승용,남,47세,상해없음,승용,남,64세,부상신고
2020032900100006,2020년 3월 29일 00시,일요일,부산광역시 연제구 연산동,중상사고,0,1,0,0,차대사람 - 기타,중앙선침범,건조,맑음,단일로 - 기타,화물,남,38세,상해없음,보행자,남,29세,중상
2020032900100061,2020년 3월 29일 05시,일요일,부산광역시 부산진구 범천동,중상사고,0,1,0,0,차대차 - 측면충돌,신호위반,건조,맑음,교차로 - 교차로안,승용,남,66세,상해없음,이륜,남,58세,중상
2020032900100062,2020년 3월 29일 05시,일요일,부산광역시 강서구 대저2동,중상사고,0,1,0,0,차량단독 - 공작물충돌,안전운전불이행,건조,맑음,단일로 - 기타,승용,남,64세,중상,,,,
2020032900100088,2020년 3월 29일 09시,일요일,부산광역시 수영구 광안동,중상사고,0,4,2,0,차대차 - 측면충돌,기타,건조,맑음,교차로 - 교차로안,승용,남,25세,경상,승용,여,25세,중상
2020032900100100,2020년 3월 29일 10시,일요일,부산광역시 강서구 대저1동,중상사고,0,1,0,0,차대차 - 기타,신호위반,건조,맑음,교차로 - 교차로안,승용,남,58세,상해없음,자전거,남,50세,중상
2020032900100101,2020년 3월 29일 10시,일요일,부산광역시 기장군 장안읍,경상사고,0,0,1,0,차대차 - 기타,안전운전불이행,건조,맑음,단일로 - 기타,승합,남,59세,상해없음,자전거,남,51세,경상
2020032900100112,2020년 3월 29일 11시,일요일,부산광역시 서구 서대신동2가,경상사고,0,0,1,0,차대차 - 추돌,안전운전불이행,건조,맑음,교차로 - 교차로안,승용,남,27세,상해없음,승용,남,53세,경상
2020032900100139,2020년 3월 29일 12시,일요일,부산광역시 남구 감만동,중상사고,0,1,0,0,차대차 - 측면충돌,안전운전불이행,건조,맑음,교차로 - 교차로안,특수,남,66세,상해없음,이륜,남,67세,중상
2020032900100210,2020년 3월 29일 15시,일요일,부산광역시 동래구 낙민동,경상사고,0,0,3,0,차대차 - 측면충돌,안전운전불이행,건조,맑음,교차로 - 교차로안,승용,여,54세,경상,이륜,남,25세,경상
2020032900100211,2020년 3월 29일 15시,일요일,부산광역시 사상구 주례동,부상신고사고,0,0,0,1,차대차 - 추돌,안전운전불이행,건조,맑음,교차로 - 교차로부근,승용,남,61세,상해없음,승용,남,59세,부상신고
2020032900100234,2020년 3월 29일 16시,일요일,부산광역시 수영구 광안동,경상사고,0,0,1,0,차대차 - 측면충돌,직진우회전진행방해,건조,맑음,교차로 - 교차로안,화물,남,63세,상해없음,승용,남,48세,상해없음
2020032900100261,2020년 3월 29일 17시,일요일,부산광역시 사상구 괘법동,경상사고,0,0,1,0,차대차 - 기타,안전운전불이행,건조,맑음,단일로 - 기타,승용,남,27세,상해없음,이륜,남,22세,경상
2020032900100262,2020년 3월 29일 17시,일요일,부산광역시 기장군 기장읍,중상사고,0,1,0,0,차대사람 - 기타,안전운전불이행,기타,맑음,단일로 - 기타,승용,여,69세,상해없음,보행자,남,73세,중상
2020032900100285,2020년 3월 29일 18시,일요일,부산광역시 서구 아미동2가,중상사고,0,1,0,0,차대차 - 측면충돌,안전운전불이행,건조,맑음,교차로 - 교차로부근,승용,남,64세,상해없음,승용,남,74세,상해없음
2020032900100286,2020년 3월 29일 18시,일요일,부산광역시 사하구 괴정동,부상신고사고,0,0,0,1,차대차 - 기타,안전거리미확보,건조,맑음,단일로 - 지하차도(도로)내,이륜,남,24세,상해없음,이륜,남,23세,부상신고
2020032900100305,2020년 3월 29일 19시,일요일,부산광역시 동구 범일동,경상사고,0,0,1,0,차대차 - 기타,안전거리미확보,건조,맑음,단일로 - 기타,승용,남,66세,상해없음,승용,남,59세,경상
2020032900100344,2020년 3월 29일 21시,일요일,부산광역시 북구 금곡동,경상사고,0,0,1,0,차대차 - 측면충돌,안전운전불이행,건조,맑음,단일로 - 기타,승용,남,27세,상해없음,승용,여,55세,상해없음
2020032900100345,2020년 3월 29일 21시,일요일,부산광역시 해운대구 중동,경상사고,0,0,1,0,차대사람 - 횡단중,보행자보호의무위반,건조,맑음,단일로 - 기타,승용,남,67세,상해없음,보행자,여,46세,경상
2020032900100346,2020년 3월 29일 21시,일요일,부산광역시 부산진구 개금동,경상사고,0,0,1,1,차대차 - 기타,신호위반,건조,맑음,교차로 - 교차로안,이륜,남,23세,부상신고,승용,여,31세,경상
2020032900100359,2020년 3월 29일 22시,일요일,부산광역시 부산진구 전포동,부상신고사고,0,0,0,1,차대차 - 기타,안전운전불이행,건조,맑음,기타 - 기타,자전거,남,42세,부상신고,원동기,기타불명,미분류,기타불명
2020033000100030,2020년 3월 30일 05시,월요일,부산광역시 사상구 주례동,경상사고,0,0,1,0,차대차 - 측면충돌,신호위반,건조,맑음,교차로 - 교차로안,승용,남,29세,상해없음,승용,남,64세,상해없음
2020033000100049,2020년 3월 30일 07시,월요일,부산광역시 수영구 남천동,경상사고,0,0,1,0,차대차 - 기타,안전운전불이행,건조,맑음,단일로 - 기타,승용,남,67세,상해없음,승용,남,48세,경상
2020033000100072,2020년 3월 30일 08시,월요일,부산광역시 동래구 온천동,경상사고,0,0,1,0,차대사람 - 기타,보행자보호의무위반,건조,맑음,교차로 - 교차로안,승용,여,55세,상해없음,보행자,여,55세,경상
2020033000100073,2020년 3월 30일 08시,월요일,부산광역시 동래구 온천동,경상사고,0,0,1,0,차대차 - 추돌,안전거리미확보,건조,맑음,단일로 - 터널,승용,남,65세,상해없음,승용,여,29세,경상
2020033000100074,2020년 3월 30일 08시,월요일,부산광역시 강서구 명지동,중상사고,0,1,0,0,차대차 - 측면충돌,안전운전불이행,건조,맑음,단일로 - 기타,특수,남,49세,상해없음,승용,남,40세,중상
2020033000100111,2020년 3월 30일 09시,월요일,부산광역시 동구 좌천동,경상사고,0,0,1,0,차대사람 - 기타,기타,건조,맑음,기타 - 기타,기타불명,남,46세,상해없음,보행자,여,91세,경상
2020033000100112,2020년 3월 30일 09시,월요일,부산광역시 동래구 온천동,부상신고사고,0,0,0,1,차대차 - 측면충돌,안전운전불이행,건조,맑음,교차로 - 교차로안,승용,남,71세,상해없음,승용,남,32세,상해없음
2020033000100113,2020년 3월 30일 09시,월요일,부산광역시 사상구 엄궁동,중상사고,0,1,0,0,차대사람 - 기타,안전운전불이행,건조,맑음,단일로 - 기타,화물,남,51세,상해없음,보행자,남,23세,중상
2020033000100134,2020년 3월 30일 10시,월요일,부산광역시 중구 대청동2가,중상사고,0,1,0,0,차대사람 - 횡단중,안전운전불이행,건조,맑음,단일로 - 기타,승용,남,58세,상해없음,보행자,여,84세,중상
2020033000100135,2020년 3월 30일 10시,월요일,부산광역시 연제구 거제동,경상사고,0,0,1,0,차대차 - 추돌,안전운전불이행,건조,맑음,단일로 - 기타,승용,남,56세,상해없음,이륜,남,20세,경상
2020033000100195,2020년 3월 30일 12시,월요일,부산광역시 수영구 남천동,경상사고,0,0,1,0,차대차 - 추돌,안전운전불이행,건조,맑음,단일로 - 기타,승용,남,57세,경상,건설기계,남,59세,상해없음
2020033000100196,2020년 3월 30일 12시,월요일,부산광역시 남구 문현동,중상사고,0,1,0,0,차대차 - 측면충돌,안전거리미확보,건조,맑음,교차로 - 교차로부근,승용,남,45세,상해없음,이륜,남,73세,중상
2020033000100197,2020년 3월 30일 12시,월요일,부산광역시 동래구 안락동,경상사고,0,0,1,0,차대사람 - 횡단중,안전운전불이행,건조,맑음,교차로 - 교차로횡단보도내,화물,남,35세,상해없음,보행자,여,63세,경상
2020033000100225,2020년 3월 30일 13시,월요일,부산광역시 중구 중앙동6가,중상사고,0,1,0,0,차대사람 - 기타,기타,건조,맑음,단일로 - 기타,승합,남,49세,상해없음,보행자,여,86세,중상
2020033000100226,2020년 3월 30일 13시,월요일,부산광역시 북구 덕천동,중상사고,0,2,1,0,차대차 - 기타,안전운전불이행,건조,맑음,단일로 - 기타,화물,남,26세,상해없음,화물,남,42세,상해없음
2020033000100261,2020년 3월 30일 14시,월요일,부산광역시 남구 용호동,중상사고,0,1,0,0,차대사람 - 횡단중,보행자보호의무위반,건조,맑음,기타 - 기타,승용,남,71세,상해없음,보행자,남,76세,중상
2020033000100299,2020년 3월 30일 15시,월요일,부산광역시 남구 감만동,중상사고,0,1,0,0,차대사람 - 기타,안전운전불이행,건조,맑음,단일로 - 기타,승용,여,57세,상해없음,보행자,여,62세,중상
2020033000100300,2020년 3월 30일 15시,월요일,부산광역시 영도구 청학동,경상사고,0,0,1,0,차대차 - 추돌,안전운전불이행,건조,맑음,단일로 - 기타,화물,남,60세,상해없음,승합,남,52세,경상
2020033000100301,2020년 3월 30일 15시,월요일,부산광역시 해운대구 중동,경상사고,0,0,1,0,차대차 - 측면충돌,안전운전불이행,건조,맑음,교차로 - 교차로안,승용,여,69세,상해없음,승용,남,40세,경상
2020033000100302,2020년 3월 30일 15시,월요일,부산광역시 연제구 거제동,경상사고,0,0,2,0,차대차 - 측면충돌,안전거리미확보,건조,맑음,단일로 - 기타,승용,남,56세,상해없음,승용,남,29세,경상
2020033000100303,2020년 3월 30일 15시,월요일,부산광역시 사상구 괘법동,경상사고,0,0,1,0,차대차 - 기타,신호위반,건조,맑음,교차로 - 교차로안,승용,남,73세,상해없음,승합,남,43세,상해없음
2020033000100363,2020년 3월 30일 17시,월요일,부산광역시 북구 화명동,중상사고,0,1,0,0,차대사람 - 기타,안전운전불이행,건조,맑음,단일로 - 기타,이륜,남,72세,상해없음,보행자,여,76세,중상
2020033000100364,2020년 3월 30일 17시,월요일,부산광역시 동래구 온천동,중상사고,0,1,5,2,차대차 - 추돌,안전운전불이행,건조,맑음,교차로 - 교차로부근,승용,남,60세,상해없음,승합,남,43세,경상
2020033000100365,2020년 3월 30일 17시,월요일,부산광역시 부산진구 가야동,경상사고,0,0,7,0,차대차 - 측면충돌,신호위반,건조,맑음,교차로 - 교차로안,승용,남,73세,상해없음,승합,남,50세,경상
2020033000100366,2020년 3월 30일 17시,월요일,부산광역시 부산진구 당감동,경상사고,0,0,1,0,차대차 - 측면충돌,안전거리미확보,건조,맑음,교차로 - 교차로안,승용,남,63세,상해없음,승용,남,73세,상해없음
2020033000100399,2020년 3월 30일 18시,월요일,부산광역시 금정구 장전동,경상사고,0,0,4,0,차대차 - 추돌,안전거리미확보,건조,맑음,단일로 - 기타,승용,남,27세,경상,승용,여,48세,경상
2020033000100476,2020년 3월 30일 20시,월요일,부산광역시 남구 대연동,경상사고,0,0,1,0,차대사람 - 기타,신호위반,건조,맑음,단일로 - 기타,이륜,남,18세,상해없음,보행자,남,23세,경상
2020033000100500,2020년 3월 30일 21시,월요일,부산광역시 사하구 장림동,부상신고사고,0,0,0,1,차대차 - 기타,안전운전불이행,건조,맑음,단일로 - 기타,이륜,남,35세,부상신고,자전거,남,18세,상해없음
2020033000100518,2020년 3월 30일 22시,월요일,부산광역시 부산진구 부전동,중상사고,0,1,0,0,차대사람 - 횡단중,안전운전불이행,건조,맑음,단일로 - 기타,승용,남,32세,상해없음,보행자,남,62세,중상
2020033100100016,2020년 3월 31일 03시,화요일,부산광역시 강서구 죽림동,경상사고,0,0,2,0,차대차 - 추돌,안전운전불이행,건조,맑음,단일로 - 기타,화물,남,63세,상해없음,특수,남,66세,상해없음
2020033100100043,2020년 3월 31일 06시,화요일,부산광역시 강서구 대저2동,중상사고,0,1,0,0,차대차 - 측면충돌,신호위반,건조,맑음,교차로 - 교차로안,화물,남,66세,상해없음,승용,남,56세,중상
2020033100100054,2020년 3월 31일 07시,화요일,부산광역시 수영구 남천동,중상사고,0,1,0,0,차대차 - 정면충돌,중앙선침범,건조,맑음,교차로 - 교차로안,승용,남,22세,상해없음,개인형이동수단(PM),남,33세,중상
2020033100100073,2020년 3월 31일 08시,화요일,부산광역시 영도구 봉래동3가,경상사고,0,0,1,0,차대차 - 측면충돌,중앙선침범,건조,맑음,단일로 - 기타,승용,남,38세,기타불명,승용,남,48세,경상
2020033100100102,2020년 3월 31일 09시,화요일,부산광역시 수영구 망미동,경상사고,0,0,1,0,차대사람 - 횡단중,보행자보호의무위반,건조,맑음,교차로 - 교차로횡단보도내,승용,남,31세,상해없음,보행자,여,12세,경상
2020033100100134,2020년 3월 31일 10시,화요일,부산광역시 서구 암남동,경상사고,0,0,2,0,차대차 - 측면충돌,안전거리미확보,건조,맑음,교차로 - 교차로안,건설기계,남,56세,상해없음,승용,남,37세,경상
2020033100100135,2020년 3월 31일 10시,화요일,부산광역시 수영구 남천동,경상사고,0,0,2,0,차대차 - 추돌,안전거리미확보,건조,맑음,단일로 - 기타,승용,남,67세,상해없음,승용,남,23세,경상
2020033100100136,2020년 3월 31일 10시,화요일,부산광역시 해운대구 반송동,경상사고,0,0,1,0,차대사람 - 횡단중,보행자보호의무위반,건조,맑음,교차로 - 교차로횡단보도내,화물,남,51세,상해없음,보행자,남,36세,경상
2020033100100137,2020년 3월 31일 10시,화요일,부산광역시 부산진구 부전동,경상사고,0,0,1,0,차대차 - 기타,안전운전불이행,건조,맑음,교차로 - 교차로안,이륜,남,54세,상해없음,이륜,남,59세,경상
2020033100100138,2020년 3월 31일 10시,화요일,부산광역시 금정구 부곡동,경상사고,0,0,1,0,차대차 - 기타,차로위반,건조,맑음,단일로 - 기타,승용,남,66세,상해없음,승용,남,41세,경상
2020033100100139,2020년 3월 31일 10시,화요일,부산광역시 연제구 연산동,경상사고,0,0,1,0,차대차 - 추돌,신호위반,건조,맑음,교차로 - 교차로안,승용,여,61세,상해없음,승용,남,37세,경상
2020033100100177,2020년 3월 31일 11시,화요일,부산광역시 남구 대연동,중상사고,0,1,0,0,차대사람 - 횡단중,보행자보호의무위반,건조,맑음,단일로 - 기타,이륜,남,28세,상해없음,보행자,여,69세,중상
2020033100100178,2020년 3월 31일 11시,화요일,부산광역시 강서구 대저2동,중상사고,0,1,0,0,차대사람 - 기타,안전운전불이행,건조,맑음,단일로 - 기타,자전거,남,60세,상해없음,보행자,여,67세,중상
2020033100100199,2020년 3월 31일 12시,화요일,부산광역시 연제구 연산동,경상사고,0,0,1,0,차대사람 - 기타,보행자보호의무위반,건조,맑음,단일로 - 기타,이륜,남,21세,상해없음,보행자,여,52세,경상
2020033100100228,2020년 3월 31일 13시,화요일,부산광역시 수영구 남천동,경상사고,0,0,1,0,차대사람 - 길가장자리구역통행중,안전운전불이행,건조,맑음,단일로 - 기타,화물,남,62세,상해없음,보행자,여,38세,경상
2020033100100229,2020년 3월 31일 13시,화요일,부산광역시 수영구 남천동,경상사고,0,0,2,0,차대차 - 측면충돌,차로위반,건조,맑음,단일로 - 기타,승합,남,53세,상해없음,승용,남,29세,경상
2020033100100261,2020년 3월 31일 14시,화요일,부산광역시 동래구 온천동,중상사고,0,1,0,0,차대사람 - 횡단중,보행자보호의무위반,건조,맑음,교차로 - 교차로부근,승용,남,83세,상해없음,보행자,여,59세,중상
2020033100100262,2020년 3월 31일 14시,화요일,부산광역시 부산진구 양정동,부상신고사고,0,0,0,1,차대차 - 기타,교차로운행방법위반,건조,맑음,교차로 - 교차로안,이륜,남,23세,부상신고,승용,남,45세,상해없음
2020033100100287,2020년 3월 31일 15시,화요일,부산광역시 남구 용호동,부상신고사고,0,0,0,1,차대사람 - 기타,안전운전불이행,건조,맑음,단일로 - 기타,승용,여,33세,상해없음,보행자,남,49세,부상신고
2020033100100288,2020년 3월 31일 15시,화요일,부산광역시 수영구 광안동,중상사고,0,1,0,0,차대차 - 측면충돌,안전운전불이행,건조,맑음,단일로 - 기타,승용,여,44세,상해없음,승용,남,50세,중상
2020033100100289,2020년 3월 31일 15시,화요일,부산광역시 부산진구 전포동,경상사고,0,0,1,0,차대차 - 기타,직진우회전진행방해,건조,맑음,교차로 - 교차로안,승합,남,40세,상해없음,화물,남,40세,상해없음
2020033100100370,2020년 3월 31일 17시,화요일,부산광역시 동래구 안락동,경상사고,0,0,1,0,차대차 - 측면충돌,안전운전불이행,건조,맑음,교차로 - 교차로안,승용,여,57세,상해없음,승용,여,49세,경상
2020033100100371,2020년 3월 31일 17시,화요일,부산광역시 영도구 영선동1가,경상사고,0,0,1,0,차대사람 - 길가장자리구역통행중,안전운전불이행,건조,맑음,단일로 - 기타,원동기,남,20세,상해없음,보행자,남,73세,경상
2020033100100372,2020년 3월 31일 17시,화요일,부산광역시 부산진구 당감동,경상사고,0,0,1,0,차대차 - 기타,안전거리미확보,건조,맑음,단일로 - 고가도로위,승합,남,67세,상해없음,승용,남,29세,경상
2020033100100405,2020년 3월 31일 18시,화요일,부산광역시 사상구 덕포동,중상사고,0,1,0,0,차대차 - 추돌,안전운전불이행,건조,맑음,단일로 - 기타,승용,남,61세,상해없음,승용,여,31세,중상
2020033100100431,2020년 3월 31일 19시,화요일,부산광역시 동구 수정동,경상사고,0,0,1,0,차대사람 - 기타,안전운전불이행,건조,맑음,단일로 - 기타,승용,남,57세,상해없음,보행자,남,27세,경상
2020033100100432,2020년 3월 31일 19시,화요일,부산광역시 북구 구포동,경상사고,0,0,1,0,차대차 - 측면충돌,차로위반,건조,맑음,단일로 - 기타,승용,남,28세,상해없음,이륜,남,30세,경상
2020033100100433,2020년 3월 31일 19시,화요일,부산광역시 해운대구 재송동,경상사고,0,0,1,0,차대차 - 추돌,안전거리미확보,건조,맑음,단일로 - 기타,화물,남,27세,상해없음,승용,남,35세,경상
2020033100100460,2020년 3월 31일 20시,화요일,부산광역시 남구 대연동,중상사고,0,1,0,0,차대차 - 추돌,안전운전불이행,건조,맑음,단일로 - 기타,승용,남,34세,상해없음,승용,여,31세,중상
2020033100100461,2020년 3월 31일 20시,화요일,부산광역시 남구 대연동,경상사고,0,0,2,0,차대차 - 추돌,안전운전불이행,건조,맑음,단일로 - 기타,승용,남,27세,상해없음,승용,남,41세,경상
2020033100100462,2020년 3월 31일 20시,화요일,부산광역시 동래구 온천동,경상사고,0,0,1,0,차대차 - 정면충돌,중앙선침범,건조,맑음,교차로 - 교차로횡단보도내,이륜,남,19세,상해없음,이륜,남,20세,경상
2020033100100463,2020년 3월 31일 20시,화요일,부산광역시 영도구 영선동1가,부상신고사고,0,0,0,1,차대사람 - 횡단중,안전운전불이행,건조,맑음,단일로 - 기타,승용,남,38세,상해없음,보행자,남,68세,부상신고
2020033100100487,2020년 3월 31일 21시,화요일,부산광역시 동래구 온천동,중상사고,0,1,0,0,차대사람 - 횡단중,보행자보호의무위반,건조,맑음,교차로 - 교차로횡단보도내,기타불명,기타불명,미분류,기타불명,보행자,여,20세,중상
2020033100100488,2020년 3월 31일 21시,화요일,부산광역시 사하구 하단동,경상사고,0,0,1,0,차대사람 - 기타,안전운전불이행,건조,맑음,교차로 - 교차로안,승용,남,42세,상해없음,보행자,여,27세,경상
2020033100100507,2020년 3월 31일 22시,화요일,부산광역시 사상구 학장동,중상사고,0,1,0,0,차대차 - 기타,안전운전불이행,건조,맑음,교차로 - 교차로부근,화물,여,50세,상해없음,승합,남,45세,중상
2020033100100525,2020년 3월 31일 23시,화요일,부산광역시 수영구 남천동,경상사고,0,0,1,0,차대차 - 기타,안전운전불이행,건조,맑음,단일로 - 기타,승용,남,34세,상해없음,승용,남,55세,경상
2020033100100526,2020년 3월 31일 23시,화요일,부산광역시 수영구 광안동,중상사고,0,1,0,0,차대차 - 기타,안전운전불이행,건조,맑음,단일로 - 기타,승용,남,69세,상해없음,이륜,남,22세,중상
2020040100100018,2020년 4월 1일 01시,수요일,부산광역시 수영구 광안동,중상사고,0,1,0,0,차대사람 - 기타,안전운전불이행,건조,맑음,단일로 - 기타,승합,남,59세,상해없음,보행자,남,49세,중상
2020040100100026,2020년 4월 1일 02시,수요일,부산광역시 수영구 광안동,중상사고,0,1,0,0,차대차 - 기타,안전운전불이행,건조,맑음,단일로 - 기타,승용,남,38세,상해없음,이륜,남,46세,상해없음
2020040100100038,2020년 4월 1일 04시,수요일,부산광역시 부산진구 가야동,사망사고,1,0,0,0,차대사람 - 차도통행중,과속,젖음/습기,비,단일로 - 기타,승용,남,67세,상해없음,보행자,남,79세,사망
2020040100100040,2020년 4월 1일 05시,수요일,부산광역시 남구 감만동,중상사고,0,1,1,0,차대차 - 정면충돌,안전운전불이행,젖음/습기,비,기타 - 기타,승용,남,30세,중상,특수,남,46세,경상
2020040100100041,2020년 4월 1일 05시,수요일,부산광역시 동래구 낙민동,경상사고,0,0,1,0,차대차 - 추돌,안전거리미확보,젖음/습기,맑음,기타 - 기타,승용,남,41세,상해없음,승용,남,54세,경상
2020040100100051,2020년 4월 1일 06시,수요일,부산광역시 서구 남부민동,사망사고,1,0,0,0,차대차 - 측면충돌,안전거리미확보,젖음/습기,비,단일로 - 기타,자전거,남,81세,사망,화물,남,42세,상해없음
2020040100100110,2020년 4월 1일 09시,수요일,부산광역시 중구 남포동6가,경상사고,0,0,1,0,차대차 - 측면충돌,안전운전불이행,젖음/습기,비,교차로 - 교차로안,승용,남,61세,상해없음,승용,여,60세,경상
2020040100100111,2020년 4월 1일 09시,수요일,부산광역시 부산진구 부전동,중상사고,0,1,0,0,차대차 - 추돌,안전운전불이행,건조,맑음,단일로 - 기타,승합,남,51세,상해없음,승용,남,53세,중상
2020040100100182,2020년 4월 1일 12시,수요일,부산광역시 남구 문현동,경상사고,0,0,1,0,차대차 - 측면충돌,안전운전불이행,건조,맑음,교차로 - 교차로안,승용,남,44세,상해없음,승용,남,42세,경상