사고번호,사고일시,요일,시군구,사고내용,사망자수,중상자수,경상자수,부상신고자수,사고유형,법규위반,노면상태,기상상태,도로형태,가해운전자 차종,가해운전자 성별,가해운전자 연령,가해운전자 상해정도,피해운전자 차종,피해운전자 성별,피해운전자 연령,피해운전자 상해정도
2020040100100183,2020년 4월 1일 12시,수요일,부산광역시 해운대구 반여동,중상사고,0,1,0,0,차대차 - 측면충돌,안전운전불이행,건조,맑음,단일로 - 기타,승용,남,58세,상해없음,이륜,남,26세,중상
2020040100100279,2020년 4월 1일 15시,수요일,부산광역시 동래구 사직동,경상사고,0,0,1,0,차대차 - 추돌,안전거리미확보,건조,맑음,교차로 - 교차로부근,이륜,남,39세,상해없음,승용,여,38세,경상
2020040100100280,2020년 4월 1일 15시,수요일,부산광역시 연제구 연산동,중상사고,0,1,0,0,차대사람 - 길가장자리구역통행중,안전운전불이행,건조,맑음,단일로 - 기타,화물,남,56세,상해없음,보행자,여,56세,중상
2020040100100339,2020년 4월 1일 17시,수요일,부산광역시 해운대구 재송동,경상사고,0,0,1,0,차대차 - 기타,안전운전불이행,건조,맑음,기타 - 기타,승용,남,18세,상해없음,승용,남,67세,경상
2020040100100374,2020년 4월 1일 18시,수요일,부산광역시 수영구 남천동,중상사고,0,1,1,0,차대차 - 측면충돌,안전운전불이행,건조,맑음,단일로 - 기타,자전거,여,48세,경상,자전거,남,28세,중상
2020040100100410,2020년 4월 1일 19시,수요일,부산광역시 동래구 안락동,경상사고,0,0,1,0,차대차 - 측면충돌,교차로운행방법위반,건조,맑음,교차로 - 교차로안,승용,남,61세,상해없음,이륜,남,38세,경상
2020040100100411,2020년 4월 1일 19시,수요일,부산광역시 동래구 사직동,경상사고,0,0,2,0,차대차 - 측면충돌,안전운전불이행,건조,맑음,단일로 - 기타,원동기,남,20세,경상,승용,남,54세,경상
2020040100100413,2020년 4월 1일 19시,수요일,부산광역시 금정구 구서동,중상사고,0,1,1,0,차대차 - 측면충돌,교차로운행방법위반,건조,맑음,교차로 - 교차로안,이륜,남,28세,경상,이륜,남,29세,중상
2020040100100479,2020년 4월 1일 21시,수요일,부산광역시 부산진구 부전동,경상사고,0,0,1,0,차대사람 - 횡단중,보행자보호의무위반,건조,맑음,교차로 - 교차로부근,승용,남,63세,상해없음,보행자,남,26세,경상
2020040100100480,2020년 4월 1일 21시,수요일,부산광역시 사하구 신평동,경상사고,0,0,2,0,차대차 - 기타,신호위반,건조,맑음,교차로 - 교차로부근,승용,남,38세,상해없음,승용,남,65세,경상
2020040100100528,2020년 4월 1일 23시,수요일,부산광역시 강서구 명지동,경상사고,0,0,2,0,차대차 - 기타,안전운전불이행,건조,맑음,교차로 - 교차로부근,승용,남,31세,상해없음,승용,여,26세,경상
2020040200100064,2020년 4월 2일 07시,목요일,부산광역시 서구 아미동2가,중상사고,0,1,0,0,차대차 - 기타,안전운전불이행,건조,맑음,교차로 - 교차로안,승용,남,31세,상해없음,원동기,남,51세,중상
2020040200100065,2020년 4월 2일 07시,목요일,부산광역시 사하구 장림동,경상사고,0,0,1,0,차대사람 - 기타,안전운전불이행,건조,맑음,단일로 - 기타,승용,남,26세,상해없음,보행자,남,59세,경상
2020040200100122,2020년 4월 2일 09시,목요일,부산광역시 중구 중앙동4가,중상사고,0,1,0,0,차량단독 - 기타,기타,건조,맑음,단일로 - 기타,승합,남,42세,상해없음,,,,
2020040200100123,2020년 4월 2일 09시,목요일,부산광역시 해운대구 좌동,중상사고,0,1,0,0,차대차 - 측면충돌,안전운전불이행,건조,맑음,교차로 - 교차로안,승용,남,33세,상해없음,승용,여,40세,중상
2020040200100124,2020년 4월 2일 09시,목요일,부산광역시 부산진구 부암동,경상사고,0,0,1,0,차대차 - 측면충돌,차로위반,건조,맑음,교차로 - 교차로부근,건설기계,남,48세,상해없음,승용,남,68세,상해없음
2020040200100146,2020년 4월 2일 10시,목요일,부산광역시 서구 동대신동3가,경상사고,0,0,1,0,차대차 - 측면충돌,안전거리미확보,건조,맑음,단일로 - 기타,승용,남,76세,상해없음,화물,남,70세,경상
2020040200100147,2020년 4월 2일 10시,목요일,부산광역시 동래구 안락동,경상사고,0,0,1,0,차대차 - 추돌,안전운전불이행,건조,맑음,교차로 - 교차로안,승용,남,66세,상해없음,승용,여,56세,경상
2020040200100148,2020년 4월 2일 10시,목요일,부산광역시 동래구 낙민동,중상사고,0,1,0,0,차대차 - 측면충돌,안전거리미확보,건조,맑음,단일로 - 기타,건설기계,남,68세,상해없음,이륜,남,70세,중상
2020040200100179,2020년 4월 2일 11시,목요일,부산광역시 사하구 당리동,부상신고사고,0,0,0,1,차대차 - 정면충돌,중앙선침범,건조,맑음,단일로 - 기타,이륜,남,51세,부상신고,승용,남,27세,상해없음
2020040200100214,2020년 4월 2일 12시,목요일,부산광역시 북구 화명동,경상사고,0,0,1,0,차대차 - 기타,교차로운행방법위반,건조,맑음,교차로 - 교차로안,특수,남,64세,상해없음,승용,남,31세,경상
2020040200100237,2020년 4월 2일 13시,목요일,부산광역시 동래구 온천동,경상사고,0,0,1,0,차대차 - 기타,안전운전불이행,건조,맑음,교차로 - 교차로안,승용,남,72세,상해없음,이륜,남,40세,경상
2020040200100347,2020년 4월 2일 16시,목요일,부산광역시 동래구 수안동,중상사고,0,1,2,0,차대차 - 측면충돌,교차로운행방법위반,건조,맑음,교차로 - 교차로안,승용,남,58세,중상,승용,남,26세,경상
2020040200100384,2020년 4월 2일 17시,목요일,부산광역시 북구 구포동,경상사고,0,0,2,0,차대차 - 기타,안전거리미확보,건조,맑음,단일로 - 기타,승용,남,31세,상해없음,승용,남,52세,경상
2020040200100385,2020년 4월 2일 17시,목요일,부산광역시 사상구 덕포동,경상사고,0,0,1,0,차대사람 - 차도통행중,안전운전불이행,건조,맑음,단일로 - 기타,승용,남,77세,상해없음,보행자,남,66세,경상
2020040200100422,2020년 4월 2일 18시,목요일,부산광역시 해운대구 재송동,경상사고,0,0,1,0,차대차 - 측면충돌,안전운전불이행,건조,맑음,교차로 - 교차로안,이륜,남,50세,경상,승용,여,49세,상해없음
2020040200100423,2020년 4월 2일 18시,목요일,부산광역시 수영구 광안동,경상사고,0,0,1,0,차대차 - 측면충돌,안전거리미확보,건조,맑음,단일로 - 기타,승용,남,66세,상해없음,승용,남,70세,경상
2020040200100424,2020년 4월 2일 18시,목요일,부산광역시 강서구 명지동,중상사고,0,1,0,0,차대차 - 측면충돌,신호위반,건조,맑음,교차로 - 교차로안,승합,남,72세,상해없음,승용,남,40세,중상
2020040200100464,2020년 4월 2일 19시,목요일,부산광역시 남구 대연동,중상사고,0,1,0,0,차대사람 - 차도통행중,안전운전불이행,건조,맑음,단일로 - 기타,승용,여,56세,상해없음,보행자,여,52세,중상
2020040200100465,2020년 4월 2일 19시,목요일,부산광역시 북구 덕천동,경상사고,0,0,1,0,차대차 - 측면충돌,안전거리미확보,건조,맑음,단일로 - 기타,승용,남,27세,상해없음,승용,남,29세,경상
2020040200100466,2020년 4월 2일 19시,목요일,부산광역시 동래구 안락동,부상신고사고,0,0,0,1,차대사람 - 기타,안전운전불이행,건조,맑음,교차로 - 교차로부근,승용,여,60세,상해없음,보행자,여,33세,부상신고
2020040200100467,2020년 4월 2일 19시,목요일,부산광역시 부산진구 부전동,경상사고,0,0,2,0,차대차 - 측면충돌,안전거리미확보,건조,맑음,교차로 - 교차로부근,승용,남,49세,상해없음,승용,여,38세,경상
2020040200100468,2020년 4월 2일 19시,목요일,부산광역시 사하구 괴정동,중상사고,0,1,0,0,차대사람 - 기타,안전운전불이행,건조,맑음,교차로 - 교차로안,승용,남,70세,상해없음,보행자,여,56세,중상
2020040200100469,2020년 4월 2일 19시,목요일,부산광역시 기장군 정관면,경상사고,0,0,2,0,차대차 - 추돌,안전운전불이행,건조,맑음,단일로 - 기타,승용,남,24세,상해없음,승용,남,26세,경상
2020040200100506,2020년 4월 2일 20시,목요일,부산광역시 중구 중앙동2가,경상사고,0,0,1,0,차대사람 - 횡단중,안전운전불이행,건조,맑음,교차로 - 교차로횡단보도내,승용,남,21세,상해없음,보행자,여,55세,경상
2020040200100530,2020년 4월 2일 21시,목요일,부산광역시 중구 남포동6가,경상사고,0,0,1,0,차대차 - 기타,안전거리미확보,건조,맑음,교차로 - 교차로부근,승용,여,29세,상해없음,이륜,남,21세,경상
2020040200100531,2020년 4월 2일 21시,목요일,부산광역시 사하구 다대동,경상사고,0,0,2,0,차대차 - 기타,안전거리미확보,건조,맑음,단일로 - 기타,승용,여,37세,상해없음,승용,남,44세,경상
2020040200100553,2020년 4월 2일 22시,목요일,부산광역시 부산진구 범전동,중상사고,0,1,0,0,차대차 - 정면충돌,중앙선침범,건조,맑음,단일로 - 기타,이륜,남,26세,상해없음,이륜,남,37세,중상
2020040200100577,2020년 4월 2일 23시,목요일,부산광역시 남구 대연동,경상사고,0,0,1,0,차대차 - 기타,안전운전불이행,건조,맑음,단일로 - 기타,승용,남,59세,상해없음,이륜,남,24세,경상
2020040300100002,2020년 4월 3일 00시,금요일,부산광역시 남구 대연동,경상사고,0,0,3,0,차대차 - 추돌,안전운전불이행,건조,맑음,단일로 - 기타,승용,남,26세,상해없음,승용,남,38세,경상
2020040300100013,2020년 4월 3일 02시,금요일,부산광역시 사상구 괘법동,경상사고,0,0,2,0,차대사람 - 횡단중,안전운전불이행,건조,맑음,기타 - 기타,승용,남,21세,상해없음,보행자,남,34세,경상
2020040300100031,2020년 4월 3일 05시,금요일,부산광역시 연제구 연산동,중상사고,0,1,0,0,차대차 - 추돌,안전운전불이행,건조,맑음,기타 - 기타,승용,남,44세,상해없음,승용,남,58세,상해없음
2020040300100038,2020년 4월 3일 06시,금요일,부산광역시 북구 화명동,경상사고,0,0,1,0,차대차 - 측면충돌,안전거리미확보,건조,맑음,단일로 - 기타,승용,남,50세,경상,승용,남,25세,상해없음
2020040300100046,2020년 4월 3일 07시,금요일,부산광역시 동래구 사직동,경상사고,0,0,1,0,차대차 - 추돌,안전거리미확보,건조,맑음,교차로 - 교차로부근,승용,여,32세,상해없음,승용,여,43세,경상
2020040300100047,2020년 4월 3일 07시,금요일,부산광역시 사하구 괴정동,경상사고,0,0,1,0,차대차 - 추돌,안전운전불이행,건조,맑음,교차로 - 교차로부근,승용,남,60세,상해없음,승용,남,76세,상해없음
2020040300100048,2020년 4월 3일 07시,금요일,부산광역시 사상구 학장동,중상사고,0,1,2,0,차대차 - 추돌,안전운전불이행,건조,맑음,단일로 - 기타,화물,남,30세,상해없음,승용,여,53세,경상
2020040300100073,2020년 4월 3일 08시,금요일,부산광역시 수영구 망미동,경상사고,0,0,1,0,차대차 - 측면충돌,교차로운행방법위반,건조,맑음,교차로 - 교차로안,승용,남,30세,상해없음,승용,여,45세,경상
2020040300100074,2020년 4월 3일 08시,금요일,부산광역시 기장군 장안읍,경상사고,0,0,2,0,차대차 - 측면충돌,안전운전불이행,건조,맑음,교차로 - 교차로안,승용,여,70세,경상,승용,남,59세,경상
2020040300100104,2020년 4월 3일 09시,금요일,부산광역시 동래구 사직동,경상사고,0,0,1,0,차대사람 - 보도통행중,안전운전불이행,건조,맑음,교차로 - 교차로부근,승용,남,61세,상해없음,보행자,여,27세,경상
2020040300100132,2020년 4월 3일 10시,금요일,부산광역시 해운대구 석대동,중상사고,0,1,0,0,차대사람 - 기타,안전운전불이행,건조,맑음,기타 - 기타,자전거,남,40세,상해없음,보행자,여,64세,중상
2020040300100133,2020년 4월 3일 10시,금요일,부산광역시 사상구 감전동,사망사고,1,0,0,0,차대차 - 추돌,안전운전불이행,건조,맑음,단일로 - 기타,화물,남,58세,사망,화물,남,62세,상해없음
2020040300100161,2020년 4월 3일 11시,금요일,부산광역시 영도구 봉래동4가,중상사고,0,1,2,0,차대차 - 추돌,안전거리미확보,건조,맑음,단일로 - 기타,승합,남,59세,상해없음,승용,남,44세,경상
2020040300100215,2020년 4월 3일 13시,금요일,부산광역시 동래구 명륜동,중상사고,0,1,0,0,차대사람 - 횡단중,신호위반,건조,맑음,교차로 - 교차로횡단보도내,승용,남,70세,상해없음,보행자,여,60세,중상
2020040300100216,2020년 4월 3일 13시,금요일,부산광역시 동래구 온천동,경상사고,0,0,1,0,차대차 - 기타,안전운전불이행,건조,맑음,단일로 - 기타,화물,남,45세,상해없음,이륜,남,25세,경상
2020040300100246,2020년 4월 3일 14시,금요일,부산광역시 중구 동광동5가,경상사고,0,0,1,0,차대차 - 정면충돌,안전운전불이행,건조,맑음,주차장 - 주차장,승용,여,54세,상해없음,승용,남,38세,경상
2020040300100272,2020년 4월 3일 15시,금요일,부산광역시 수영구 광안동,중상사고,0,1,0,0,차대차 - 측면충돌,기타,건조,맑음,단일로 - 기타,승용,남,62세,상해없음,원동기,남,64세,중상
2020040300100273,2020년 4월 3일 15시,금요일,부산광역시 연제구 연산동,경상사고,0,0,1,0,차대차 - 기타,안전거리미확보,건조,맑음,교차로 - 교차로안,승용,여,43세,상해없음,승합,남,61세,상해없음
2020040300100309,2020년 4월 3일 16시,금요일,부산광역시 남구 대연동,중상사고,0,1,0,0,차대사람 - 기타,교차로운행방법위반,건조,맑음,교차로 - 교차로안,화물,남,38세,상해없음,보행자,여,73세,중상
2020040300100310,2020년 4월 3일 16시,금요일,부산광역시 강서구 명지동,중상사고,0,1,0,0,차대차 - 측면충돌,안전운전불이행,건조,맑음,교차로 - 교차로안,승용,남,41세,상해없음,승용,여,58세,중상
2020040300100311,2020년 4월 3일 16시,금요일,부산광역시 강서구 대저1동,경상사고,0,0,1,0,차대차 - 기타,신호위반,건조,맑음,교차로 - 교차로부근,승용,여,38세,상해없음,승합,남,37세,경상
2020040300100312,2020년 4월 3일 16시,금요일,부산광역시 사상구 괘법동,경상사고,0,0,1,0,차대사람 - 길가장자리구역통행중,안전운전불이행,건조,맑음,단일로 - 기타,승용,남,64세,상해없음,보행자,남,47세,경상
2020040300100313,2020년 4월 3일 16시,금요일,부산광역시 기장군 기장읍,경상사고,0,0,1,2,차대차 - 측면충돌,안전거리미확보,건조,기타,단일로 - 기타,이륜,남,18세,경상,승용,남,33세,부상신고
2020040300100352,2020년 4월 3일 17시,금요일,부산광역시 남구 감만동,중상사고,0,1,1,0,차대차 - 측면충돌,교차로운행방법위반,건조,맑음,교차로 - 교차로안,승용,남,61세,상해없음,승용,남,36세,중상
2020040300100353,2020년 4월 3일 17시,금요일,부산광역시 북구 화명동,중상사고,0,1,1,1,차대차 - 기타,안전운전불이행,건조,맑음,단일로 - 기타,이륜,남,22세,부상신고,승용,남,66세,경상
2020040300100354,2020년 4월 3일 17시,금요일,부산광역시 동래구 명장동,중상사고,0,1,0,0,차대차 - 추돌,안전운전불이행,건조,맑음,단일로 - 기타,화물,남,64세,상해없음,승용,남,61세,중상
2020040300100355,2020년 4월 3일 17시,금요일,부산광역시 부산진구 양정동,경상사고,0,0,1,0,차대사람 - 기타,안전운전불이행,건조,맑음,단일로 - 기타,자전거,남,27세,상해없음,보행자,여,78세,경상
2020040300100356,2020년 4월 3일 17시,금요일,부산광역시 기장군 기장읍,경상사고,0,0,1,0,차대차 - 측면충돌,차로위반,건조,맑음,단일로 - 기타,화물,남,60세,상해없음,승용,남,35세,경상
2020040300100399,2020년 4월 3일 18시,금요일,부산광역시 해운대구 우동,중상사고,0,1,0,0,차대차 - 정면충돌,신호위반,건조,맑음,교차로 - 교차로안,승용,남,65세,상해없음,승용,남,42세,중상
2020040300100400,2020년 4월 3일 18시,금요일,부산광역시 부산진구 범천동,경상사고,0,0,1,0,차대차 - 측면충돌,신호위반,건조,맑음,교차로 - 교차로부근,이륜,남,32세,상해없음,이륜,남,38세,경상
2020040300100401,2020년 4월 3일 18시,금요일,부산광역시 부산진구 양정동,경상사고,0,0,1,0,차대차 - 측면충돌,안전거리미확보,건조,맑음,교차로 - 교차로안,승용,남,73세,상해없음,승용,여,28세,경상
2020040300100402,2020년 4월 3일 18시,금요일,부산광역시 금정구 구서동,경상사고,0,0,2,0,차대차 - 기타,차로위반,건조,맑음,단일로 - 기타,승용,여,18세,상해없음,승용,여,55세,경상
2020040300100403,2020년 4월 3일 18시,금요일,부산광역시 사하구 다대동,경상사고,0,0,3,0,차대차 - 측면충돌,안전운전불이행,건조,맑음,교차로 - 교차로안,승용,남,63세,경상,화물,남,41세,경상
2020040300100404,2020년 4월 3일 18시,금요일,부산광역시 사하구 하단동,경상사고,0,0,1,0,차대차 - 정면충돌,안전운전불이행,건조,맑음,단일로 - 기타,승용,남,59세,상해없음,이륜,남,50세,경상
2020040300100450,2020년 4월 3일 19시,금요일,부산광역시 수영구 남천동,경상사고,0,0,3,0,차대차 - 측면충돌,과속,건조,맑음,단일로 - 기타,승용,남,31세,경상,승용,여,26세,경상
2020040300100451,2020년 4월 3일 19시,금요일,부산광역시 북구 금곡동,중상사고,0,1,0,0,차대차 - 기타,중앙선침범,건조,맑음,단일로 - 기타,승용,남,28세,상해없음,이륜,남,24세,중상
2020040300100452,2020년 4월 3일 19시,금요일,부산광역시 부산진구 개금동,중상사고,0,1,0,0,차대사람 - 횡단중,신호위반,건조,맑음,교차로 - 교차로횡단보도내,이륜,남,49세,상해없음,보행자,여,74세,중상
2020040300100453,2020년 4월 3일 19시,금요일,부산광역시 사하구 하단동,경상사고,0,0,4,0,차대차 - 기타,안전운전불이행,건조,맑음,단일로 - 기타,승용,남,36세,경상,승용,남,36세,경상
2020040300100523,2020년 4월 3일 21시,금요일,부산광역시 북구 덕천동,경상사고,0,0,2,0,차대차 - 기타,신호위반,건조,맑음,교차로 - 교차로안,승용,남,21세,상해없음,승용,남,27세,경상
2020040300100524,2020년 4월 3일 21시,금요일,부산광역시 해운대구 중동,경상사고,0,0,2,0,차대차 - 측면충돌,교차로운행방법위반,건조,맑음,교차로 - 교차로안,승용,여,79세,상해없음,승용,남,25세,경상
2020040400100015,2020년 4월 4일 01시,토요일,부산광역시 사상구 엄궁동,중상사고,0,1,2,0,차대차 - 측면충돌,중앙선침범,건조,맑음,단일로 - 기타,승용,남,55세,상해없음,승용,남,47세,중상
2020040400100033,2020년 4월 4일 02시,토요일,부산광역시 남구 용호동,경상사고,0,0,2,0,차대차 - 측면충돌,안전운전불이행,건조,맑음,단일로 - 기타,승용,남,45세,상해없음,승용,여,56세,경상
2020040400100051,2020년 4월 4일 04시,토요일,부산광역시 부산진구 양정동,부상신고사고,0,0,0,1,차량단독 - 도로외이탈 - 기타,안전운전불이행,건조,맑음,교차로 - 교차로안,이륜,남,16세,부상신고,,,,
2020040400100070,2020년 4월 4일 06시,토요일,부산광역시 금정구 서동,경상사고,0,0,1,0,차대사람 - 기타,안전운전불이행,건조,맑음,교차로 - 교차로안,승용,남,60세,상해없음,보행자,남,74세,경상
2020040400100079,2020년 4월 4일 07시,토요일,부산광역시 서구 아미동2가,경상사고,0,0,2,0,차대차 - 측면충돌,안전운전불이행,건조,맑음,단일로 - 기타,이륜,남,19세,경상,승용,남,47세,상해없음
2020040400100080,2020년 4월 4일 07시,토요일,부산광역시 수영구 남천동,경상사고,0,0,2,0,차대차 - 추돌,안전거리미확보,건조,맑음,단일로 - 기타,승용,남,73세,상해없음,건설기계,남,55세,경상
2020040400100081,2020년 4월 4일 07시,토요일,부산광역시 강서구 명지동,경상사고,0,0,1,0,차대차 - 측면충돌,안전거리미확보,건조,맑음,단일로 - 기타,건설기계,남,29세,상해없음,승용,남,41세,경상
2020040400100082,2020년 4월 4일 07시,토요일,부산광역시 기장군 기장읍,경상사고,0,0,1,0,차대차 - 기타,교차로운행방법위반,건조,맑음,교차로 - 교차로안,승용,여,30세,상해없음,승용,남,36세,경상
2020040400100135,2020년 4월 4일 10시,토요일,부산광역시 수영구 수영동,경상사고,0,0,1,0,차대사람 - 차도통행중,안전운전불이행,건조,맑음,단일로 - 기타,승용,여,45세,상해없음,보행자,여,69세,경상
2020040400100172,2020년 4월 4일 11시,토요일,부산광역시 동래구 온천동,경상사고,0,0,1,0,차대차 - 기타,교차로운행방법위반,건조,맑음,교차로 - 교차로안,승용,남,41세,상해없음,이륜,남,20세,경상
2020040400100173,2020년 4월 4일 11시,토요일,부산광역시 사상구 괘법동,경상사고,0,0,1,2,차대차 - 측면충돌,교차로운행방법위반,건조,맑음,교차로 - 교차로안,승용,남,34세,부상신고,승용,남,47세,부상신고
2020040400100236,2020년 4월 4일 13시,토요일,부산광역시 부산진구 부전동,중상사고,0,1,0,0,차대차 - 측면충돌,신호위반,건조,맑음,교차로 - 교차로안,자전거,남,70세,중상,승용,남,51세,상해없음
2020040400100237,2020년 4월 4일 13시,토요일,부산광역시 부산진구 양정동,중상사고,0,1,0,0,차대사람 - 기타,안전운전불이행,건조,맑음,기타 - 기타,승합,남,47세,상해없음,보행자,여,58세,중상
2020040400100238,2020년 4월 4일 13시,토요일,부산광역시 금정구 구서동,경상사고,0,0,2,0,차대차 - 측면충돌,교차로운행방법위반,건조,맑음,교차로 - 교차로안,승용,남,80세,경상,화물,남,62세,상해없음
2020040400100239,2020년 4월 4일 13시,토요일,부산광역시 사하구 다대동,중상사고,0,1,0,0,차대차 - 측면충돌,안전운전불이행,건조,맑음,교차로 - 교차로안,화물,남,59세,상해없음,이륜,남,41세,중상
2020040400100278,2020년 4월 4일 14시,토요일,부산광역시 남구 용호동,경상사고,0,0,1,0,차대차 - 추돌,안전운전불이행,건조,맑음,단일로 - 기타,승용,남,36세,상해없음,승용,남,68세,경상
2020040400100279,2020년 4월 4일 14시,토요일,부산광역시 연제구 거제동,경상사고,0,0,1,0,차대차 - 기타,안전거리미확보,건조,맑음,단일로 - 기타,승용,여,53세,상해없음,승용,남,71세,상해없음
2020040400100310,2020년 4월 4일 15시,토요일,부산광역시 사하구 다대동,경상사고,0,0,2,0,차대차 - 측면충돌,안전거리미확보,건조,맑음,단일로 - 기타,승용,여,31세,경상,승합,남,38세,상해없음
2020040400100311,2020년 4월 4일 15시,토요일,부산광역시 연제구 연산동,중상사고,0,1,1,0,차대차 - 추돌,안전운전불이행,건조,맑음,교차로 - 교차로안,승용,여,48세,상해없음,이륜,남,28세,경상
2020040400100356,2020년 4월 4일 16시,토요일,부산광역시 동구 좌천동,중상사고,0,1,0,0,차대차 - 측면충돌,안전운전불이행,건조,맑음,단일로 - 기타,승용,남,52세,상해없음,이륜,남,18세,중상
2020040400100357,2020년 4월 4일 16시,토요일,부산광역시 부산진구 부전동,경상사고,0,0,1,0,차대사람 - 기타,안전운전불이행,건조,맑음,단일로 - 기타,승용,남,26세,상해없음,보행자,남,27세,경상
2020040400100358,2020년 4월 4일 16시,토요일,부산광역시 부산진구 부전동,경상사고,0,0,2,0,차대차 - 기타,안전운전불이행,건조,맑음,단일로 - 기타,승용,남,28세,상해없음,승용,남,28세,경상
2020040400100359,2020년 4월 4일 16시,토요일,부산광역시 부산진구 양정동,경상사고,0,0,2,0,차대차 - 측면충돌,차로위반,건조,맑음,단일로 - 기타,승용,남,58세,상해없음,승용,남,38세,경상
2020040400100360,2020년 4월 4일 16시,토요일,부산광역시 기장군 기장읍,경상사고,0,0,1,0,차대사람 - 기타,안전운전불이행,건조,맑음,단일로 - 기타,승용,남,49세,상해없음,보행자,남,54세,경상
2020040400100399,2020년 4월 4일 17시,토요일,부산광역시 부산진구 부전동,경상사고,0,0,1,0,차대차 - 기타,안전운전불이행,건조,맑음,단일로 - 기타,승용,남,66세,상해없음,이륜,남,58세,경상
2020040400100441,2020년 4월 4일 18시,토요일,부산광역시 부산진구 부암동,경상사고,0,0,1,0,차대차 - 측면충돌,교차로운행방법위반,건조,맑음,교차로 - 교차로안,화물,남,60세,상해없음,이륜,남,38세,경상
2020040400100442,2020년 4월 4일 18시,토요일,부산광역시 부산진구 전포동,경상사고,0,0,1,0,차대차 - 측면충돌,차로위반,건조,맑음,교차로 - 교차로안,승용,여,55세,상해없음,이륜,남,20세,경상
2020040400100443,2020년 4월 4일 18시,토요일,부산광역시 연제구 거제동,경상사고,0,0,1,0,차대사람 - 기타,안전운전불이행,건조,맑음,교차로 - 교차로안,승용,남,61세,상해없음,보행자,여,73세,경상
2020040400100473,2020년 4월 4일 19시,토요일,부산광역시 영도구 남항동1가,중상사고,0,1,0,0,차대사람 - 횡단중,안전운전불이행,건조,맑음,교차로 - 교차로안,화물,남,48세,상해없음,보행자,남,84세,중상
2020040400100474,2020년 4월 4일 19시,토요일,부산광역시 해운대구 우동,경상사고,0,0,1,0,차대사람 - 보도통행중,기타,건조,맑음,단일로 - 기타,원동기,여,14세,경상,보행자,남,51세,상해없음
2020040400100475,2020년 4월 4일 19시,토요일,부산광역시 해운대구 우동,중상사고,0,1,0,0,차대차 - 측면충돌,안전운전불이행,건조,맑음,교차로 - 교차로안,승용,남,19세,상해없음,이륜,남,39세,중상
2020040400100476,2020년 4월 4일 19시,토요일,부산광역시 수영구 수영동,경상사고,0,0,1,0,차대차 - 기타,교차로운행방법위반,건조,맑음,교차로 - 교차로안,이륜,남,20세,상해없음,승용,여,26세,경상
2020040400100513,2020년 4월 4일 20시,토요일,부산광역시 해운대구 중동,경상사고,0,0,1,0,차대차 - 측면충돌,안전운전불이행,건조,맑음,단일로 - 기타,승용,남,45세,상해없음,승용,남,64세,경상
2020040400100514,2020년 4월 4일 20시,토요일,부산광역시 부산진구 당감동,경상사고,0,0,1,0,차대사람 - 기타,안전운전불이행,건조,맑음,단일로 - 기타,승용,남,21세,상해없음,보행자,남,59세,경상
2020040400100515,2020년 4월 4일 20시,토요일,부산광역시 사하구 다대동,경상사고,0,0,3,0,차대차 - 측면충돌,안전거리미확보,건조,맑음,단일로 - 기타,승용,남,58세,상해없음,승용,여,40세,경상
2020040400100537,2020년 4월 4일 21시,토요일,부산광역시 부산진구 양정동,경상사고,0,0,7,0,차대차 - 추돌,안전운전불이행,건조,맑음,단일로 - 기타,승용,남,63세,상해없음,승용,남,62세,경상
2020040400100559,2020년 4월 4일 22시,토요일,부산광역시 동구 초량동,경상사고,0,0,1,0,차대사람 - 기타,안전운전불이행,건조,맑음,단일로 - 기타,승용,남,62세,상해없음,보행자,남,37세,경상
2020040400100560,2020년 4월 4일 22시,토요일,부산광역시 영도구 동삼동,경상사고,0,0,1,0,차대차 - 측면충돌,안전운전불이행,건조,맑음,단일로 - 기타,승용,남,27세,상해없음,이륜,남,23세,경상
2020040400100561,2020년 4월 4일 22시,토요일,부산광역시 해운대구 우동,경상사고,0,0,1,0,차대차 - 추돌,신호위반,건조,맑음,교차로 - 교차로안,승용,남,36세,상해없음,승용,남,53세,경상
2020040500100020,2020년 4월 5일 01시,일요일,부산광역시 영도구 남항동1가,중상사고,0,1,0,0,차대차 - 기타,직진우회전진행방해,건조,맑음,교차로 - 교차로안,이륜,남,39세,상해없음,이륜,남,23세,중상
2020040500100021,2020년 4월 5일 01시,일요일,부산광역시 영도구 청학동,중상사고,0,1,1,1,차량단독 - 기타,안전운전불이행,건조,맑음,단일로 - 기타,이륜,남,24세,부상신고,,,,
2020040500100022,2020년 4월 5일 01시,일요일,부산광역시 금정구 금사동,중상사고,0,1,0,0,차대차 - 측면충돌,기타,건조,맑음,교차로 - 교차로안,승용,남,68세,상해없음,승용,남,62세,중상
2020040500100036,2020년 4월 5일 02시,일요일,부산광역시 동래구 온천동,중상사고,0,1,1,0,차대차 - 추돌,안전운전불이행,건조,맑음,단일로 - 기타,승용,남,57세,상해없음,승용,남,47세,중상
2020040500100047,2020년 4월 5일 03시,일요일,부산광역시 연제구 연산동,경상사고,0,0,1,0,차대차 - 정면충돌,안전운전불이행,건조,맑음,단일로 - 기타,승용,남,31세,상해없음,승용,남,63세,경상
2020040500100066,2020년 4월 5일 06시,일요일,부산광역시 영도구 청학동,부상신고사고,0,0,0,1,차량단독 - 공작물충돌,안전운전불이행,건조,맑음,단일로 - 기타,승용,남,31세,부상신고,,,,