사고번호,사고일시,요일,시군구,사고내용,사망자수,중상자수,경상자수,부상신고자수,사고유형,법규위반,노면상태,기상상태,도로형태,가해운전자 차종,가해운전자 성별,가해운전자 연령,가해운전자 상해정도,피해운전자 차종,피해운전자 성별,피해운전자 연령,피해운전자 상해정도
2020050200100376,2020년 5월 2일 17시,토요일,부산광역시 남구 대연동,중상사고,0,1,0,0,차대차 - 측면충돌,안전운전불이행,건조,흐림,단일로 - 기타,승용,남,34세,상해없음,이륜,남,22세,중상
2020050200100377,2020년 5월 2일 17시,토요일,부산광역시 북구 구포동,경상사고,0,0,1,0,차대차 - 측면충돌,안전거리미확보,건조,맑음,단일로 - 지하차도(도로)내,승용,남,64세,상해없음,이륜,남,22세,경상
2020050200100409,2020년 5월 2일 18시,토요일,부산광역시 강서구 송정동,부상신고사고,0,0,0,1,차량단독 - 전도전복 - 전도,안전운전불이행,건조,맑음,교차로 - 교차로부근,이륜,남,20세,부상신고,,,,
2020050200100439,2020년 5월 2일 19시,토요일,부산광역시 서구 암남동,경상사고,0,0,1,0,차대사람 - 기타,안전운전불이행,건조,맑음,단일로 - 기타,화물,남,35세,상해없음,보행자,여,80세,경상
2020050200100462,2020년 5월 2일 20시,토요일,부산광역시 중구 남포동6가,중상사고,0,1,0,0,차대사람 - 기타,안전운전불이행,건조,맑음,교차로 - 교차로부근,승용,남,68세,상해없음,보행자,여,60세,중상
2020050200100463,2020년 5월 2일 20시,토요일,부산광역시 연제구 연산동,경상사고,0,0,2,1,차대차 - 측면충돌,안전운전불이행,건조,맑음,교차로 - 교차로안,이륜,남,28세,부상신고,승용,여,50세,경상
2020050200100503,2020년 5월 2일 21시,토요일,부산광역시 금정구 서동,경상사고,0,0,1,0,차대사람 - 차도통행중,안전운전불이행,건조,맑음,교차로 - 교차로안,승용,남,63세,상해없음,보행자,여,56세,경상
2020050200100525,2020년 5월 2일 22시,토요일,부산광역시 중구 부평동2가,경상사고,0,0,3,0,차대차 - 추돌,안전운전불이행,젖음/습기,비,교차로 - 교차로부근,승합,남,59세,상해없음,승용,남,59세,경상
2020050300100016,2020년 5월 3일 01시,일요일,부산광역시 금정구 구서동,경상사고,0,0,3,0,차대차 - 기타,교차로운행방법위반,젖음/습기,맑음,교차로 - 교차로안,승용,남,65세,상해없음,승용,남,26세,경상
2020050300100027,2020년 5월 3일 02시,일요일,부산광역시 연제구 연산동,경상사고,0,0,1,0,차대사람 - 길가장자리구역통행중,안전운전불이행,젖음/습기,비,교차로 - 교차로안,승용,남,52세,기타불명,보행자,남,58세,경상
2020050300100097,2020년 5월 3일 09시,일요일,부산광역시 연제구 연산동,경상사고,0,0,1,0,차대사람 - 기타,안전운전불이행,건조,맑음,교차로 - 교차로부근,승용,남,55세,상해없음,보행자,남,26세,경상
2020050300100111,2020년 5월 3일 10시,일요일,부산광역시 금정구 구서동,경상사고,0,0,5,1,차대차 - 측면충돌,교차로운행방법위반,건조,맑음,교차로 - 교차로안,승용,남,42세,경상,승용,남,44세,부상신고
2020050300100112,2020년 5월 3일 10시,일요일,부산광역시 사상구 학장동,경상사고,0,0,2,0,차대차 - 추돌,안전운전불이행,건조,맑음,단일로 - 기타,승용,남,59세,상해없음,승용,남,69세,경상
2020050300100145,2020년 5월 3일 12시,일요일,부산광역시 부산진구 당감동,경상사고,0,0,1,0,차대차 - 기타,안전운전불이행,젖음/습기,맑음,교차로 - 교차로안,승용,남,48세,상해없음,이륜,남,57세,경상
2020050300100175,2020년 5월 3일 13시,일요일,부산광역시 수영구 광안동,경상사고,0,0,2,0,차대차 - 측면충돌,안전운전불이행,건조,맑음,교차로 - 교차로부근,승용,남,57세,상해없음,승용,남,39세,경상
2020050300100200,2020년 5월 3일 14시,일요일,부산광역시 동래구 온천동,부상신고사고,0,0,0,1,차대차 - 기타,중앙선침범,젖음/습기,맑음,단일로 - 기타,승용,남,45세,상해없음,이륜,남,42세,부상신고
2020050300100251,2020년 5월 3일 16시,일요일,부산광역시 해운대구 재송동,중상사고,0,1,0,0,차대사람 - 기타,안전운전불이행,건조,맑음,교차로 - 교차로부근,승용,남,39세,상해없음,보행자,남,47세,중상
2020050300100252,2020년 5월 3일 16시,일요일,부산광역시 강서구 대저2동,중상사고,0,1,0,0,차대차 - 추돌,안전운전불이행,건조,맑음,교차로 - 교차로부근,승용,남,41세,상해없음,승용,남,31세,중상
2020050300100298,2020년 5월 3일 18시,일요일,부산광역시 북구 덕천동,경상사고,0,0,1,0,차대사람 - 기타,안전운전불이행,젖음/습기,맑음,단일로 - 기타,승용,남,64세,상해없음,보행자,여,16세,경상
2020050300100299,2020년 5월 3일 18시,일요일,부산광역시 부산진구 가야동,경상사고,0,0,2,0,차대차 - 추돌,안전거리미확보,건조,흐림,교차로 - 교차로부근,승용,여,38세,상해없음,이륜,남,45세,경상
2020050300100301,2020년 5월 3일 18시,일요일,부산광역시 기장군 정관읍,중상사고,0,1,0,0,차대차 - 측면충돌,직진우회전진행방해,건조,맑음,교차로 - 교차로안,승용,남,28세,상해없음,이륜,남,63세,중상
2020050300100335,2020년 5월 3일 19시,일요일,부산광역시 북구 덕천동,경상사고,0,0,1,0,차대차 - 측면충돌,안전운전불이행,건조,맑음,단일로 - 기타,승용,남,49세,상해없음,승용,남,56세,상해없음
2020050300100370,2020년 5월 3일 20시,일요일,부산광역시 서구 충무동1가,부상신고사고,0,0,0,1,차대사람 - 횡단중,안전운전불이행,젖음/습기,비,교차로 - 교차로안,승용,남,67세,상해없음,보행자,남,64세,부상신고
2020050300100371,2020년 5월 3일 20시,일요일,부산광역시 동래구 명장동,중상사고,0,1,0,0,차대사람 - 길가장자리구역통행중,안전운전불이행,젖음/습기,비,단일로 - 기타,승용,남,58세,상해없음,보행자,여,64세,중상
2020050300100372,2020년 5월 3일 20시,일요일,부산광역시 사하구 신평동,중상사고,0,1,0,0,차대사람 - 기타,안전운전불이행,젖음/습기,비,단일로 - 기타,승용,남,50세,상해없음,보행자,남,53세,중상
2020050400100005,2020년 5월 4일 00시,월요일,부산광역시 서구 초장동,부상신고사고,0,0,0,1,차량단독 - 기타,안전운전불이행,건조,맑음,단일로 - 기타,승용,남,72세,상해없음,,,,
2020050400100006,2020년 5월 4일 00시,월요일,부산광역시 금정구 부곡동,중상사고,0,1,2,0,차대사람 - 기타,안전운전불이행,건조,맑음,단일로 - 기타,승용,남,56세,상해없음,보행자,남,18세,중상
2020050400100104,2020년 5월 4일 09시,월요일,부산광역시 수영구 광안동,경상사고,0,0,1,0,차대사람 - 길가장자리구역통행중,안전운전불이행,건조,맑음,단일로 - 기타,승용,남,58세,상해없음,보행자,남,36세,경상
2020050400100134,2020년 5월 4일 10시,월요일,부산광역시 중구 남포동6가,중상사고,0,1,0,0,차대사람 - 횡단중,안전운전불이행,건조,맑음,단일로 - 기타,화물,남,61세,상해없음,보행자,남,65세,중상
2020050400100135,2020년 5월 4일 10시,월요일,부산광역시 해운대구 반여동,경상사고,0,0,1,0,차대차 - 측면충돌,안전운전불이행,건조,맑음,교차로 - 교차로안,승용,남,45세,기타불명,승합,남,44세,상해없음
2020050400100171,2020년 5월 4일 11시,월요일,부산광역시 사상구 엄궁동,부상신고사고,0,0,0,1,차대차 - 측면충돌,차로위반,건조,맑음,단일로 - 기타,원동기,남,64세,부상신고,승용,남,44세,상해없음
2020050400100242,2020년 5월 4일 13시,월요일,부산광역시 남구 문현동,경상사고,0,0,1,0,차대차 - 기타,안전운전불이행,건조,맑음,단일로 - 기타,화물,남,24세,상해없음,이륜,남,67세,경상
2020050400100243,2020년 5월 4일 13시,월요일,부산광역시 부산진구 부전동,경상사고,0,0,1,0,차대차 - 기타,안전거리미확보,건조,기타,단일로 - 기타,승용,남,31세,기타불명,승용,남,28세,경상
2020050400100244,2020년 5월 4일 13시,월요일,부산광역시 연제구 연산동,부상신고사고,0,0,0,1,차대차 - 측면충돌,안전거리미확보,건조,맑음,교차로 - 교차로부근,승용,남,80세,상해없음,승용,남,55세,부상신고
2020050400100245,2020년 5월 4일 13시,월요일,부산광역시 연제구 연산동,중상사고,0,3,2,0,차대차 - 정면충돌,과속,건조,맑음,교차로 - 교차로안,승용,여,56세,기타불명,승용,남,72세,중상
2020050400100246,2020년 5월 4일 13시,월요일,부산광역시 연제구 거제동,경상사고,0,0,1,0,차대차 - 기타,안전거리미확보,건조,맑음,단일로 - 기타,승용,여,53세,기타불명,승용,여,43세,경상
2020050400100295,2020년 5월 4일 14시,월요일,부산광역시 강서구 대저1동,경상사고,0,0,2,0,차대차 - 기타,안전운전불이행,건조,맑음,단일로 - 기타,화물,남,39세,상해없음,승용,남,44세,경상
2020050400100330,2020년 5월 4일 15시,월요일,부산광역시 부산진구 범전동,중상사고,0,1,2,0,차대차 - 측면충돌,신호위반,건조,맑음,교차로 - 교차로안,승용,남,80세,상해없음,승용,남,51세,경상
2020050400100331,2020년 5월 4일 15시,월요일,부산광역시 강서구 명지동,경상사고,0,0,1,0,차대차 - 기타,안전운전불이행,건조,맑음,단일로 - 기타,화물,남,64세,상해없음,승용,남,26세,경상
2020050400100386,2020년 5월 4일 16시,월요일,부산광역시 남구 대연동,경상사고,0,0,1,0,차대차 - 측면충돌,안전운전불이행,건조,맑음,단일로 - 기타,승용,남,61세,상해없음,이륜,여,27세,경상
2020050400100387,2020년 5월 4일 16시,월요일,부산광역시 북구 화명동,중상사고,0,2,0,0,차대차 - 추돌,안전운전불이행,건조,맑음,단일로 - 기타,이륜,남,18세,중상,승용,남,36세,중상
2020050400100429,2020년 5월 4일 17시,월요일,부산광역시 해운대구 중동,경상사고,0,0,2,0,차대차 - 기타,안전운전불이행,건조,맑음,교차로 - 교차로안,승용,여,64세,경상,원동기,남,28세,경상
2020050400100430,2020년 5월 4일 17시,월요일,부산광역시 해운대구 재송동,중상사고,0,1,0,0,차대차 - 추돌,안전운전불이행,건조,기타,교차로 - 교차로부근,승용,남,34세,상해없음,자전거,남,41세,중상
2020050400100431,2020년 5월 4일 17시,월요일,부산광역시 연제구 거제동,경상사고,0,0,1,0,차대사람 - 차도통행중,신호위반,건조,맑음,교차로 - 교차로안,승용,여,57세,상해없음,보행자,여,78세,경상
2020050400100432,2020년 5월 4일 17시,월요일,부산광역시 강서구 송정동,경상사고,0,0,2,0,차대차 - 측면충돌,안전운전불이행,건조,맑음,교차로 - 교차로안,승용,남,38세,상해없음,화물,남,54세,경상
2020050400100493,2020년 5월 4일 18시,월요일,부산광역시 영도구 영선동4가,경상사고,0,0,4,0,차대차 - 추돌,안전운전불이행,건조,맑음,단일로 - 기타,승용,여,27세,상해없음,승용,남,28세,경상
2020050400100494,2020년 5월 4일 18시,월요일,부산광역시 영도구 동삼동,경상사고,0,0,4,0,차대차 - 측면충돌,중앙선침범,건조,맑음,단일로 - 기타,승용,남,57세,상해없음,승용,여,28세,경상
2020050400100495,2020년 5월 4일 18시,월요일,부산광역시 해운대구 송정동,중상사고,0,1,0,0,차대차 - 추돌,안전운전불이행,건조,맑음,교차로 - 교차로부근,승용,남,77세,상해없음,승용,여,48세,중상
2020050400100496,2020년 5월 4일 18시,월요일,부산광역시 금정구 부곡동,경상사고,0,0,1,0,차대사람 - 기타,안전운전불이행,건조,맑음,교차로 - 교차로안,화물,남,63세,상해없음,보행자,여,23세,경상
2020050400100497,2020년 5월 4일 18시,월요일,부산광역시 사하구 하단동,중상사고,0,1,0,1,차대차 - 기타,신호위반,건조,맑음,교차로 - 교차로안,이륜,남,23세,부상신고,이륜,남,38세,중상
2020050400100545,2020년 5월 4일 19시,월요일,부산광역시 북구 덕천동,경상사고,0,0,1,0,차대차 - 기타,신호위반,건조,맑음,교차로 - 교차로안,승용,남,58세,상해없음,승용,남,58세,경상
2020050400100546,2020년 5월 4일 19시,월요일,부산광역시 동래구 안락동,부상신고사고,0,0,0,1,차대차 - 추돌,안전운전불이행,건조,흐림,단일로 - 기타,승용,남,52세,상해없음,승용,남,25세,부상신고
2020050400100547,2020년 5월 4일 19시,월요일,부산광역시 부산진구 부전동,경상사고,0,0,1,0,차대사람 - 기타,안전운전불이행,건조,맑음,단일로 - 기타,승용,여,23세,상해없음,보행자,남,18세,경상
2020050400100581,2020년 5월 4일 20시,월요일,부산광역시 해운대구 반송동,경상사고,0,0,1,0,차대차 - 추돌,안전운전불이행,건조,맑음,단일로 - 기타,승용,남,45세,상해없음,승용,남,62세,경상
2020050400100582,2020년 5월 4일 20시,월요일,부산광역시 사상구 주례동,중상사고,0,1,0,0,차대차 - 기타,안전운전불이행,건조,맑음,단일로 - 고가도로위,특수,남,43세,중상,승용,남,65세,상해없음
2020050400100619,2020년 5월 4일 21시,월요일,부산광역시 사상구 주례동,중상사고,0,1,0,0,차대사람 - 차도통행중,안전거리미확보,건조,맑음,단일로 - 지하차도(도로)내,승용,남,48세,상해없음,보행자,남,49세,중상
2020050400100620,2020년 5월 4일 21시,월요일,부산광역시 강서구 대저1동,중상사고,0,1,0,0,차대차 - 추돌,안전운전불이행,건조,맑음,단일로 - 기타,승용,남,25세,상해없음,승용,남,29세,중상
2020050500100006,2020년 5월 5일 00시,화요일,부산광역시 동래구 수안동,경상사고,0,0,1,0,차대차 - 측면충돌,신호위반,건조,맑음,교차로 - 교차로안,승용,남,63세,상해없음,승합,남,55세,경상
2020050500100023,2020년 5월 5일 01시,화요일,부산광역시 북구 구포동,경상사고,0,0,2,0,차대차 - 측면충돌,교차로운행방법위반,건조,맑음,교차로 - 교차로안,이륜,남,24세,경상,승용,남,59세,상해없음
2020050500100033,2020년 5월 5일 02시,화요일,부산광역시 부산진구 부전동,중상사고,0,1,0,0,차대사람 - 기타,안전운전불이행,건조,맑음,단일로 - 기타,승용,남,60세,상해없음,보행자,남,43세,중상
2020050500100038,2020년 5월 5일 03시,화요일,부산광역시 부산진구 당감동,경상사고,0,0,1,0,차대차 - 추돌,안전운전불이행,건조,맑음,교차로 - 교차로부근,승용,남,34세,상해없음,화물,남,63세,경상
2020050500100078,2020년 5월 5일 08시,화요일,부산광역시 남구 용호동,중상사고,0,1,0,0,차대차 - 추돌,직진우회전진행방해,건조,맑음,교차로 - 교차로안,승용,남,57세,상해없음,화물,남,68세,중상
2020050500100091,2020년 5월 5일 09시,화요일,부산광역시 서구 남부민동,경상사고,0,0,1,0,차대차 - 추돌,안전운전불이행,건조,맑음,단일로 - 기타,원동기,남,48세,경상,승용,남,59세,상해없음
2020050500100120,2020년 5월 5일 11시,화요일,부산광역시 금정구 두구동,경상사고,0,0,1,0,차대사람 - 기타,안전운전불이행,건조,맑음,단일로 - 기타,승용,남,63세,상해없음,보행자,여,2세,경상
2020050500100121,2020년 5월 5일 11시,화요일,부산광역시 수영구 수영동,중상사고,0,1,0,0,차대차 - 기타,안전운전불이행,건조,맑음,단일로 - 기타,승용,남,60세,상해없음,자전거,남,61세,중상
2020050500100143,2020년 5월 5일 12시,화요일,부산광역시 남구 용호동,부상신고사고,0,0,0,1,차대차 - 측면충돌,안전거리미확보,건조,맑음,단일로 - 기타,승용,남,23세,상해없음,원동기,남,43세,부상신고
2020050500100144,2020년 5월 5일 12시,화요일,부산광역시 영도구 청학동,중상사고,0,2,0,0,차대사람 - 기타,안전운전불이행,건조,맑음,단일로 - 기타,승용,여,40세,상해없음,보행자,여,47세,중상
2020050500100145,2020년 5월 5일 12시,화요일,부산광역시 사상구 주례동,경상사고,0,0,1,0,차대차 - 측면충돌,안전운전불이행,건조,맑음,교차로 - 교차로부근,승용,남,48세,상해없음,이륜,남,24세,경상
2020050500100188,2020년 5월 5일 14시,화요일,부산광역시 북구 구포동,중상사고,0,2,0,0,차량단독 - 기타,신호위반,건조,맑음,단일로 - 기타,승합,남,51세,상해없음,,,,
2020050500100190,2020년 5월 5일 14시,화요일,부산광역시 영도구 대교동2가,경상사고,0,0,1,0,차대차 - 추돌,안전운전불이행,건조,맑음,단일로 - 기타,승용,남,68세,상해없음,승용,남,66세,경상
2020050500100191,2020년 5월 5일 14시,화요일,부산광역시 기장군 일광면,중상사고,0,1,0,0,차대차 - 정면충돌,중앙선침범,건조,맑음,단일로 - 기타,승용,여,59세,상해없음,승용,남,54세,중상
2020050500100219,2020년 5월 5일 15시,화요일,부산광역시 해운대구 우동,중상사고,0,1,0,0,차대차 - 측면충돌,안전운전불이행,건조,맑음,교차로 - 교차로안,승용,남,58세,상해없음,이륜,남,39세,중상
2020050500100243,2020년 5월 5일 16시,화요일,부산광역시 수영구 남천동,경상사고,0,0,3,0,차대차 - 측면충돌,안전운전불이행,건조,맑음,교차로 - 교차로안,승용,여,45세,상해없음,승용,남,42세,경상
2020050500100311,2020년 5월 5일 18시,화요일,부산광역시 부산진구 부전동,중상사고,0,1,1,0,차대차 - 기타,안전운전불이행,건조,맑음,기타 - 기타,원동기,여,24세,경상,자전거,남,73세,중상
2020050500100337,2020년 5월 5일 19시,화요일,부산광역시 연제구 연산동,부상신고사고,0,0,0,1,차대사람 - 횡단중,안전운전불이행,건조,맑음,교차로 - 교차로횡단보도내,승용,남,69세,상해없음,보행자,여,32세,부상신고
2020050500100365,2020년 5월 5일 20시,화요일,부산광역시 부산진구 부전동,중상사고,0,1,4,0,차대차 - 측면충돌,안전거리미확보,건조,맑음,교차로 - 교차로안,승용,남,53세,경상,승용,여,60세,경상
2020050500100366,2020년 5월 5일 20시,화요일,부산광역시 금정구 부곡동,경상사고,0,0,1,0,차대사람 - 횡단중,보행자보호의무위반,건조,맑음,교차로 - 교차로횡단보도내,승용,여,55세,상해없음,보행자,남,53세,경상
2020050500100367,2020년 5월 5일 20시,화요일,부산광역시 금정구 부곡동,경상사고,0,0,3,0,차대차 - 기타,안전운전불이행,건조,맑음,단일로 - 기타,화물,남,59세,상해없음,승용,남,51세,경상
2020050500100368,2020년 5월 5일 20시,화요일,부산광역시 연제구 연산동,중상사고,0,1,0,0,차대차 - 후진중충돌,안전운전불이행,건조,맑음,단일로 - 기타,승용,여,64세,상해없음,이륜,남,28세,중상
2020050500100395,2020년 5월 5일 21시,화요일,부산광역시 해운대구 우동,부상신고사고,0,0,0,1,차대차 - 측면충돌,중앙선침범,건조,맑음,교차로 - 교차로안,이륜,남,38세,부상신고,승용,남,24세,상해없음
2020050500100421,2020년 5월 5일 22시,화요일,부산광역시 수영구 광안동,경상사고,0,0,1,0,차대차 - 추돌,안전운전불이행,건조,맑음,교차로 - 교차로부근,승용,여,43세,상해없음,이륜,남,32세,경상
2020050500100422,2020년 5월 5일 22시,화요일,부산광역시 연제구 거제동,중상사고,0,1,0,0,차대사람 - 기타,안전운전불이행,건조,맑음,단일로 - 기타,자전거,남,17세,상해없음,보행자,여,61세,중상
2020050500100437,2020년 5월 5일 23시,화요일,부산광역시 사상구 덕포동,중상사고,0,1,0,0,차대사람 - 기타,안전운전불이행,건조,맑음,단일로 - 기타,승용,남,68세,상해없음,보행자,남,59세,중상
2020050600100004,2020년 5월 6일 00시,수요일,부산광역시 남구 대연동,중상사고,0,1,1,0,차대차 - 측면충돌,안전운전불이행,건조,맑음,교차로 - 교차로안,승용,남,40세,상해없음,이륜,남,23세,중상
2020050600100005,2020년 5월 6일 00시,수요일,부산광역시 사상구 괘법동,경상사고,0,0,1,0,차대차 - 기타,안전운전불이행,건조,맑음,단일로 - 기타,자전거,남,25세,경상,승용,남,25세,상해없음
2020050600100060,2020년 5월 6일 07시,수요일,부산광역시 남구 문현동,경상사고,0,0,1,0,차대차 - 추돌,안전운전불이행,건조,맑음,단일로 - 기타,승용,남,51세,상해없음,승용,남,49세,경상
2020050600100083,2020년 5월 6일 08시,수요일,부산광역시 사하구 장림동,경상사고,0,0,1,0,차대사람 - 횡단중,안전운전불이행,건조,맑음,교차로 - 교차로부근,화물,남,58세,상해없음,보행자,여,40세,경상
2020050600100116,2020년 5월 6일 09시,수요일,부산광역시 북구 만덕동,중상사고,0,1,0,0,차대차 - 측면충돌,안전거리미확보,건조,맑음,단일로 - 기타,원동기,남,80세,중상,승용,여,36세,상해없음
2020050600100149,2020년 5월 6일 10시,수요일,부산광역시 남구 용호동,부상신고사고,0,0,0,1,차대사람 - 차도통행중,안전운전불이행,건조,맑음,단일로 - 기타,승용,여,67세,상해없음,보행자,남,86세,부상신고
2020050600100150,2020년 5월 6일 10시,수요일,부산광역시 부산진구 개금동,경상사고,0,0,1,0,차대사람 - 길가장자리구역통행중,안전운전불이행,건조,맑음,단일로 - 기타,승용,남,76세,상해없음,보행자,여,60세,경상
2020050600100151,2020년 5월 6일 10시,수요일,부산광역시 금정구 금사동,경상사고,0,0,1,1,차대차 - 측면충돌,안전운전불이행,건조,맑음,교차로 - 교차로안,이륜,남,52세,경상,승용,남,56세,부상신고
2020050600100152,2020년 5월 6일 10시,수요일,부산광역시 기장군 기장읍,경상사고,0,0,1,0,차대사람 - 횡단중,보행자보호의무위반,건조,맑음,교차로 - 교차로횡단보도내,승용,여,53세,상해없음,보행자,남,78세,경상
2020050600100180,2020년 5월 6일 11시,수요일,부산광역시 수영구 수영동,경상사고,0,0,1,0,차대차 - 추돌,안전운전불이행,건조,맑음,단일로 - 기타,승용,남,62세,상해없음,승용,여,58세,경상
2020050600100182,2020년 5월 6일 11시,수요일,부산광역시 동래구 복천동,중상사고,0,1,0,0,차대사람 - 차도통행중,안전운전불이행,건조,맑음,단일로 - 기타,승용,여,70세,상해없음,보행자,여,85세,중상
2020050600100183,2020년 5월 6일 11시,수요일,부산광역시 동래구 안락동,중상사고,0,1,0,0,차대사람 - 횡단중,보행자보호의무위반,건조,맑음,교차로 - 교차로부근,화물,남,38세,상해없음,보행자,여,70세,중상
2020050600100184,2020년 5월 6일 11시,수요일,부산광역시 동래구 온천동,중상사고,0,1,0,0,차대사람 - 차도통행중,안전운전불이행,건조,맑음,단일로 - 기타,승용,여,58세,상해없음,보행자,여,72세,중상
2020050600100217,2020년 5월 6일 12시,수요일,부산광역시 북구 화명동,사망사고,1,0,0,0,차대차 - 기타,안전운전불이행,건조,맑음,단일로 - 기타,화물,남,28세,상해없음,이륜,남,26세,사망
2020050600100218,2020년 5월 6일 12시,수요일,부산광역시 강서구 미음동,중상사고,0,2,2,0,차대차 - 기타,신호위반,건조,맑음,교차로 - 교차로안,화물,남,31세,상해없음,화물,남,43세,상해없음
2020050600100219,2020년 5월 6일 12시,수요일,부산광역시 사상구 학장동,경상사고,0,0,1,0,차대차 - 측면충돌,차로위반,건조,맑음,단일로 - 기타,승용,남,64세,상해없음,이륜,남,42세,경상
2020050600100263,2020년 5월 6일 13시,수요일,부산광역시 서구 암남동,중상사고,0,1,0,0,차대차 - 측면충돌,안전운전불이행,건조,맑음,단일로 - 기타,승용,남,55세,상해없음,특수,남,50세,상해없음
2020050600100264,2020년 5월 6일 13시,수요일,부산광역시 동래구 안락동,부상신고사고,0,0,0,1,차대차 - 측면충돌,신호위반,건조,맑음,교차로 - 교차로안,이륜,남,19세,부상신고,승합,남,57세,상해없음
2020050600100265,2020년 5월 6일 13시,수요일,부산광역시 부산진구 초읍동,경상사고,0,0,1,0,차대사람 - 보도통행중,기타,건조,맑음,기타 - 기타,화물,남,37세,상해없음,보행자,남,84세,경상
2020050600100266,2020년 5월 6일 13시,수요일,부산광역시 부산진구 부전동,중상사고,0,1,1,0,차대차 - 기타,신호위반,건조,맑음,교차로 - 교차로안,승용,남,73세,상해없음,이륜,남,42세,중상
2020050600100345,2020년 5월 6일 15시,수요일,부산광역시 영도구 동삼동,중상사고,0,1,0,0,차대사람 - 기타,안전운전불이행,건조,맑음,단일로 - 기타,이륜,남,37세,상해없음,보행자,여,77세,중상
2020050600100392,2020년 5월 6일 16시,수요일,부산광역시 동구 범일동,경상사고,0,0,4,0,차대차 - 측면충돌,교차로운행방법위반,건조,맑음,교차로 - 교차로안,승용,여,65세,상해없음,승용,남,40세,경상
2020050600100393,2020년 5월 6일 16시,수요일,부산광역시 부산진구 개금동,경상사고,0,0,1,0,차대차 - 추돌,안전운전불이행,건조,맑음,단일로 - 기타,승용,남,33세,상해없음,승용,남,66세,경상
2020050600100394,2020년 5월 6일 16시,수요일,부산광역시 연제구 연산동,부상신고사고,0,0,0,1,차대차 - 측면충돌,안전운전불이행,건조,맑음,교차로 - 교차로안,이륜,남,38세,부상신고,승용,남,74세,상해없음
2020050600100438,2020년 5월 6일 17시,수요일,부산광역시 서구 서대신동2가,경상사고,0,0,1,0,차대차 - 측면충돌,안전거리미확보,건조,맑음,단일로 - 기타,승용,남,35세,상해없음,승용,남,44세,경상
2020050600100439,2020년 5월 6일 17시,수요일,부산광역시 북구 화명동,경상사고,0,0,1,0,차대차 - 측면충돌,안전운전불이행,건조,맑음,단일로 - 기타,승용,남,33세,경상,승용,남,54세,상해없음
2020050600100440,2020년 5월 6일 17시,수요일,부산광역시 동래구 온천동,경상사고,0,0,1,0,차대사람 - 기타,안전운전불이행,건조,맑음,단일로 - 기타,승용,남,50세,상해없음,보행자,여,68세,경상
2020050600100441,2020년 5월 6일 17시,수요일,부산광역시 부산진구 전포동,경상사고,0,0,1,0,차대차 - 기타,신호위반,건조,맑음,교차로 - 교차로부근,승용,남,61세,상해없음,승용,남,56세,경상
2020050600100442,2020년 5월 6일 17시,수요일,부산광역시 부산진구 당감동,경상사고,0,0,1,1,차대사람 - 기타,안전운전불이행,건조,맑음,단일로 - 기타,이륜,남,17세,부상신고,보행자,남,62세,경상
2020050600100443,2020년 5월 6일 17시,수요일,부산광역시 부산진구 범천동,중상사고,0,1,0,0,차대차 - 기타,기타,건조,맑음,단일로 - 기타,승합,남,57세,상해없음,이륜,남,50세,상해없음
2020050600100444,2020년 5월 6일 17시,수요일,부산광역시 강서구 봉림동,경상사고,0,0,1,0,차대차 - 측면충돌,안전거리미확보,건조,맑음,단일로 - 기타,화물,남,70세,상해없음,승용,여,26세,경상
2020050600100501,2020년 5월 6일 18시,수요일,부산광역시 중구 부평동3가,경상사고,0,0,1,0,차대차 - 기타,신호위반,건조,맑음,교차로 - 교차로안,화물,남,62세,상해없음,이륜,남,64세,경상
2020050600100502,2020년 5월 6일 18시,수요일,부산광역시 영도구 영선동2가,경상사고,0,0,1,0,차대차 - 측면충돌,불법유턴,건조,맑음,단일로 - 기타,자전거,남,69세,경상,승용,여,23세,상해없음
2020050600100503,2020년 5월 6일 18시,수요일,부산광역시 금정구 부곡동,경상사고,0,0,1,0,차대사람 - 횡단중,보행자보호의무위반,건조,맑음,교차로 - 교차로횡단보도내,승용,남,27세,상해없음,보행자,남,66세,경상
2020050600100504,2020년 5월 6일 18시,수요일,부산광역시 금정구 구서동,중상사고,0,1,0,0,차대사람 - 기타,안전운전불이행,건조,맑음,단일로 - 기타,승용,남,65세,기타불명,보행자,여,41세,중상
2020050600100505,2020년 5월 6일 18시,수요일,부산광역시 사하구 괴정동,경상사고,0,0,1,0,차대사람 - 횡단중,신호위반,건조,맑음,교차로 - 교차로횡단보도내,승용,남,69세,상해없음,보행자,남,29세,경상
2020050600100506,2020년 5월 6일 18시,수요일,부산광역시 강서구 명지동,중상사고,0,1,1,0,차대차 - 측면충돌,신호위반,건조,맑음,교차로 - 교차로안,승용,남,40세,경상,이륜,남,50세,중상
2020050600100561,2020년 5월 6일 19시,수요일,부산광역시 해운대구 좌동,중상사고,0,1,0,0,차대차 - 측면충돌,중앙선침범,건조,맑음,교차로 - 교차로부근,승용,여,33세,상해없음,승용,여,38세,중상
2020050600100562,2020년 5월 6일 19시,수요일,부산광역시 해운대구 우동,부상신고사고,0,0,0,1,차대차 - 기타,안전거리미확보,건조,맑음,단일로 - 기타,승용,남,63세,상해없음,승용,남,26세,상해없음
2020050600100585,2020년 5월 6일 20시,수요일,부산광역시 북구 구포동,경상사고,0,0,1,0,차대차 - 측면충돌,안전운전불이행,건조,맑음,교차로 - 교차로안,승용,남,68세,상해없음,승용,남,35세,경상