사고번호,사고일시,요일,시군구,사고내용,사망자수,중상자수,경상자수,부상신고자수,사고유형,법규위반,노면상태,기상상태,도로형태,가해운전자 차종,가해운전자 성별,가해운전자 연령,가해운전자 상해정도,피해운전자 차종,피해운전자 성별,피해운전자 연령,피해운전자 상해정도
2020050600100612,2020년 5월 6일 21시,수요일,부산광역시 북구 만덕동,중상사고,0,2,0,0,차대사람 - 횡단중,안전운전불이행,건조,맑음,단일로 - 기타,이륜,남,19세,중상,보행자,남,64세,중상
2020050600100613,2020년 5월 6일 21시,수요일,부산광역시 부산진구 부전동,경상사고,0,0,1,0,차대사람 - 길가장자리구역통행중,안전운전불이행,건조,맑음,단일로 - 기타,자전거,남,47세,상해없음,보행자,여,60세,경상
2020050600100655,2020년 5월 6일 23시,수요일,부산광역시 북구 덕천동,중상사고,0,1,0,0,차대차 - 측면충돌,교차로운행방법위반,건조,맑음,교차로 - 교차로안,원동기,남,18세,중상,승용,남,56세,상해없음
2020050700100018,2020년 5월 7일 01시,목요일,부산광역시 남구 용호동,경상사고,0,0,1,0,차대차 - 추돌,안전운전불이행,건조,맑음,교차로 - 교차로부근,승용,남,53세,상해없음,승용,남,52세,경상
2020050700100019,2020년 5월 7일 01시,목요일,부산광역시 연제구 연산동,경상사고,0,0,1,0,차대사람 - 기타,안전운전불이행,건조,맑음,단일로 - 기타,승용,남,51세,상해없음,보행자,남,38세,경상
2020050700100078,2020년 5월 7일 07시,목요일,부산광역시 사하구 신평동,경상사고,0,0,6,0,차대차 - 기타,안전운전불이행,건조,맑음,교차로 - 교차로부근,화물,남,40세,상해없음,승용,남,31세,경상
2020050700100079,2020년 5월 7일 07시,목요일,부산광역시 사상구 모라동,경상사고,0,0,1,0,차대사람 - 기타,안전운전불이행,건조,맑음,단일로 - 기타,승용,남,52세,상해없음,보행자,여,20세,경상
2020050700100108,2020년 5월 7일 08시,목요일,부산광역시 동래구 온천동,중상사고,0,1,0,0,차대사람 - 횡단중,신호위반,건조,맑음,단일로 - 기타,승용,남,36세,상해없음,보행자,여,47세,중상
2020050700100109,2020년 5월 7일 08시,목요일,부산광역시 부산진구 당감동,중상사고,0,1,0,0,차대사람 - 횡단중,안전운전불이행,건조,맑음,교차로 - 교차로횡단보도내,승용,여,31세,상해없음,보행자,여,53세,중상
2020050700100152,2020년 5월 7일 09시,목요일,부산광역시 동래구 사직동,경상사고,0,0,1,0,차대차 - 추돌,안전운전불이행,건조,맑음,교차로 - 교차로부근,승용,여,31세,상해없음,승용,남,44세,경상
2020050700100153,2020년 5월 7일 09시,목요일,부산광역시 부산진구 초읍동,중상사고,0,1,1,0,차대차 - 기타,불법유턴,건조,맑음,기타 - 기타,승용,남,30세,상해없음,승용,여,55세,중상
2020050700100154,2020년 5월 7일 09시,목요일,부산광역시 강서구 미음동,경상사고,0,0,1,0,차대차 - 기타,안전운전불이행,건조,맑음,단일로 - 기타,화물,남,61세,상해없음,승용,남,38세,경상
2020050700100185,2020년 5월 7일 10시,목요일,부산광역시 부산진구 양정동,경상사고,0,0,1,0,차대차 - 측면충돌,안전운전불이행,건조,맑음,교차로 - 교차로안,승용,여,62세,상해없음,이륜,남,25세,경상
2020050700100186,2020년 5월 7일 10시,목요일,부산광역시 수영구 망미동,중상사고,0,1,0,0,차대차 - 기타,차로위반,건조,맑음,단일로 - 기타,화물,남,47세,상해없음,이륜,남,42세,중상
2020050700100187,2020년 5월 7일 10시,목요일,부산광역시 사상구 괘법동,중상사고,0,1,0,0,차대사람 - 횡단중,안전운전불이행,건조,맑음,단일로 - 기타,화물,남,49세,상해없음,보행자,여,69세,중상
2020050700100229,2020년 5월 7일 11시,목요일,부산광역시 사하구 괴정동,중상사고,0,1,0,0,차대차 - 기타,불법유턴,건조,맑음,단일로 - 지하차도(도로)내,승용,남,70세,상해없음,이륜,남,39세,중상
2020050700100230,2020년 5월 7일 11시,목요일,부산광역시 사하구 하단동,부상신고사고,0,0,0,2,차대차 - 측면충돌,교차로운행방법위반,건조,맑음,교차로 - 교차로안,승용,남,70세,부상신고,화물,남,46세,부상신고
2020050700100307,2020년 5월 7일 13시,목요일,부산광역시 북구 구포동,경상사고,0,0,1,0,차대사람 - 기타,안전운전불이행,건조,맑음,단일로 - 기타,승용,여,63세,상해없음,보행자,남,70세,경상
2020050700100308,2020년 5월 7일 13시,목요일,부산광역시 연제구 거제동,경상사고,0,0,1,0,차대차 - 측면충돌,교차로운행방법위반,건조,맑음,교차로 - 교차로안,승용,남,68세,상해없음,승용,여,24세,경상
2020050700100309,2020년 5월 7일 13시,목요일,부산광역시 기장군 일광면,경상사고,0,0,1,2,차대차 - 측면충돌,교차로운행방법위반,건조,맑음,교차로 - 교차로안,이륜,남,22세,부상신고,승용,여,62세,경상
2020050700100342,2020년 5월 7일 14시,목요일,부산광역시 남구 대연동,중상사고,0,1,0,0,차대차 - 기타,신호위반,건조,맑음,단일로 - 기타,승용,남,69세,상해없음,이륜,남,35세,중상
2020050700100343,2020년 5월 7일 14시,목요일,부산광역시 북구 화명동,경상사고,0,0,2,0,차대차 - 측면충돌,안전운전불이행,건조,맑음,단일로 - 지하차도(도로)내,승용,여,52세,상해없음,승용,여,27세,경상
2020050700100344,2020년 5월 7일 14시,목요일,부산광역시 부산진구 부전동,중상사고,0,1,0,0,차대사람 - 횡단중,보행자보호의무위반,건조,맑음,교차로 - 교차로횡단보도내,화물,남,58세,상해없음,보행자,여,21세,중상
2020050700100386,2020년 5월 7일 15시,목요일,부산광역시 수영구 광안동,중상사고,0,1,0,0,차대사람 - 길가장자리구역통행중,안전운전불이행,건조,맑음,단일로 - 기타,승용,여,42세,상해없음,보행자,여,60세,중상
2020050700100387,2020년 5월 7일 15시,목요일,부산광역시 남구 대연동,경상사고,0,0,2,0,차대차 - 추돌,안전거리미확보,건조,맑음,단일로 - 기타,화물,남,41세,상해없음,승용,남,25세,경상
2020050700100388,2020년 5월 7일 15시,목요일,부산광역시 강서구 강동동,경상사고,0,0,1,0,차대차 - 기타,안전운전불이행,건조,맑음,기타 - 기타,건설기계,남,64세,상해없음,화물,남,45세,경상
2020050700100424,2020년 5월 7일 16시,목요일,부산광역시 남구 대연동,중상사고,0,1,0,0,차대차 - 기타,신호위반,건조,맑음,교차로 - 교차로안,승용,여,46세,상해없음,승용,남,29세,중상
2020050700100425,2020년 5월 7일 16시,목요일,부산광역시 해운대구 우동,경상사고,0,0,1,0,차대차 - 측면충돌,안전거리미확보,건조,맑음,단일로 - 기타,승용,남,54세,상해없음,승용,남,28세,경상
2020050700100474,2020년 5월 7일 17시,목요일,부산광역시 사하구 다대동,중상사고,0,1,0,0,차대차 - 기타,안전운전불이행,건조,맑음,단일로 - 기타,화물,남,54세,상해없음,이륜,남,40세,중상
2020050700100521,2020년 5월 7일 18시,목요일,부산광역시 북구 구포동,경상사고,0,0,1,0,차대사람 - 차도통행중,안전운전불이행,건조,맑음,단일로 - 기타,승용,남,50세,상해없음,보행자,남,26세,경상
2020050700100597,2020년 5월 7일 20시,목요일,부산광역시 동래구 사직동,중상사고,0,1,1,0,차대사람 - 횡단중,안전운전불이행,건조,맑음,단일로 - 기타,이륜,남,35세,경상,보행자,남,65세,중상
2020050700100626,2020년 5월 7일 21시,목요일,부산광역시 부산진구 양정동,경상사고,0,0,1,0,차대차 - 기타,안전운전불이행,건조,맑음,단일로 - 기타,이륜,남,19세,상해없음,이륜,남,23세,경상
2020050700100643,2020년 5월 7일 22시,목요일,부산광역시 영도구 영선동2가,중상사고,0,1,1,0,차대차 - 측면충돌,직진우회전진행방해,건조,맑음,교차로 - 교차로안,승용,여,49세,중상,승용,남,37세,경상
2020050800100015,2020년 5월 8일 01시,금요일,부산광역시 수영구 남천동,경상사고,0,0,3,0,차대차 - 측면충돌,신호위반,건조,맑음,교차로 - 교차로안,승용,여,43세,상해없음,승용,남,55세,경상
2020050800100021,2020년 5월 8일 02시,금요일,부산광역시 서구 부용동2가,중상사고,0,1,0,0,차대차 - 기타,교차로운행방법위반,건조,맑음,교차로 - 교차로안,승용,남,21세,상해없음,이륜,남,25세,중상
2020050800100026,2020년 5월 8일 03시,금요일,부산광역시 사상구 학장동,경상사고,0,0,1,0,차대사람 - 기타,안전운전불이행,건조,맑음,단일로 - 기타,기타불명,기타불명,미분류,기타불명,보행자,남,59세,경상
2020050800100027,2020년 5월 8일 03시,금요일,부산광역시 사상구 괘법동,경상사고,0,0,1,0,차대사람 - 횡단중,안전운전불이행,건조,맑음,단일로 - 기타,승용,남,57세,상해없음,보행자,남,40세,경상
2020050800100034,2020년 5월 8일 04시,금요일,부산광역시 동구 범일동,중상사고,0,1,1,0,차대차 - 측면충돌,중앙선침범,건조,맑음,단일로 - 기타,승용,남,58세,상해없음,승용,남,63세,경상
2020050800100053,2020년 5월 8일 07시,금요일,부산광역시 강서구 죽동동,경상사고,0,0,1,0,차대차 - 기타,안전운전불이행,건조,맑음,단일로 - 기타,승용,남,27세,상해없음,승용,여,31세,경상
2020050800100075,2020년 5월 8일 08시,금요일,부산광역시 해운대구 재송동,경상사고,0,0,1,0,차대차 - 기타,안전운전불이행,건조,맑음,단일로 - 고가도로위,승용,남,57세,상해없음,승용,남,26세,경상
2020050800100076,2020년 5월 8일 08시,금요일,부산광역시 부산진구 양정동,경상사고,0,0,1,0,차대사람 - 차도통행중,안전운전불이행,건조,맑음,교차로 - 교차로부근,승용,여,37세,상해없음,보행자,남,91세,경상
2020050800100077,2020년 5월 8일 08시,금요일,부산광역시 금정구 서동,부상신고사고,0,0,0,1,차대차 - 측면충돌,안전운전불이행,건조,맑음,교차로 - 교차로안,이륜,남,19세,부상신고,화물,여,58세,상해없음
2020050800100112,2020년 5월 8일 09시,금요일,부산광역시 부산진구 양정동,경상사고,0,0,2,0,차대차 - 추돌,안전거리미확보,건조,맑음,단일로 - 기타,승용,여,39세,상해없음,승용,남,34세,경상
2020050800100148,2020년 5월 8일 10시,금요일,부산광역시 사상구 엄궁동,중상사고,0,1,0,0,차대차 - 기타,교차로운행방법위반,건조,맑음,교차로 - 교차로안,승용,남,48세,상해없음,승합,남,62세,상해없음
2020050800100149,2020년 5월 8일 10시,금요일,부산광역시 기장군 철마면,중상사고,0,1,0,0,차대차 - 기타,기타,건조,맑음,단일로 - 기타,승용,여,37세,상해없음,자전거,여,60세,중상
2020050800100178,2020년 5월 8일 11시,금요일,부산광역시 부산진구 범천동,경상사고,0,0,1,1,차대차 - 측면충돌,안전운전불이행,건조,맑음,단일로 - 기타,이륜,남,18세,부상신고,승용,여,36세,경상
2020050800100179,2020년 5월 8일 11시,금요일,부산광역시 사하구 신평동,경상사고,0,0,1,0,차대차 - 측면충돌,차로위반,건조,맑음,단일로 - 기타,건설기계,남,55세,상해없음,승용,남,69세,경상
2020050800100180,2020년 5월 8일 11시,금요일,부산광역시 연제구 연산동,경상사고,0,0,1,0,차대차 - 측면충돌,안전운전불이행,건조,맑음,단일로 - 기타,승용,남,71세,상해없음,자전거,남,81세,경상
2020050800100222,2020년 5월 8일 12시,금요일,부산광역시 동래구 낙민동,중상사고,0,1,0,0,차대차 - 기타,중앙선침범,건조,맑음,교차로 - 교차로안,승용,여,43세,상해없음,이륜,남,24세,중상
2020050800100249,2020년 5월 8일 13시,금요일,부산광역시 북구 구포동,경상사고,0,0,2,0,차대차 - 기타,안전거리미확보,건조,맑음,단일로 - 기타,승용,남,75세,상해없음,승용,남,26세,경상
2020050800100250,2020년 5월 8일 13시,금요일,부산광역시 해운대구 좌동,경상사고,0,0,1,0,차대차 - 측면충돌,안전운전불이행,건조,맑음,교차로 - 교차로안,승용,남,32세,상해없음,이륜,남,43세,경상
2020050800100251,2020년 5월 8일 13시,금요일,부산광역시 연제구 연산동,중상사고,0,2,1,0,차대차 - 측면충돌,안전거리미확보,건조,맑음,교차로 - 교차로안,승용,남,58세,기타불명,승합,남,50세,경상
2020050800100252,2020년 5월 8일 13시,금요일,부산광역시 사상구 괘법동,경상사고,0,0,1,0,차대차 - 측면충돌,안전운전불이행,건조,맑음,교차로 - 교차로안,승용,여,59세,상해없음,승용,여,60세,경상
2020050800100281,2020년 5월 8일 14시,금요일,부산광역시 동래구 사직동,경상사고,0,0,1,0,차량단독 - 기타,기타,건조,맑음,단일로 - 기타,승합,남,58세,상해없음,,,,
2020050800100282,2020년 5월 8일 14시,금요일,부산광역시 해운대구 우동,부상신고사고,0,0,0,2,차대차 - 측면충돌,중앙선침범,건조,맑음,교차로 - 교차로부근,승용,여,54세,상해없음,특수,남,33세,부상신고
2020050800100319,2020년 5월 8일 15시,금요일,부산광역시 중구 중앙동4가,중상사고,0,1,0,0,차대차 - 측면충돌,교차로운행방법위반,건조,맑음,교차로 - 교차로안,승용,남,53세,상해없음,승용,여,36세,중상
2020050800100320,2020년 5월 8일 15시,금요일,부산광역시 북구 덕천동,중상사고,0,1,0,0,차대차 - 기타,안전운전불이행,건조,맑음,교차로 - 교차로안,승용,남,43세,상해없음,이륜,남,28세,중상
2020050800100321,2020년 5월 8일 15시,금요일,부산광역시 북구 만덕동,경상사고,0,0,2,0,차대차 - 측면충돌,안전운전불이행,건조,맑음,교차로 - 교차로안,승용,남,62세,상해없음,승용,남,40세,경상
2020050800100322,2020년 5월 8일 15시,금요일,부산광역시 사하구 괴정동,경상사고,0,0,1,0,차대차 - 기타,안전운전불이행,건조,맑음,교차로 - 교차로부근,화물,남,59세,상해없음,승용,남,36세,경상
2020050800100361,2020년 5월 8일 16시,금요일,부산광역시 남구 문현동,경상사고,0,0,1,0,차대차 - 기타,안전운전불이행,건조,맑음,단일로 - 기타,승합,여,48세,상해없음,화물,남,54세,상해없음
2020050800100362,2020년 5월 8일 16시,금요일,부산광역시 해운대구 재송동,중상사고,0,1,0,0,차대차 - 측면충돌,안전운전불이행,건조,맑음,단일로 - 기타,화물,남,38세,상해없음,승용,남,48세,기타불명
2020050800100363,2020년 5월 8일 16시,금요일,부산광역시 부산진구 범천동,중상사고,0,1,0,0,차대사람 - 길가장자리구역통행중,신호위반,건조,맑음,단일로 - 기타,승용,여,36세,상해없음,보행자,여,58세,중상
2020050800100395,2020년 5월 8일 17시,금요일,부산광역시 북구 구포동,중상사고,0,1,0,0,차대차 - 기타,안전거리미확보,건조,맑음,단일로 - 기타,화물,남,55세,상해없음,이륜,남,30세,중상
2020050800100396,2020년 5월 8일 17시,금요일,부산광역시 사하구 하단동,경상사고,0,0,1,0,차대차 - 측면충돌,안전거리미확보,건조,맑음,단일로 - 지하차도(도로)내,승용,남,53세,상해없음,승용,남,45세,경상
2020050800100434,2020년 5월 8일 18시,금요일,부산광역시 부산진구 범천동,경상사고,0,0,1,0,차대차 - 기타,안전운전불이행,건조,맑음,기타 - 기타,승용,남,55세,상해없음,승합,남,59세,상해없음
2020050800100435,2020년 5월 8일 18시,금요일,부산광역시 연제구 연산동,경상사고,0,0,1,0,차대사람 - 횡단중,안전운전불이행,건조,맑음,교차로 - 교차로안,화물,남,57세,상해없음,보행자,남,58세,경상
2020050800100492,2020년 5월 8일 19시,금요일,부산광역시 부산진구 부암동,경상사고,0,0,1,0,차대차 - 추돌,안전운전불이행,건조,맑음,교차로 - 교차로안,승용,남,61세,상해없음,승용,남,44세,경상
2020050800100564,2020년 5월 8일 20시,금요일,부산광역시 동래구 안락동,부상신고사고,0,0,0,1,차량단독 - 기타,안전운전불이행,건조,맑음,단일로 - 기타,승합,남,40세,상해없음,,,,
2020050800100565,2020년 5월 8일 20시,금요일,부산광역시 동래구 안락동,중상사고,0,1,0,0,차대차 - 측면충돌,중앙선침범,건조,맑음,단일로 - 기타,승용,남,58세,상해없음,이륜,남,30세,중상
2020050800100566,2020년 5월 8일 20시,금요일,부산광역시 해운대구 송정동,중상사고,0,1,0,0,차대차 - 측면충돌,안전운전불이행,건조,맑음,교차로 - 교차로부근,승용,남,55세,상해없음,이륜,남,18세,중상
2020050800100567,2020년 5월 8일 20시,금요일,부산광역시 부산진구 가야동,경상사고,0,0,1,0,차대차 - 측면충돌,중앙선침범,건조,맑음,교차로 - 교차로안,이륜,남,26세,상해없음,승용,남,38세,경상
2020050800100568,2020년 5월 8일 20시,금요일,부산광역시 강서구 대저1동,경상사고,0,0,1,0,차대차 - 측면충돌,안전거리미확보,건조,맑음,단일로 - 기타,특수,남,58세,상해없음,승용,남,51세,경상
2020050800100636,2020년 5월 8일 21시,금요일,부산광역시 부산진구 부전동,경상사고,0,0,1,0,차대사람 - 길가장자리구역통행중,안전운전불이행,건조,맑음,단일로 - 기타,승용,남,37세,상해없음,보행자,남,23세,경상
2020050800100637,2020년 5월 8일 21시,금요일,부산광역시 강서구 명지동,중상사고,0,1,0,0,차대차 - 기타,중앙선침범,건조,맑음,단일로 - 기타,승용,여,47세,상해없음,이륜,남,49세,중상
2020050800100695,2020년 5월 8일 22시,금요일,부산광역시 사상구 학장동,경상사고,0,0,1,0,차대차 - 정면충돌,안전운전불이행,건조,맑음,교차로 - 교차로안,승용,남,23세,상해없음,승용,남,44세,경상
2020050900100008,2020년 5월 9일 00시,토요일,부산광역시 기장군 기장읍,중상사고,0,3,0,0,차대차 - 기타,안전운전불이행,건조,맑음,기타 - 기타,승합,남,38세,상해없음,승용,남,22세,중상
2020050900100038,2020년 5월 9일 01시,토요일,부산광역시 부산진구 부암동,경상사고,0,0,1,0,차대차 - 기타,안전운전불이행,건조,맑음,단일로 - 기타,기타불명,기타불명,미분류,기타불명,화물,남,38세,경상
2020050900100101,2020년 5월 9일 06시,토요일,부산광역시 강서구 명지동,부상신고사고,0,0,0,1,차량단독 - 공작물충돌,안전운전불이행,젖음/습기,비,단일로 - 기타,승용,남,26세,부상신고,,,,
2020050900100110,2020년 5월 9일 07시,토요일,부산광역시 서구 서대신동1가,중상사고,0,1,2,1,차대차 - 정면충돌,중앙선침범,젖음/습기,비,단일로 - 기타,화물,남,29세,부상신고,승용,여,54세,경상
2020050900100122,2020년 5월 9일 08시,토요일,부산광역시 금정구 부곡동,부상신고사고,0,0,0,1,차대차 - 추돌,안전운전불이행,젖음/습기,비,기타 - 기타,승용,남,39세,상해없음,승용,남,57세,부상신고
2020050900100230,2020년 5월 9일 12시,토요일,부산광역시 남구 우암동,경상사고,0,0,1,0,차량단독 - 기타,안전운전불이행,건조,맑음,단일로 - 기타,승합,남,59세,상해없음,,,,
2020050900100231,2020년 5월 9일 12시,토요일,부산광역시 남구 대연동,경상사고,0,0,1,0,차대사람 - 기타,안전운전불이행,건조,맑음,단일로 - 기타,승용,남,36세,상해없음,보행자,남,23세,경상
2020050900100232,2020년 5월 9일 12시,토요일,부산광역시 기장군 정관읍,경상사고,0,0,1,0,차대차 - 기타,안전거리미확보,젖음/습기,비,단일로 - 기타,승용,남,34세,상해없음,이륜,남,43세,경상
2020050900100258,2020년 5월 9일 13시,토요일,부산광역시 부산진구 부전동,경상사고,0,0,2,0,차대차 - 측면충돌,신호위반,젖음/습기,비,교차로 - 교차로안,이륜,남,40세,상해없음,승용,남,34세,경상
2020050900100259,2020년 5월 9일 13시,토요일,부산광역시 기장군 일광면,경상사고,0,0,2,0,차대차 - 기타,안전운전불이행,젖음/습기,비,교차로 - 교차로안,승용,남,50세,상해없음,승용,여,63세,경상
2020050900100299,2020년 5월 9일 14시,토요일,부산광역시 연제구 거제동,경상사고,0,0,2,0,차대차 - 기타,교차로운행방법위반,젖음/습기,비,교차로 - 교차로안,승용,남,51세,상해없음,승용,남,28세,경상
2020050900100325,2020년 5월 9일 15시,토요일,부산광역시 금정구 남산동,중상사고,0,1,0,0,차대사람 - 차도통행중,안전운전불이행,젖음/습기,비,교차로 - 교차로안,승용,여,48세,상해없음,보행자,여,69세,중상
2020050900100326,2020년 5월 9일 15시,토요일,부산광역시 금정구 부곡동,경상사고,0,0,2,0,차대차 - 기타,차로위반,젖음/습기,비,단일로 - 기타,승용,남,43세,상해없음,승용,남,71세,경상
2020050900100365,2020년 5월 9일 16시,토요일,부산광역시 강서구 구랑동,경상사고,0,0,1,0,차대차 - 기타,안전거리미확보,젖음/습기,비,교차로 - 교차로부근,특수,남,48세,상해없음,특수,남,40세,경상
2020050900100389,2020년 5월 9일 17시,토요일,부산광역시 동래구 온천동,경상사고,0,0,1,0,차대차 - 측면충돌,신호위반,건조,맑음,교차로 - 교차로안,이륜,남,25세,경상,승용,남,45세,상해없음
2020050900100390,2020년 5월 9일 17시,토요일,부산광역시 사하구 신평동,경상사고,0,0,4,0,차대차 - 측면충돌,안전운전불이행,젖음/습기,비,교차로 - 교차로안,화물,남,58세,경상,승용,여,45세,경상
2020050900100422,2020년 5월 9일 18시,토요일,부산광역시 금정구 부곡동,경상사고,0,0,1,0,차대사람 - 기타,안전운전불이행,젖음/습기,비,기타 - 기타,승용,여,50세,기타불명,보행자,남,23세,경상
2020050900100459,2020년 5월 9일 19시,토요일,부산광역시 해운대구 좌동,경상사고,0,0,3,0,차대차 - 측면충돌,안전운전불이행,건조,맑음,단일로 - 기타,승용,여,36세,상해없음,승용,남,39세,경상
2020050900100460,2020년 5월 9일 19시,토요일,부산광역시 해운대구 중동,중상사고,0,2,0,0,차대차 - 측면충돌,신호위반,젖음/습기,비,교차로 - 교차로안,승용,여,53세,상해없음,승용,남,51세,중상
2020050900100461,2020년 5월 9일 19시,토요일,부산광역시 금정구 장전동,중상사고,0,1,1,1,차대차 - 측면충돌,안전운전불이행,젖음/습기,비,단일로 - 기타,승용,남,65세,상해없음,승용,여,67세,중상
2020050900100462,2020년 5월 9일 19시,토요일,부산광역시 사하구 괴정동,경상사고,0,0,2,0,차대사람 - 차도통행중,안전운전불이행,젖음/습기,흐림,교차로 - 교차로안,승용,여,47세,상해없음,보행자,남,57세,경상
2020050900100501,2020년 5월 9일 20시,토요일,부산광역시 동래구 명장동,중상사고,0,1,2,0,차대차 - 정면충돌,중앙선침범,젖음/습기,흐림,단일로 - 기타,승용,남,66세,상해없음,승용,남,63세,경상
2020050900100502,2020년 5월 9일 20시,토요일,부산광역시 동래구 온천동,경상사고,0,0,1,0,차대사람 - 기타,안전운전불이행,젖음/습기,비,단일로 - 기타,이륜,남,37세,상해없음,보행자,여,52세,경상
2020050900100526,2020년 5월 9일 21시,토요일,부산광역시 북구 덕천동,중상사고,0,1,0,0,차대차 - 후진중충돌,안전운전불이행,젖음/습기,흐림,단일로 - 기타,승용,남,53세,상해없음,승용,남,37세,중상
2020050900100527,2020년 5월 9일 21시,토요일,부산광역시 동래구 수안동,경상사고,0,0,1,0,차대사람 - 기타,안전운전불이행,건조,맑음,교차로 - 교차로안,승용,여,66세,상해없음,보행자,여,45세,경상
2020050900100528,2020년 5월 9일 21시,토요일,부산광역시 해운대구 우동,경상사고,0,0,1,0,차대차 - 기타,신호위반,젖음/습기,비,교차로 - 교차로안,이륜,남,24세,상해없음,이륜,남,36세,경상
2020050900100529,2020년 5월 9일 21시,토요일,부산광역시 연제구 연산동,경상사고,0,0,1,2,차대차 - 측면충돌,기타,건조,맑음,교차로 - 교차로안,승용,남,59세,부상신고,승용,남,37세,경상
2020050900100530,2020년 5월 9일 21시,토요일,부산광역시 사상구 모라동,사망사고,1,0,0,0,차량단독 - 기타,안전운전불이행,건조,맑음,단일로 - 기타,이륜,남,57세,사망,,,,
2020050900100567,2020년 5월 9일 22시,토요일,부산광역시 동래구 명륜동,경상사고,0,0,1,0,차대차 - 기타,안전운전불이행,건조,맑음,단일로 - 기타,승용,남,30세,상해없음,이륜,남,33세,경상
2020050900100596,2020년 5월 9일 23시,토요일,부산광역시 사하구 하단동,부상신고사고,0,0,0,1,차량단독 - 공작물충돌,안전운전불이행,건조,맑음,단일로 - 기타,개인형이동수단(PM),남,36세,부상신고,,,,
2020051000100005,2020년 5월 10일 00시,일요일,부산광역시 해운대구 재송동,경상사고,0,0,2,0,차대차 - 측면충돌,신호위반,건조,맑음,교차로 - 교차로안,승용,여,38세,상해없음,승용,남,24세,경상
2020051000100006,2020년 5월 10일 00시,일요일,부산광역시 금정구 남산동,경상사고,0,0,2,0,차대차 - 추돌,안전거리미확보,건조,맑음,교차로 - 교차로안,이륜,남,55세,경상,승용,남,53세,경상
2020051000100025,2020년 5월 10일 01시,일요일,부산광역시 남구 문현동,사망사고,1,0,0,0,차대사람 - 횡단중,안전운전불이행,기타,기타,단일로 - 기타,승용,남,54세,상해없음,보행자,남,59세,사망
2020051000100034,2020년 5월 10일 02시,일요일,부산광역시 강서구 봉림동,경상사고,0,0,1,0,차대차 - 기타,안전운전불이행,건조,맑음,단일로 - 기타,승용,남,64세,상해없음,승용,남,60세,경상
2020051000100047,2020년 5월 10일 03시,일요일,부산광역시 동래구 온천동,경상사고,0,0,1,0,차대차 - 추돌,안전운전불이행,건조,맑음,단일로 - 기타,승용,남,44세,상해없음,승용,남,63세,상해없음
2020051000100048,2020년 5월 10일 03시,일요일,부산광역시 해운대구 재송동,사망사고,1,0,1,0,차대차 - 정면충돌,신호위반,건조,맑음,교차로 - 교차로안,승합,남,70세,상해없음,이륜,남,17세,사망
2020051000100060,2020년 5월 10일 04시,일요일,부산광역시 사상구 괘법동,부상신고사고,0,0,0,1,차대차 - 측면충돌,신호위반,건조,흐림,교차로 - 교차로안,이륜,남,29세,부상신고,승용,남,62세,기타불명
2020051000100068,2020년 5월 10일 05시,일요일,부산광역시 수영구 광안동,중상사고,0,4,0,0,차대차 - 측면충돌,안전거리미확보,건조,맑음,단일로 - 기타,승용,남,71세,기타불명,승용,남,64세,중상
2020051000100083,2020년 5월 10일 07시,일요일,부산광역시 사상구 괘법동,중상사고,0,1,0,0,차대차 - 기타,안전운전불이행,건조,맑음,단일로 - 기타,이륜,남,67세,상해없음,이륜,남,24세,중상
2020051000100092,2020년 5월 10일 08시,일요일,부산광역시 부산진구 초읍동,중상사고,0,1,0,0,차대차 - 측면충돌,안전거리미확보,건조,맑음,기타 - 기타,이륜,남,68세,중상,승용,남,53세,상해없음
2020051000100126,2020년 5월 10일 11시,일요일,부산광역시 수영구 민락동,경상사고,0,0,1,0,차대사람 - 기타,안전운전불이행,건조,맑음,교차로 - 교차로부근,승용,남,53세,상해없음,보행자,여,67세,경상
2020051000100140,2020년 5월 10일 12시,일요일,부산광역시 동구 초량동,경상사고,0,0,1,0,차대차 - 기타,안전거리미확보,건조,맑음,단일로 - 기타,승용,남,41세,상해없음,승용,남,28세,경상
2020051000100141,2020년 5월 10일 12시,일요일,부산광역시 수영구 남천동,경상사고,0,0,2,0,차대차 - 기타,기타,건조,맑음,단일로 - 기타,승용,여,50세,경상,원동기,남,30세,상해없음
2020051000100164,2020년 5월 10일 13시,일요일,부산광역시 기장군 기장읍,경상사고,0,0,2,0,차대차 - 후진중충돌,안전운전불이행,건조,맑음,교차로 - 교차로안,승용,남,56세,상해없음,승용,남,63세,경상
2020051000100189,2020년 5월 10일 14시,일요일,부산광역시 동구 범일동,경상사고,0,0,1,0,차대사람 - 기타,안전운전불이행,건조,맑음,단일로 - 기타,승용,남,58세,상해없음,보행자,남,63세,경상
2020051000100190,2020년 5월 10일 14시,일요일,부산광역시 해운대구 석대동,경상사고,0,0,4,0,차대차 - 측면충돌,안전운전불이행,건조,맑음,교차로 - 교차로안,승용,여,58세,상해없음,승용,남,40세,경상
2020051000100191,2020년 5월 10일 14시,일요일,부산광역시 부산진구 부전동,경상사고,0,0,1,0,차대차 - 추돌,안전거리미확보,건조,맑음,단일로 - 기타,승용,남,29세,상해없음,승용,남,68세,경상
2020051000100192,2020년 5월 10일 14시,일요일,부산광역시 기장군 기장읍,경상사고,0,0,1,0,차대차 - 측면충돌,안전운전불이행,건조,맑음,단일로 - 기타,화물,남,52세,상해없음,이륜,남,23세,경상
2020051000100211,2020년 5월 10일 15시,일요일,부산광역시 기장군 철마면,경상사고,0,0,1,0,차대사람 - 길가장자리구역통행중,안전운전불이행,건조,맑음,단일로 - 기타,자전거,남,61세,상해없음,보행자,남,6세,경상