사고번호,사고일시,요일,시군구,사고내용,사망자수,중상자수,경상자수,부상신고자수,사고유형,법규위반,노면상태,기상상태,도로형태,가해운전자 차종,가해운전자 성별,가해운전자 연령,가해운전자 상해정도,피해운전자 차종,피해운전자 성별,피해운전자 연령,피해운전자 상해정도
2020051000100241,2020년 5월 10일 16시,일요일,부산광역시 중구 남포동5가,부상신고사고,0,0,0,1,차량단독 - 기타,안전운전불이행,건조,맑음,단일로 - 기타,자전거,남,49세,부상신고,,,,
2020051000100242,2020년 5월 10일 16시,일요일,부산광역시 남구 문현동,경상사고,0,0,1,0,차대차 - 측면충돌,안전운전불이행,젖음/습기,비,교차로 - 교차로안,승용,남,34세,상해없음,승용,남,49세,경상
2020051000100243,2020년 5월 10일 16시,일요일,부산광역시 북구 구포동,경상사고,0,0,1,0,차대차 - 측면충돌,안전운전불이행,건조,맑음,단일로 - 지하차도(도로)내,승용,여,50세,상해없음,이륜,남,59세,경상
2020051000100244,2020년 5월 10일 16시,일요일,부산광역시 해운대구 우동,중상사고,0,1,0,0,차대차 - 정면충돌,교차로운행방법위반,건조,맑음,교차로 - 교차로안,승용,남,60세,상해없음,이륜,남,29세,중상
2020051000100318,2020년 5월 10일 19시,일요일,부산광역시 북구 화명동,경상사고,0,0,1,0,차대차 - 기타,안전운전불이행,건조,맑음,단일로 - 기타,승용,남,38세,상해없음,이륜,남,17세,경상
2020051100100019,2020년 5월 11일 02시,월요일,부산광역시 금정구 구서동,경상사고,0,0,1,0,차대차 - 기타,안전운전불이행,건조,맑음,단일로 - 기타,승용,남,42세,상해없음,승용,남,71세,경상
2020051100100055,2020년 5월 11일 06시,월요일,부산광역시 수영구 남천동,사망사고,1,1,0,0,차대차 - 측면충돌,신호위반,건조,맑음,교차로 - 교차로안,이륜,남,25세,사망,승합,남,36세,상해없음
2020051100100056,2020년 5월 11일 06시,월요일,부산광역시 남구 대연동,경상사고,0,0,1,0,차대차 - 추돌,안전운전불이행,건조,맑음,단일로 - 기타,건설기계,여,45세,상해없음,승용,남,25세,경상
2020051100100057,2020년 5월 11일 06시,월요일,부산광역시 북구 만덕동,중상사고,0,1,1,0,차량단독 - 공작물충돌,안전운전불이행,건조,맑음,단일로 - 터널,승용,남,66세,경상,,,,
2020051100100067,2020년 5월 11일 07시,월요일,부산광역시 서구 암남동,중상사고,0,1,0,0,차대차 - 측면충돌,중앙선침범,건조,맑음,교차로 - 교차로안,이륜,남,54세,중상,승용,남,38세,상해없음
2020051100100068,2020년 5월 11일 07시,월요일,부산광역시 북구 구포동,중상사고,0,1,0,0,차대차 - 추돌,안전거리미확보,건조,맑음,단일로 - 기타,승용,여,55세,상해없음,승용,여,60세,중상
2020051100100070,2020년 5월 11일 07시,월요일,부산광역시 사하구 장림동,경상사고,0,0,1,0,차대차 - 기타,안전운전불이행,건조,맑음,교차로 - 교차로부근,화물,여,51세,상해없음,승용,남,53세,경상
2020051100100104,2020년 5월 11일 08시,월요일,부산광역시 해운대구 중동,경상사고,0,0,1,0,차대차 - 기타,안전운전불이행,건조,맑음,단일로 - 기타,자전거,여,65세,경상,승용,여,44세,상해없음
2020051100100105,2020년 5월 11일 08시,월요일,부산광역시 금정구 부곡동,경상사고,0,0,1,0,차대차 - 측면충돌,직진우회전진행방해,건조,맑음,교차로 - 교차로안,승용,남,32세,상해없음,승용,남,58세,경상
2020051100100106,2020년 5월 11일 08시,월요일,부산광역시 사하구 하단동,경상사고,0,0,1,0,차대차 - 측면충돌,안전운전불이행,건조,맑음,교차로 - 교차로안,승용,남,69세,상해없음,승용,여,28세,경상
2020051100100143,2020년 5월 11일 09시,월요일,부산광역시 부산진구 개금동,경상사고,0,0,2,1,차대차 - 추돌,안전거리미확보,건조,맑음,단일로 - 기타,이륜,남,28세,부상신고,승용,남,70세,상해없음
2020051100100144,2020년 5월 11일 09시,월요일,부산광역시 사상구 모라동,경상사고,0,0,1,0,차대차 - 측면충돌,안전운전불이행,건조,맑음,단일로 - 기타,승용,여,60세,상해없음,특수,남,44세,경상
2020051100100184,2020년 5월 11일 10시,월요일,부산광역시 강서구 명지동,중상사고,0,1,3,0,차대차 - 추돌,안전운전불이행,건조,맑음,단일로 - 기타,건설기계,남,38세,상해없음,화물,남,48세,경상
2020051100100227,2020년 5월 11일 11시,월요일,부산광역시 해운대구 우동,중상사고,0,1,0,0,차대차 - 측면충돌,중앙선침범,건조,맑음,단일로 - 기타,승용,남,61세,상해없음,이륜,여,25세,중상
2020051100100228,2020년 5월 11일 11시,월요일,부산광역시 사하구 다대동,경상사고,0,0,1,0,차대차 - 측면충돌,안전거리미확보,건조,맑음,단일로 - 기타,승용,남,77세,상해없음,승용,남,36세,경상
2020051100100229,2020년 5월 11일 11시,월요일,부산광역시 연제구 연산동,경상사고,0,0,1,0,차대차 - 기타,교차로운행방법위반,건조,맑음,교차로 - 교차로안,승용,남,57세,경상,승용,여,54세,상해없음
2020051100100270,2020년 5월 11일 12시,월요일,부산광역시 중구 동광동4가,경상사고,0,0,1,0,차대사람 - 횡단중,안전운전불이행,건조,맑음,단일로 - 기타,화물,남,64세,상해없음,보행자,남,63세,경상
2020051100100271,2020년 5월 11일 12시,월요일,부산광역시 북구 구포동,경상사고,0,0,1,0,차대차 - 기타,안전운전불이행,건조,맑음,교차로 - 교차로부근,원동기,남,81세,경상,화물,남,52세,상해없음
2020051100100272,2020년 5월 11일 12시,월요일,부산광역시 북구 덕천동,사망사고,1,0,0,0,차대사람 - 횡단중,안전운전불이행,건조,맑음,교차로 - 교차로안,화물,남,42세,상해없음,보행자,여,77세,사망
2020051100100273,2020년 5월 11일 12시,월요일,부산광역시 사하구 당리동,경상사고,0,0,1,0,차대사람 - 길가장자리구역통행중,안전운전불이행,건조,맑음,단일로 - 기타,기타불명,기타불명,미분류,기타불명,보행자,여,63세,경상
2020051100100301,2020년 5월 11일 13시,월요일,부산광역시 금정구 회동동,경상사고,0,0,1,0,차대차 - 측면충돌,기타,건조,맑음,단일로 - 교량,화물,남,60세,상해없음,승용,남,24세,경상
2020051100100302,2020년 5월 11일 13시,월요일,부산광역시 사하구 신평동,경상사고,0,0,1,0,차대차 - 추돌,안전운전불이행,건조,맑음,교차로 - 교차로부근,승용,남,63세,상해없음,승용,남,31세,경상
2020051100100340,2020년 5월 11일 14시,월요일,부산광역시 사상구 감전동,경상사고,0,0,1,0,차대차 - 측면충돌,안전거리미확보,건조,맑음,단일로 - 기타,승합,남,61세,상해없음,이륜,남,35세,경상
2020051100100386,2020년 5월 11일 15시,월요일,부산광역시 부산진구 범천동,경상사고,0,0,1,0,차대차 - 측면충돌,안전운전불이행,건조,맑음,단일로 - 기타,화물,남,46세,상해없음,승용,여,51세,경상
2020051100100387,2020년 5월 11일 15시,월요일,부산광역시 기장군 정관읍,경상사고,0,0,1,0,차대사람 - 기타,안전운전불이행,건조,맑음,주차장 - 주차장,승용,여,49세,상해없음,보행자,여,48세,경상
2020051100100433,2020년 5월 11일 16시,월요일,부산광역시 서구 동대신동3가,중상사고,0,1,0,0,차대사람 - 보도통행중,기타,건조,맑음,단일로 - 기타,승용,남,60세,상해없음,보행자,여,82세,중상
2020051100100434,2020년 5월 11일 16시,월요일,부산광역시 서구 암남동,경상사고,0,0,4,0,차대차 - 측면충돌,차로위반,건조,맑음,단일로 - 교량,화물,남,77세,경상,승용,남,58세,경상
2020051100100471,2020년 5월 11일 17시,월요일,부산광역시 해운대구 반송동,경상사고,0,0,3,0,차대차 - 추돌,안전운전불이행,건조,맑음,교차로 - 교차로안,승용,남,61세,상해없음,승용,여,46세,경상
2020051100100472,2020년 5월 11일 17시,월요일,부산광역시 부산진구 연지동,중상사고,0,1,0,0,차대사람 - 기타,안전운전불이행,건조,맑음,주차장 - 주차장,승용,남,31세,상해없음,보행자,여,73세,중상
2020051100100473,2020년 5월 11일 17시,월요일,부산광역시 사하구 하단동,경상사고,0,0,1,0,차대차 - 추돌,안전운전불이행,건조,맑음,단일로 - 지하차도(도로)내,화물,남,63세,상해없음,승용,남,32세,경상
2020051100100474,2020년 5월 11일 17시,월요일,부산광역시 사상구 괘법동,경상사고,0,0,1,0,차대차 - 추돌,안전거리미확보,건조,맑음,교차로 - 교차로부근,승용,남,55세,상해없음,승용,남,65세,경상
2020051100100475,2020년 5월 11일 17시,월요일,부산광역시 강서구 대저1동,경상사고,0,0,1,1,차대차 - 측면충돌,안전거리미확보,건조,맑음,단일로 - 기타,화물,남,60세,상해없음,화물,남,41세,부상신고
2020051100100507,2020년 5월 11일 18시,월요일,부산광역시 북구 구포동,경상사고,0,0,1,0,차대차 - 기타,안전운전불이행,건조,맑음,기타 - 기타,승용,남,42세,기타불명,이륜,남,56세,경상
2020051100100508,2020년 5월 11일 18시,월요일,부산광역시 해운대구 좌동,중상사고,0,1,0,0,차대차 - 측면충돌,교차로운행방법위반,건조,맑음,단일로 - 기타,승용,남,28세,상해없음,승합,남,63세,중상
2020051100100509,2020년 5월 11일 18시,월요일,부산광역시 부산진구 전포동,경상사고,0,0,1,0,차대차 - 측면충돌,안전거리미확보,건조,맑음,단일로 - 기타,승용,남,23세,상해없음,승용,남,45세,상해없음
2020051100100545,2020년 5월 11일 19시,월요일,부산광역시 해운대구 우동,중상사고,0,1,0,0,차대차 - 추돌,안전거리미확보,건조,맑음,교차로 - 교차로안,승용,남,59세,상해없음,승용,여,40세,중상
2020051100100573,2020년 5월 11일 20시,월요일,부산광역시 동래구 안락동,경상사고,0,0,1,0,차대차 - 기타,신호위반,건조,맑음,교차로 - 교차로부근,이륜,남,23세,상해없음,승용,남,57세,경상
2020051100100603,2020년 5월 11일 21시,월요일,부산광역시 연제구 거제동,경상사고,0,0,1,0,차대사람 - 기타,안전운전불이행,건조,맑음,단일로 - 기타,승용,남,40세,기타불명,보행자,여,56세,경상
2020051100100661,2020년 5월 11일 23시,월요일,부산광역시 사하구 하단동,중상사고,0,1,0,0,차대차 - 측면충돌,안전거리미확보,건조,기타,교차로 - 교차로부근,승용,남,71세,상해없음,승용,남,22세,상해없음
2020051200100006,2020년 5월 12일 00시,화요일,부산광역시 수영구 망미동,중상사고,0,1,0,0,차대차 - 추돌,직진우회전진행방해,건조,맑음,교차로 - 교차로안,승용,남,46세,상해없음,승용,남,59세,중상
2020051200100031,2020년 5월 12일 02시,화요일,부산광역시 수영구 망미동,경상사고,0,0,3,0,차대차 - 추돌,안전거리미확보,건조,맑음,단일로 - 기타,승용,남,31세,상해없음,승용,남,40세,경상
2020051200100038,2020년 5월 12일 03시,화요일,부산광역시 사하구 하단동,경상사고,0,0,1,0,차대사람 - 기타,안전운전불이행,건조,맑음,단일로 - 기타,승용,남,63세,상해없음,보행자,남,50세,경상
2020051200100051,2020년 5월 12일 05시,화요일,부산광역시 사상구 괘법동,경상사고,0,0,1,0,차대차 - 측면충돌,신호위반,건조,맑음,교차로 - 교차로안,승용,남,40세,상해없음,승용,여,48세,경상
2020051200100058,2020년 5월 12일 06시,화요일,부산광역시 남구 감만동,경상사고,0,0,1,0,차대사람 - 기타,안전운전불이행,건조,맑음,단일로 - 기타,자전거,남,30세,상해없음,보행자,남,77세,경상
2020051200100075,2020년 5월 12일 07시,화요일,부산광역시 서구 아미동2가,중상사고,0,1,0,0,차대사람 - 횡단중,안전운전불이행,건조,맑음,단일로 - 기타,승용,여,36세,상해없음,보행자,남,59세,중상
2020051200100076,2020년 5월 12일 07시,화요일,부산광역시 사상구 감전동,경상사고,0,0,1,0,차대차 - 측면충돌,안전운전불이행,건조,맑음,단일로 - 기타,승용,남,62세,상해없음,화물,남,48세,경상
2020051200100109,2020년 5월 12일 08시,화요일,부산광역시 영도구 청학동,경상사고,0,0,1,0,차대사람 - 횡단중,안전운전불이행,건조,맑음,단일로 - 기타,승용,여,40세,상해없음,보행자,남,21세,경상
2020051200100110,2020년 5월 12일 08시,화요일,부산광역시 해운대구 좌동,중상사고,0,1,0,0,차대차 - 추돌,안전운전불이행,건조,맑음,단일로 - 기타,승용,남,62세,상해없음,승용,여,31세,중상
2020051200100111,2020년 5월 12일 08시,화요일,부산광역시 금정구 구서동,경상사고,0,0,1,0,차대차 - 측면충돌,안전운전불이행,건조,맑음,단일로 - 기타,화물,남,30세,상해없음,승용,남,32세,경상
2020051200100152,2020년 5월 12일 09시,화요일,부산광역시 부산진구 전포동,경상사고,0,0,1,0,차대차 - 측면충돌,안전운전불이행,건조,맑음,단일로 - 기타,승용,여,30세,상해없음,승용,남,54세,경상
2020051200100175,2020년 5월 12일 10시,화요일,부산광역시 동구 초량동,중상사고,0,1,0,0,차대사람 - 기타,신호위반,건조,맑음,교차로 - 교차로횡단보도내,화물,남,49세,상해없음,보행자,여,62세,중상
2020051200100176,2020년 5월 12일 10시,화요일,부산광역시 수영구 민락동,경상사고,0,0,1,0,차대사람 - 길가장자리구역통행중,안전운전불이행,건조,맑음,단일로 - 기타,승용,남,20세,상해없음,보행자,남,74세,경상
2020051200100177,2020년 5월 12일 10시,화요일,부산광역시 동래구 수안동,중상사고,0,1,0,0,차대차 - 기타,신호위반,건조,맑음,교차로 - 교차로안,이륜,남,44세,중상,승합,남,44세,상해없음
2020051200100211,2020년 5월 12일 11시,화요일,부산광역시 금정구 금사동,경상사고,0,0,2,0,차대차 - 기타,안전운전불이행,건조,맑음,교차로 - 교차로안,승용,여,28세,경상,승용,남,63세,경상
2020051200100212,2020년 5월 12일 11시,화요일,부산광역시 연제구 거제동,경상사고,0,0,1,0,차량단독 - 기타,안전운전불이행,건조,맑음,단일로 - 기타,승합,남,50세,상해없음,,,,
2020051200100267,2020년 5월 12일 13시,화요일,부산광역시 연제구 연산동,경상사고,0,0,1,0,차대차 - 측면충돌,안전운전불이행,건조,맑음,교차로 - 교차로부근,원동기,남,23세,경상,건설기계,남,64세,상해없음
2020051200100293,2020년 5월 12일 14시,화요일,부산광역시 남구 문현동,중상사고,0,1,1,0,차대차 - 측면충돌,안전운전불이행,건조,맑음,교차로 - 교차로안,이륜,남,61세,중상,승용,여,43세,경상
2020051200100294,2020년 5월 12일 14시,화요일,부산광역시 동래구 수안동,중상사고,0,1,0,0,차대차 - 측면충돌,안전운전불이행,건조,맑음,단일로 - 기타,승용,남,29세,상해없음,이륜,남,37세,중상
2020051200100295,2020년 5월 12일 14시,화요일,부산광역시 사상구 주례동,경상사고,0,0,1,0,차대사람 - 길가장자리구역통행중,안전운전불이행,건조,맑음,단일로 - 기타,화물,남,57세,상해없음,보행자,여,63세,경상
2020051200100324,2020년 5월 12일 15시,화요일,부산광역시 동래구 복천동,중상사고,0,1,0,0,차대차 - 기타,안전운전불이행,건조,맑음,단일로 - 기타,승용,남,67세,상해없음,이륜,남,69세,중상
2020051200100325,2020년 5월 12일 15시,화요일,부산광역시 연제구 거제동,중상사고,0,1,0,0,차대차 - 추돌,교차로운행방법위반,건조,맑음,교차로 - 교차로안,승합,남,25세,상해없음,원동기,남,29세,중상
2020051200100326,2020년 5월 12일 15시,화요일,부산광역시 강서구 죽동동,중상사고,0,1,0,0,차대차 - 기타,불법유턴,건조,맑음,단일로 - 기타,승용,남,64세,상해없음,이륜,여,68세,중상
2020051200100362,2020년 5월 12일 16시,화요일,부산광역시 동래구 안락동,경상사고,0,0,1,0,차대차 - 기타,안전운전불이행,건조,맑음,교차로 - 교차로안,승용,남,73세,상해없음,승용,여,63세,경상
2020051200100391,2020년 5월 12일 17시,화요일,부산광역시 금정구 장전동,경상사고,0,0,1,0,차대사람 - 기타,안전운전불이행,건조,맑음,교차로 - 교차로안,승용,여,27세,상해없음,보행자,남,48세,경상
2020051200100392,2020년 5월 12일 17시,화요일,부산광역시 사상구 학장동,경상사고,0,0,1,0,차대차 - 측면충돌,교차로운행방법위반,건조,맑음,교차로 - 교차로안,승용,여,58세,상해없음,승용,남,38세,경상
2020051200100393,2020년 5월 12일 17시,화요일,부산광역시 사상구 주례동,경상사고,0,0,1,0,차대차 - 측면충돌,안전거리미확보,건조,맑음,단일로 - 고가도로위,승용,남,27세,상해없음,특수,남,46세,경상
2020051200100456,2020년 5월 12일 18시,화요일,부산광역시 수영구 남천동,중상사고,0,1,0,0,차대차 - 측면충돌,안전운전불이행,건조,맑음,교차로 - 교차로부근,자전거,남,59세,중상,승용,여,33세,상해없음
2020051200100457,2020년 5월 12일 18시,화요일,부산광역시 해운대구 반여동,경상사고,0,0,1,0,차대사람 - 횡단중,안전운전불이행,건조,맑음,교차로 - 교차로안,승용,남,55세,상해없음,보행자,여,44세,경상
2020051200100458,2020년 5월 12일 18시,화요일,부산광역시 사상구 모라동,부상신고사고,0,0,0,2,차대차 - 측면충돌,안전거리미확보,건조,맑음,단일로 - 기타,특수,남,45세,상해없음,승용,여,41세,부상신고
2020051200100495,2020년 5월 12일 19시,화요일,부산광역시 해운대구 반여동,중상사고,0,1,0,0,차대차 - 기타,안전거리미확보,건조,맑음,단일로 - 기타,특수,남,55세,기타불명,승용,여,38세,중상
2020051200100496,2020년 5월 12일 19시,화요일,부산광역시 수영구 망미동,경상사고,0,0,1,0,차대차 - 추돌,안전거리미확보,건조,맑음,교차로 - 교차로부근,승용,남,73세,상해없음,승용,남,36세,경상
2020051200100497,2020년 5월 12일 19시,화요일,부산광역시 기장군 장안읍,경상사고,0,0,1,0,차대차 - 측면충돌,신호위반,건조,맑음,교차로 - 교차로안,승용,여,60세,상해없음,승용,남,48세,경상
2020051200100523,2020년 5월 12일 20시,화요일,부산광역시 동래구 사직동,중상사고,0,1,0,0,차대사람 - 횡단중,보행자보호의무위반,건조,맑음,단일로 - 기타,승용,남,25세,상해없음,보행자,여,48세,중상
2020051200100568,2020년 5월 12일 22시,화요일,부산광역시 남구 용호동,경상사고,0,0,1,0,차대차 - 기타,신호위반,건조,맑음,교차로 - 교차로부근,승용,남,60세,상해없음,자전거,남,34세,경상
2020051200100569,2020년 5월 12일 22시,화요일,부산광역시 부산진구 전포동,경상사고,0,0,1,0,차대차 - 측면충돌,안전운전불이행,건조,맑음,단일로 - 기타,승용,남,30세,상해없음,이륜,남,27세,경상
2020051300100015,2020년 5월 13일 01시,수요일,부산광역시 사상구 괘법동,경상사고,0,0,1,0,차대차 - 기타,신호위반,건조,맑음,교차로 - 교차로부근,승용,남,55세,상해없음,이륜,남,29세,경상
2020051300100049,2020년 5월 13일 05시,수요일,부산광역시 북구 화명동,경상사고,0,0,1,0,차대차 - 추돌,안전운전불이행,건조,맑음,단일로 - 기타,승용,남,51세,상해없음,승용,남,72세,경상
2020051300100061,2020년 5월 13일 06시,수요일,부산광역시 남구 대연동,중상사고,0,1,0,0,차대사람 - 기타,안전운전불이행,건조,맑음,단일로 - 기타,승용,남,56세,상해없음,보행자,여,72세,중상
2020051300100062,2020년 5월 13일 06시,수요일,부산광역시 금정구 회동동,경상사고,0,0,1,0,차대차 - 기타,안전운전불이행,건조,맑음,단일로 - 기타,승용,남,29세,상해없음,승용,남,58세,경상
2020051300100083,2020년 5월 13일 07시,수요일,부산광역시 동래구 온천동,경상사고,0,0,1,0,차대차 - 측면충돌,안전거리미확보,건조,맑음,단일로 - 기타,승용,남,46세,상해없음,승용,남,51세,경상
2020051300100084,2020년 5월 13일 07시,수요일,부산광역시 영도구 봉래동2가,중상사고,0,1,1,0,차대차 - 측면충돌,안전운전불이행,건조,맑음,단일로 - 기타,이륜,남,30세,중상,화물,남,39세,경상
2020051300100109,2020년 5월 13일 08시,수요일,부산광역시 부산진구 부전동,중상사고,0,1,0,0,차대사람 - 기타,안전운전불이행,건조,맑음,단일로 - 기타,승용,남,34세,상해없음,보행자,여,31세,중상
2020051300100110,2020년 5월 13일 08시,수요일,부산광역시 부산진구 당감동,경상사고,0,0,1,0,차대차 - 추돌,안전거리미확보,건조,맑음,단일로 - 기타,승용,남,36세,경상,승용,남,34세,상해없음
2020051300100111,2020년 5월 13일 08시,수요일,부산광역시 연제구 거제동,경상사고,0,0,1,0,차대차 - 정면충돌,중앙선침범,건조,맑음,단일로 - 기타,승용,여,36세,상해없음,화물,남,32세,경상
2020051300100148,2020년 5월 13일 09시,수요일,부산광역시 해운대구 반여동,경상사고,0,0,1,0,차대차 - 측면충돌,안전거리미확보,건조,맑음,단일로 - 기타,승용,여,66세,상해없음,승용,남,32세,경상
2020051300100149,2020년 5월 13일 09시,수요일,부산광역시 사하구 감천동,중상사고,0,1,1,0,차대차 - 측면충돌,안전운전불이행,건조,맑음,단일로 - 기타,화물,남,65세,경상,화물,여,61세,중상
2020051300100181,2020년 5월 13일 10시,수요일,부산광역시 사하구 신평동,경상사고,0,0,1,0,차대사람 - 보도통행중,안전운전불이행,건조,맑음,단일로 - 기타,승용,남,28세,상해없음,보행자,남,80세,경상
2020051300100214,2020년 5월 13일 11시,수요일,부산광역시 남구 문현동,경상사고,0,0,1,0,차대차 - 측면충돌,안전운전불이행,건조,맑음,단일로 - 기타,건설기계,남,58세,상해없음,승용,여,36세,경상
2020051300100215,2020년 5월 13일 11시,수요일,부산광역시 금정구 구서동,부상신고사고,0,0,0,1,차대사람 - 기타,안전운전불이행,건조,맑음,기타 - 기타,승용,여,45세,상해없음,보행자,여,23세,부상신고
2020051300100216,2020년 5월 13일 11시,수요일,부산광역시 사상구 학장동,경상사고,0,0,1,0,차대차 - 기타,중앙선침범,건조,맑음,단일로 - 기타,화물,남,66세,상해없음,승용,여,46세,경상
2020051300100278,2020년 5월 13일 13시,수요일,부산광역시 사하구 신평동,경상사고,0,0,1,0,차대차 - 추돌,안전거리미확보,건조,맑음,단일로 - 지하차도(도로)내,특수,남,58세,상해없음,승용,남,74세,경상
2020051300100279,2020년 5월 13일 13시,수요일,부산광역시 사상구 주례동,중상사고,0,1,0,0,차대차 - 측면충돌,중앙선침범,건조,맑음,교차로 - 교차로안,원동기,남,65세,상해없음,원동기,남,45세,중상
2020051300100311,2020년 5월 13일 14시,수요일,부산광역시 동구 수정동,경상사고,0,0,1,0,차대사람 - 기타,안전운전불이행,건조,맑음,단일로 - 기타,승합,남,73세,상해없음,보행자,남,25세,경상
2020051300100312,2020년 5월 13일 14시,수요일,부산광역시 남구 대연동,경상사고,0,0,1,0,차대사람 - 기타,안전운전불이행,건조,맑음,단일로 - 기타,승용,여,38세,상해없음,보행자,여,18세,경상
2020051300100313,2020년 5월 13일 14시,수요일,부산광역시 수영구 광안동,경상사고,0,0,3,0,차대차 - 기타,안전운전불이행,건조,맑음,단일로 - 기타,승용,남,28세,경상,건설기계,남,59세,경상
2020051300100314,2020년 5월 13일 14시,수요일,부산광역시 금정구 부곡동,경상사고,0,0,1,1,차대차 - 추돌,안전거리미확보,건조,맑음,교차로 - 교차로부근,승용,남,56세,상해없음,승용,여,44세,경상
2020051300100351,2020년 5월 13일 15시,수요일,부산광역시 남구 문현동,중상사고,0,1,0,0,차대차 - 추돌,차로위반,건조,맑음,단일로 - 기타,화물,남,64세,상해없음,기타불명,여,81세,중상
2020051300100352,2020년 5월 13일 15시,수요일,부산광역시 수영구 광안동,중상사고,0,1,0,0,차대사람 - 기타,안전운전불이행,건조,맑음,단일로 - 기타,승용,여,52세,상해없음,보행자,여,27세,중상
2020051300100353,2020년 5월 13일 15시,수요일,부산광역시 남구 대연동,경상사고,0,0,1,0,차대차 - 측면충돌,안전운전불이행,건조,맑음,단일로 - 기타,승용,남,64세,상해없음,승용,남,55세,경상
2020051300100354,2020년 5월 13일 15시,수요일,부산광역시 해운대구 좌동,중상사고,0,1,0,0,차대사람 - 보도통행중,보행자보호의무위반,건조,맑음,단일로 - 기타,이륜,남,15세,상해없음,보행자,여,78세,중상
2020051300100355,2020년 5월 13일 15시,수요일,부산광역시 금정구 구서동,경상사고,0,0,1,0,차대차 - 기타,안전운전불이행,건조,맑음,교차로 - 교차로부근,화물,남,62세,상해없음,승용,여,65세,경상
2020051300100356,2020년 5월 13일 15시,수요일,부산광역시 사상구 학장동,경상사고,0,0,2,1,차대차 - 추돌,안전운전불이행,건조,맑음,단일로 - 기타,승용,남,61세,부상신고,화물,남,40세,경상
2020051300100398,2020년 5월 13일 16시,수요일,부산광역시 동구 초량동,중상사고,0,1,0,0,차대차 - 기타,안전운전불이행,건조,맑음,기타 - 기타,자전거,남,40세,중상,승용,남,62세,상해없음
2020051300100399,2020년 5월 13일 16시,수요일,부산광역시 동래구 수안동,경상사고,0,0,1,0,차대차 - 추돌,안전거리미확보,건조,맑음,교차로 - 교차로부근,화물,남,47세,상해없음,승용,남,35세,경상
2020051300100400,2020년 5월 13일 16시,수요일,부산광역시 부산진구 가야동,부상신고사고,0,0,0,1,차대차 - 기타,안전거리미확보,건조,맑음,단일로 - 기타,승용,남,49세,상해없음,승용,남,37세,상해없음
2020051300100401,2020년 5월 13일 16시,수요일,부산광역시 사상구 덕포동,중상사고,0,1,0,0,차대차 - 추돌,안전거리미확보,건조,맑음,단일로 - 기타,승용,남,24세,상해없음,원동기,남,51세,중상
2020051300100443,2020년 5월 13일 17시,수요일,부산광역시 남구 대연동,경상사고,0,0,4,0,차대차 - 추돌,안전운전불이행,건조,맑음,단일로 - 기타,승합,남,34세,상해없음,승용,남,53세,경상
2020051300100444,2020년 5월 13일 17시,수요일,부산광역시 수영구 광안동,경상사고,0,0,1,0,차대차 - 기타,안전운전불이행,건조,맑음,단일로 - 기타,승용,남,69세,상해없음,이륜,남,40세,경상
2020051300100445,2020년 5월 13일 17시,수요일,부산광역시 동래구 명륜동,경상사고,0,0,1,0,차대차 - 추돌,안전운전불이행,건조,맑음,단일로 - 기타,승용,남,52세,상해없음,승용,남,59세,경상
2020051300100446,2020년 5월 13일 17시,수요일,부산광역시 동래구 안락동,중상사고,0,1,0,0,차대사람 - 차도통행중,안전운전불이행,건조,맑음,단일로 - 기타,승용,남,68세,상해없음,보행자,여,27세,중상
2020051300100447,2020년 5월 13일 17시,수요일,부산광역시 부산진구 개금동,중상사고,0,1,0,0,차대사람 - 보도통행중,기타,건조,맑음,기타 - 기타,승용,남,68세,상해없음,보행자,여,17세,중상
2020051300100448,2020년 5월 13일 17시,수요일,부산광역시 사하구 감천동,경상사고,0,0,1,0,차대차 - 측면충돌,교차로운행방법위반,건조,맑음,교차로 - 교차로안,승용,여,45세,상해없음,특수,남,56세,상해없음
2020051300100493,2020년 5월 13일 18시,수요일,부산광역시 부산진구 양정동,경상사고,0,0,1,0,차대차 - 추돌,안전운전불이행,건조,맑음,단일로 - 기타,승용,여,23세,상해없음,승용,남,29세,경상
2020051300100542,2020년 5월 13일 19시,수요일,부산광역시 수영구 남천동,경상사고,0,0,1,0,차대차 - 측면충돌,신호위반,건조,맑음,교차로 - 교차로안,승용,남,47세,상해없음,승용,여,24세,상해없음
2020051300100543,2020년 5월 13일 19시,수요일,부산광역시 수영구 민락동,경상사고,0,0,1,0,차대차 - 기타,안전운전불이행,건조,맑음,단일로 - 기타,이륜,남,58세,상해없음,개인형이동수단(PM),여,18세,경상
2020051300100544,2020년 5월 13일 19시,수요일,부산광역시 사하구 하단동,경상사고,0,0,6,0,차대차 - 측면충돌,차로위반,건조,맑음,단일로 - 기타,승용,남,18세,상해없음,승용,남,41세,경상
2020051300100580,2020년 5월 13일 20시,수요일,부산광역시 중구 부평동2가,경상사고,0,0,1,0,차대사람 - 기타,안전운전불이행,건조,맑음,교차로 - 교차로부근,승용,남,35세,상해없음,보행자,남,49세,경상
2020051300100581,2020년 5월 13일 20시,수요일,부산광역시 연제구 연산동,경상사고,0,0,2,0,차대차 - 기타,교차로운행방법위반,건조,맑음,교차로 - 교차로안,승용,남,26세,상해없음,승용,남,41세,경상