사고번호,사고일시,요일,시군구,사고내용,사망자수,중상자수,경상자수,부상신고자수,사고유형,법규위반,노면상태,기상상태,도로형태,가해운전자 차종,가해운전자 성별,가해운전자 연령,가해운전자 상해정도,피해운전자 차종,피해운전자 성별,피해운전자 연령,피해운전자 상해정도
2020052500100051,2020년 5월 25일 07시,월요일,부산광역시 강서구 미음동,중상사고,0,1,1,0,차대차 - 기타,신호위반,건조,맑음,교차로 - 교차로안,승용,여,33세,경상,승용,남,40세,중상
2020052500100080,2020년 5월 25일 08시,월요일,부산광역시 수영구 광안동,중상사고,0,1,1,0,차대차 - 기타,교차로운행방법위반,건조,맑음,교차로 - 교차로안,승용,남,33세,경상,승용,여,45세,중상
2020052500100081,2020년 5월 25일 08시,월요일,부산광역시 부산진구 범천동,경상사고,0,0,1,0,차대차 - 기타,교차로운행방법위반,건조,맑음,교차로 - 교차로부근,승용,여,63세,상해없음,승용,여,61세,경상
2020052500100082,2020년 5월 25일 08시,월요일,부산광역시 기장군 기장읍,경상사고,0,0,1,0,차대차 - 측면충돌,안전거리미확보,건조,맑음,교차로 - 교차로부근,승용,여,38세,상해없음,이륜,남,80세,상해없음
2020052500100123,2020년 5월 25일 09시,월요일,부산광역시 남구 대연동,경상사고,0,0,1,0,차대차 - 측면충돌,직진우회전진행방해,건조,맑음,교차로 - 교차로안,승용,남,49세,상해없음,건설기계,남,40세,경상
2020052500100124,2020년 5월 25일 09시,월요일,부산광역시 수영구 남천동,경상사고,0,0,2,0,차대차 - 측면충돌,안전운전불이행,건조,맑음,교차로 - 교차로안,승용,여,45세,경상,승용,여,30세,경상
2020052500100125,2020년 5월 25일 09시,월요일,부산광역시 동래구 온천동,중상사고,0,1,1,0,차대차 - 기타,안전운전불이행,건조,맑음,단일로 - 기타,이륜,남,33세,경상,이륜,남,21세,중상
2020052500100181,2020년 5월 25일 11시,월요일,부산광역시 동래구 낙민동,경상사고,0,0,3,0,차대차 - 기타,안전운전불이행,건조,맑음,단일로 - 기타,승용,여,65세,상해없음,승용,남,37세,경상
2020052500100219,2020년 5월 25일 12시,월요일,부산광역시 북구 구포동,중상사고,0,1,2,0,차대차 - 측면충돌,차로위반,건조,맑음,단일로 - 기타,승합,남,55세,상해없음,승용,여,37세,경상
2020052500100250,2020년 5월 25일 13시,월요일,부산광역시 동구 수정동,중상사고,0,1,3,0,차대차 - 측면충돌,안전운전불이행,건조,맑음,교차로 - 교차로부근,승용,남,66세,상해없음,승합,남,56세,경상
2020052500100280,2020년 5월 25일 14시,월요일,부산광역시 수영구 민락동,경상사고,0,0,1,0,차대차 - 측면충돌,직진우회전진행방해,건조,맑음,교차로 - 교차로안,화물,남,25세,상해없음,승용,남,26세,경상
2020052500100281,2020년 5월 25일 14시,월요일,부산광역시 동래구 사직동,경상사고,0,0,1,0,차대차 - 측면충돌,교차로운행방법위반,건조,맑음,교차로 - 교차로부근,승용,여,57세,상해없음,승용,남,41세,경상
2020052500100282,2020년 5월 25일 14시,월요일,부산광역시 사하구 다대동,경상사고,0,0,1,0,차대사람 - 기타,안전운전불이행,건조,맑음,단일로 - 기타,승용,남,79세,상해없음,보행자,남,77세,경상
2020052500100326,2020년 5월 25일 15시,월요일,부산광역시 사하구 신평동,경상사고,0,0,1,0,차대차 - 기타,안전거리미확보,건조,맑음,단일로 - 기타,승용,남,48세,상해없음,이륜,남,62세,경상
2020052500100366,2020년 5월 25일 16시,월요일,부산광역시 금정구 부곡동,중상사고,0,1,0,0,차대차 - 기타,안전운전불이행,건조,맑음,교차로 - 교차로부근,승용,남,62세,상해없음,자전거,남,79세,중상
2020052500100367,2020년 5월 25일 16시,월요일,부산광역시 금정구 구서동,경상사고,0,0,1,0,차대차 - 측면충돌,교차로운행방법위반,건조,맑음,교차로 - 교차로안,승용,남,36세,상해없음,승용,남,59세,경상
2020052500100368,2020년 5월 25일 16시,월요일,부산광역시 수영구 망미동,경상사고,0,0,1,0,차대차 - 기타,차로위반,건조,맑음,교차로 - 교차로부근,승용,남,29세,상해없음,승용,여,26세,경상
2020052500100394,2020년 5월 25일 17시,월요일,부산광역시 동구 좌천동,중상사고,0,1,0,0,차대차 - 기타,안전운전불이행,건조,맑음,교차로 - 교차로부근,화물,남,59세,상해없음,이륜,남,27세,중상
2020052500100395,2020년 5월 25일 17시,월요일,부산광역시 사하구 괴정동,경상사고,0,0,3,0,차대차 - 측면충돌,안전운전불이행,건조,맑음,교차로 - 교차로안,이륜,남,32세,경상,승용,남,24세,경상
2020052500100442,2020년 5월 25일 18시,월요일,부산광역시 수영구 남천동,중상사고,0,1,0,0,차대사람 - 길가장자리구역통행중,안전운전불이행,건조,맑음,단일로 - 기타,승합,남,72세,상해없음,보행자,여,61세,중상
2020052500100443,2020년 5월 25일 18시,월요일,부산광역시 사상구 엄궁동,경상사고,0,0,2,0,차대차 - 기타,안전운전불이행,건조,맑음,교차로 - 교차로안,화물,여,59세,상해없음,승용,남,31세,경상
2020052500100485,2020년 5월 25일 19시,월요일,부산광역시 동래구 온천동,중상사고,0,1,0,0,차대차 - 측면충돌,안전거리미확보,건조,맑음,단일로 - 기타,원동기,남,22세,상해없음,원동기,남,28세,중상
2020052500100544,2020년 5월 25일 21시,월요일,부산광역시 영도구 동삼동,경상사고,0,0,1,0,차대차 - 정면충돌,안전거리미확보,건조,맑음,교차로 - 교차로부근,승용,여,41세,상해없음,승용,여,44세,경상
2020052500100545,2020년 5월 25일 21시,월요일,부산광역시 금정구 서동,중상사고,0,1,0,0,차대사람 - 횡단중,보행자보호의무위반,건조,맑음,교차로 - 교차로안,원동기,남,21세,상해없음,보행자,여,19세,중상
2020052500100569,2020년 5월 25일 22시,월요일,부산광역시 부산진구 가야동,중상사고,0,1,0,0,차대사람 - 차도통행중,안전운전불이행,건조,맑음,교차로 - 교차로안,승용,남,64세,상해없음,보행자,남,72세,중상
2020052500100570,2020년 5월 25일 22시,월요일,부산광역시 강서구 봉림동,경상사고,0,0,1,0,차대차 - 추돌,안전운전불이행,건조,맑음,단일로 - 기타,승용,남,28세,상해없음,승용,남,38세,경상
2020052500100590,2020년 5월 25일 23시,월요일,부산광역시 부산진구 부전동,경상사고,0,0,1,0,차대사람 - 보도통행중,기타,건조,맑음,단일로 - 기타,이륜,남,35세,상해없음,보행자,여,19세,경상
2020052500100591,2020년 5월 25일 23시,월요일,부산광역시 사하구 다대동,부상신고사고,0,0,0,1,차대차 - 추돌,안전운전불이행,건조,맑음,단일로 - 기타,원동기,남,40세,부상신고,승용,남,63세,상해없음
2020052600100007,2020년 5월 26일 00시,화요일,부산광역시 동래구 사직동,경상사고,0,0,1,0,차대차 - 기타,안전운전불이행,건조,맑음,교차로 - 교차로횡단보도내,승용,남,68세,상해없음,자전거,남,14세,경상
2020052600100008,2020년 5월 26일 00시,화요일,부산광역시 사상구 주례동,부상신고사고,0,0,0,1,차대사람 - 기타,안전운전불이행,건조,맑음,단일로 - 기타,승용,여,20세,상해없음,보행자,남,41세,부상신고
2020052600100038,2020년 5월 26일 03시,화요일,부산광역시 수영구 남천동,경상사고,0,0,2,0,차대차 - 측면충돌,신호위반,건조,맑음,교차로 - 교차로안,승용,남,27세,상해없음,승용,남,49세,경상
2020052600100055,2020년 5월 26일 06시,화요일,부산광역시 해운대구 좌동,중상사고,0,1,0,0,차대사람 - 횡단중,안전운전불이행,건조,맑음,단일로 - 기타,자전거,남,26세,상해없음,보행자,여,55세,중상
2020052600100098,2020년 5월 26일 08시,화요일,부산광역시 사상구 학장동,부상신고사고,0,0,0,1,차대차 - 측면충돌,신호위반,건조,맑음,단일로 - 기타,이륜,여,33세,부상신고,승용,남,28세,상해없음
2020052600100154,2020년 5월 26일 10시,화요일,부산광역시 영도구 청학동,경상사고,0,0,2,0,차대차 - 정면충돌,중앙선침범,건조,맑음,단일로 - 기타,승합,남,52세,상해없음,승용,남,65세,경상
2020052600100155,2020년 5월 26일 10시,화요일,부산광역시 부산진구 양정동,중상사고,0,1,0,0,차대차 - 측면충돌,교차로운행방법위반,건조,맑음,교차로 - 교차로안,승용,남,54세,상해없음,승용,남,69세,중상
2020052600100192,2020년 5월 26일 11시,화요일,부산광역시 강서구 명지동,중상사고,0,1,0,0,차대차 - 기타,안전운전불이행,건조,맑음,단일로 - 기타,화물,남,56세,상해없음,자전거,여,64세,중상
2020052600100193,2020년 5월 26일 11시,화요일,부산광역시 기장군 일광면,중상사고,0,1,0,0,차대차 - 측면충돌,안전운전불이행,건조,맑음,단일로 - 기타,이륜,남,59세,중상,화물,남,65세,상해없음
2020052600100228,2020년 5월 26일 12시,화요일,부산광역시 북구 덕천동,경상사고,0,0,7,0,차대차 - 추돌,안전운전불이행,건조,맑음,단일로 - 기타,승용,남,27세,상해없음,승용,남,35세,경상
2020052600100254,2020년 5월 26일 13시,화요일,부산광역시 동래구 명륜동,경상사고,0,0,1,0,차대차 - 후진중충돌,안전운전불이행,건조,맑음,단일로 - 기타,화물,남,50세,상해없음,이륜,남,77세,경상
2020052600100255,2020년 5월 26일 13시,화요일,부산광역시 동래구 온천동,경상사고,0,0,1,0,차대차 - 후진중충돌,안전운전불이행,건조,맑음,단일로 - 기타,승용,여,57세,상해없음,승용,여,47세,상해없음
2020052600100257,2020년 5월 26일 13시,화요일,부산광역시 부산진구 부암동,경상사고,0,0,1,0,차대차 - 측면충돌,안전운전불이행,건조,맑음,단일로 - 기타,이륜,남,44세,상해없음,승용,남,55세,경상
2020052600100258,2020년 5월 26일 13시,화요일,부산광역시 금정구 구서동,중상사고,0,1,0,0,차대차 - 기타,안전운전불이행,건조,맑음,교차로 - 교차로부근,승용,여,64세,상해없음,승용,남,71세,중상
2020052600100259,2020년 5월 26일 13시,화요일,부산광역시 연제구 연산동,경상사고,0,0,1,0,차대차 - 기타,신호위반,건조,맑음,단일로 - 기타,승용,남,38세,상해없음,승합,남,53세,상해없음
2020052600100297,2020년 5월 26일 14시,화요일,부산광역시 동구 좌천동,중상사고,0,1,0,0,차대차 - 기타,중앙선침범,건조,맑음,교차로 - 교차로안,자전거,남,33세,상해없음,승용,여,38세,중상
2020052600100298,2020년 5월 26일 14시,화요일,부산광역시 북구 구포동,경상사고,0,0,1,0,차대사람 - 기타,안전운전불이행,건조,맑음,단일로 - 기타,승합,남,59세,상해없음,보행자,여,61세,경상
2020052600100367,2020년 5월 26일 16시,화요일,부산광역시 동래구 칠산동,경상사고,0,0,2,0,차대차 - 측면충돌,신호위반,건조,맑음,교차로 - 교차로안,승합,남,74세,상해없음,승합,남,46세,경상
2020052600100368,2020년 5월 26일 16시,화요일,부산광역시 해운대구 반송동,경상사고,0,0,1,0,차대차 - 측면충돌,안전운전불이행,건조,맑음,단일로 - 기타,자전거,남,10세,경상,승용,여,42세,상해없음
2020052600100369,2020년 5월 26일 16시,화요일,부산광역시 사상구 모라동,경상사고,0,0,2,0,차대차 - 추돌,안전운전불이행,건조,맑음,단일로 - 기타,화물,남,59세,상해없음,승용,남,59세,경상
2020052600100403,2020년 5월 26일 17시,화요일,부산광역시 북구 화명동,부상신고사고,0,0,0,1,차대차 - 측면충돌,안전거리미확보,건조,맑음,단일로 - 지하차도(도로)내,이륜,남,32세,상해없음,이륜,남,28세,부상신고
2020052600100404,2020년 5월 26일 17시,화요일,부산광역시 해운대구 반여동,경상사고,0,0,1,0,차대차 - 측면충돌,안전거리미확보,건조,맑음,단일로 - 기타,승용,남,66세,상해없음,화물,남,40세,경상
2020052600100440,2020년 5월 26일 18시,화요일,부산광역시 북구 구포동,중상사고,0,1,3,0,차대차 - 추돌,안전운전불이행,건조,맑음,단일로 - 기타,승용,남,40세,상해없음,승용,남,36세,중상
2020052600100441,2020년 5월 26일 18시,화요일,부산광역시 사상구 감전동,경상사고,0,0,1,0,차대차 - 정면충돌,중앙선침범,건조,맑음,단일로 - 기타,승용,남,72세,상해없음,이륜,남,43세,경상
2020052600100482,2020년 5월 26일 19시,화요일,부산광역시 부산진구 당감동,경상사고,0,0,1,0,차대차 - 추돌,안전운전불이행,건조,맑음,단일로 - 기타,승용,여,40세,상해없음,승용,남,52세,경상
2020052600100483,2020년 5월 26일 19시,화요일,부산광역시 연제구 연산동,경상사고,0,0,1,0,차대차 - 기타,안전운전불이행,건조,맑음,교차로 - 교차로안,이륜,남,48세,상해없음,이륜,남,25세,경상
2020052600100512,2020년 5월 26일 20시,화요일,부산광역시 해운대구 좌동,경상사고,0,0,1,0,차대차 - 측면충돌,신호위반,건조,맑음,교차로 - 교차로부근,승용,여,31세,상해없음,승용,남,33세,경상
2020052600100538,2020년 5월 26일 21시,화요일,부산광역시 기장군 기장읍,중상사고,0,1,0,0,차대사람 - 기타,안전운전불이행,건조,맑음,단일로 - 기타,특수,남,44세,상해없음,보행자,여,62세,중상
2020052600100592,2020년 5월 26일 23시,화요일,부산광역시 동래구 안락동,부상신고사고,0,0,0,1,차대사람 - 기타,안전운전불이행,건조,맑음,교차로 - 교차로부근,승용,남,55세,상해없음,보행자,남,18세,부상신고
2020052700100001,2020년 5월 27일 00시,수요일,부산광역시 사하구 신평동,중상사고,0,1,1,0,차대차 - 기타,안전운전불이행,건조,맑음,교차로 - 교차로안,원동기,남,17세,경상,원동기,남,18세,중상
2020052700100025,2020년 5월 27일 03시,수요일,부산광역시 부산진구 전포동,경상사고,0,0,1,0,차대차 - 측면충돌,안전운전불이행,건조,맑음,교차로 - 교차로안,승용,남,26세,상해없음,이륜,남,31세,경상
2020052700100059,2020년 5월 27일 07시,수요일,부산광역시 동구 초량동,경상사고,0,0,1,0,차대차 - 기타,기타,건조,맑음,단일로 - 기타,승용,남,65세,상해없음,이륜,남,34세,경상
2020052700100060,2020년 5월 27일 07시,수요일,부산광역시 남구 문현동,경상사고,0,0,2,0,차대차 - 측면충돌,안전운전불이행,건조,맑음,단일로 - 기타,승용,여,18세,상해없음,승용,남,30세,경상
2020052700100061,2020년 5월 27일 07시,수요일,부산광역시 금정구 부곡동,경상사고,0,0,1,0,차대차 - 측면충돌,교차로운행방법위반,건조,맑음,교차로 - 교차로안,승용,남,32세,상해없음,승용,여,54세,경상
2020052700100093,2020년 5월 27일 08시,수요일,부산광역시 중구 부평동2가,중상사고,0,1,0,0,차대차 - 기타,중앙선침범,건조,맑음,단일로 - 기타,이륜,남,70세,중상,승용,여,53세,상해없음
2020052700100094,2020년 5월 27일 08시,수요일,부산광역시 서구 부민동1가,중상사고,0,1,0,0,차대사람 - 횡단중,보행자보호의무위반,건조,맑음,교차로 - 교차로횡단보도내,승용,여,27세,상해없음,보행자,여,75세,중상
2020052700100095,2020년 5월 27일 08시,수요일,부산광역시 남구 문현동,경상사고,0,0,1,0,차대차 - 측면충돌,안전운전불이행,건조,맑음,교차로 - 교차로안,승용,여,60세,상해없음,승용,남,49세,경상
2020052700100128,2020년 5월 27일 09시,수요일,부산광역시 서구 동대신동3가,경상사고,0,0,1,0,차대차 - 기타,안전운전불이행,건조,맑음,단일로 - 기타,승합,남,31세,상해없음,승합,남,47세,경상
2020052700100129,2020년 5월 27일 09시,수요일,부산광역시 부산진구 부전동,경상사고,0,0,1,0,차대차 - 측면충돌,안전운전불이행,건조,맑음,교차로 - 교차로안,화물,남,60세,상해없음,승용,남,69세,상해없음
2020052700100130,2020년 5월 27일 09시,수요일,부산광역시 금정구 남산동,중상사고,0,1,0,0,차대사람 - 횡단중,보행자보호의무위반,건조,맑음,교차로 - 교차로안,화물,남,49세,상해없음,보행자,여,36세,중상
2020052700100168,2020년 5월 27일 10시,수요일,부산광역시 서구 동대신동2가,중상사고,0,1,6,0,차대차 - 추돌,안전거리미확보,건조,맑음,단일로 - 기타,화물,남,58세,상해없음,승합,남,38세,경상
2020052700100169,2020년 5월 27일 10시,수요일,부산광역시 강서구 명지동,경상사고,0,0,1,0,차대차 - 측면충돌,신호위반,건조,맑음,교차로 - 교차로안,승용,여,46세,상해없음,승용,남,35세,경상
2020052700100203,2020년 5월 27일 11시,수요일,부산광역시 중구 동광동5가,경상사고,0,0,1,0,차대사람 - 기타,안전운전불이행,건조,맑음,단일로 - 기타,승용,여,37세,상해없음,보행자,여,25세,경상
2020052700100235,2020년 5월 27일 12시,수요일,부산광역시 해운대구 반여동,경상사고,0,0,1,0,차대차 - 기타,안전운전불이행,건조,맑음,단일로 - 기타,화물,남,61세,상해없음,이륜,남,52세,경상
2020052700100281,2020년 5월 27일 13시,수요일,부산광역시 금정구 장전동,경상사고,0,0,1,0,차대차 - 측면충돌,기타,건조,맑음,교차로 - 교차로안,원동기,남,49세,상해없음,승용,남,53세,경상
2020052700100313,2020년 5월 27일 14시,수요일,부산광역시 동래구 수안동,경상사고,0,0,1,0,차대차 - 측면충돌,안전운전불이행,건조,맑음,교차로 - 교차로안,승용,여,32세,상해없음,자전거,여,71세,경상
2020052700100314,2020년 5월 27일 14시,수요일,부산광역시 부산진구 가야동,중상사고,0,1,0,0,차대차 - 측면충돌,안전거리미확보,건조,맑음,단일로 - 기타,승용,남,51세,상해없음,이륜,남,49세,중상
2020052700100315,2020년 5월 27일 14시,수요일,부산광역시 사상구 감전동,경상사고,0,0,1,0,차대차 - 측면충돌,안전거리미확보,건조,맑음,단일로 - 기타,화물,남,39세,상해없음,승용,남,37세,경상
2020052700100353,2020년 5월 27일 15시,수요일,부산광역시 기장군 일광면,부상신고사고,0,0,0,1,차대차 - 기타,안전운전불이행,건조,맑음,단일로 - 기타,승용,여,33세,상해없음,승용,남,40세,부상신고
2020052700100390,2020년 5월 27일 16시,수요일,부산광역시 중구 남포동5가,부상신고사고,0,0,0,1,차대차 - 측면충돌,안전운전불이행,건조,맑음,단일로 - 기타,이륜,남,49세,부상신고,승용,남,47세,상해없음
2020052700100391,2020년 5월 27일 16시,수요일,부산광역시 북구 덕천동,중상사고,0,1,0,0,차대차 - 측면충돌,직진우회전진행방해,건조,맑음,교차로 - 교차로안,승용,여,47세,상해없음,자전거,남,72세,중상
2020052700100392,2020년 5월 27일 16시,수요일,부산광역시 영도구 영선동3가,중상사고,0,1,1,0,차대사람 - 기타,안전운전불이행,건조,맑음,교차로 - 교차로부근,승용,남,70세,상해없음,보행자,여,51세,중상
2020052700100447,2020년 5월 27일 17시,수요일,부산광역시 영도구 영선동1가,경상사고,0,0,1,0,차대사람 - 기타,안전운전불이행,건조,맑음,주차장 - 주차장,승용,남,54세,상해없음,보행자,여,59세,경상
2020052700100448,2020년 5월 27일 17시,수요일,부산광역시 영도구 동삼동,경상사고,0,0,1,0,차대차 - 측면충돌,안전운전불이행,건조,맑음,단일로 - 기타,승용,남,62세,상해없음,이륜,남,48세,경상
2020052700100449,2020년 5월 27일 17시,수요일,부산광역시 부산진구 부전동,경상사고,0,0,1,0,차대사람 - 차도통행중,안전운전불이행,건조,맑음,단일로 - 기타,승용,남,62세,상해없음,보행자,여,65세,경상
2020052700100510,2020년 5월 27일 18시,수요일,부산광역시 남구 용호동,경상사고,0,0,1,0,차대차 - 기타,안전운전불이행,건조,맑음,기타 - 기타,승용,여,44세,상해없음,이륜,남,22세,경상
2020052700100511,2020년 5월 27일 18시,수요일,부산광역시 북구 덕천동,중상사고,0,1,0,0,차대차 - 기타,안전거리미확보,건조,맑음,단일로 - 기타,승용,남,57세,상해없음,승용,남,39세,중상
2020052700100512,2020년 5월 27일 18시,수요일,부산광역시 부산진구 부전동,중상사고,0,1,0,0,차대차 - 기타,신호위반,건조,맑음,교차로 - 교차로안,이륜,남,31세,상해없음,승용,남,61세,중상
2020052700100592,2020년 5월 27일 20시,수요일,부산광역시 수영구 민락동,경상사고,0,0,4,0,차대차 - 측면충돌,안전운전불이행,건조,맑음,교차로 - 교차로안,승용,남,65세,경상,승용,남,33세,경상
2020052700100593,2020년 5월 27일 20시,수요일,부산광역시 해운대구 재송동,경상사고,0,0,1,0,차대차 - 정면충돌,안전운전불이행,건조,맑음,교차로 - 교차로안,승용,여,50세,상해없음,승용,여,59세,경상
2020052700100631,2020년 5월 27일 21시,수요일,부산광역시 남구 대연동,경상사고,0,0,1,0,차대차 - 정면충돌,신호위반,건조,맑음,교차로 - 교차로안,승용,남,64세,상해없음,이륜,남,24세,경상
2020052700100656,2020년 5월 27일 22시,수요일,부산광역시 기장군 기장읍,경상사고,0,0,3,0,차대차 - 추돌,안전운전불이행,건조,맑음,교차로 - 교차로부근,승용,남,36세,상해없음,승용,여,25세,경상
2020052700100688,2020년 5월 27일 23시,수요일,부산광역시 북구 덕천동,경상사고,0,0,1,1,차대차 - 측면충돌,신호위반,건조,맑음,교차로 - 교차로안,승용,남,62세,상해없음,승용,남,38세,경상
2020052800100022,2020년 5월 28일 02시,목요일,부산광역시 서구 남부민동,경상사고,0,0,1,0,차대차 - 추돌,안전운전불이행,건조,맑음,교차로 - 교차로부근,화물,남,29세,상해없음,승용,남,66세,경상
2020052800100038,2020년 5월 28일 04시,목요일,부산광역시 동래구 안락동,경상사고,0,0,1,0,차대차 - 측면충돌,안전거리미확보,건조,맑음,단일로 - 기타,승용,남,25세,상해없음,이륜,남,19세,경상
2020052800100039,2020년 5월 28일 04시,목요일,부산광역시 영도구 청학동,경상사고,0,0,1,0,차대사람 - 기타,안전운전불이행,건조,맑음,교차로 - 교차로안,승용,남,81세,상해없음,보행자,남,36세,경상
2020052800100040,2020년 5월 28일 04시,목요일,부산광역시 연제구 연산동,부상신고사고,0,0,0,1,차대차 - 추돌,안전운전불이행,건조,맑음,단일로 - 기타,이륜,남,17세,부상신고,승용,남,40세,상해없음
2020052800100041,2020년 5월 28일 04시,목요일,부산광역시 사상구 감전동,중상사고,0,1,0,0,차대차 - 추돌,안전운전불이행,건조,맑음,단일로 - 교량,화물,남,42세,상해없음,승용,남,63세,중상
2020052800100050,2020년 5월 28일 05시,목요일,부산광역시 강서구 송정동,중상사고,0,1,0,0,차대차 - 측면충돌,안전운전불이행,건조,맑음,단일로 - 기타,승용,남,39세,중상,특수,남,61세,상해없음
2020052800100051,2020년 5월 28일 05시,목요일,부산광역시 기장군 정관읍,부상신고사고,0,0,0,1,차량단독 - 기타,안전운전불이행,건조,맑음,단일로 - 기타,이륜,남,23세,상해없음,,,,
2020052800100060,2020년 5월 28일 06시,목요일,부산광역시 동래구 안락동,경상사고,0,0,1,0,차대차 - 측면충돌,안전거리미확보,건조,맑음,단일로 - 기타,건설기계,남,64세,상해없음,승용,여,66세,경상
2020052800100061,2020년 5월 28일 06시,목요일,부산광역시 부산진구 부암동,경상사고,0,0,1,0,차대차 - 추돌,신호위반,건조,맑음,교차로 - 교차로안,승용,여,26세,상해없음,이륜,남,36세,경상
2020052800100096,2020년 5월 28일 08시,목요일,부산광역시 남구 우암동,경상사고,0,0,5,3,차대차 - 기타,안전거리미확보,건조,맑음,단일로 - 기타,승용,남,59세,부상신고,승용,남,37세,부상신고
2020052800100097,2020년 5월 28일 08시,목요일,부산광역시 해운대구 송정동,경상사고,0,0,3,0,차대차 - 측면충돌,안전운전불이행,건조,맑음,단일로 - 기타,승용,여,60세,상해없음,승용,여,43세,경상
2020052800100098,2020년 5월 28일 08시,목요일,부산광역시 부산진구 개금동,경상사고,0,0,1,0,차대차 - 기타,직진우회전진행방해,건조,맑음,교차로 - 교차로안,승용,남,72세,상해없음,승용,여,39세,경상
2020052800100099,2020년 5월 28일 08시,목요일,부산광역시 강서구 명지동,경상사고,0,0,2,0,차대차 - 측면충돌,안전운전불이행,건조,맑음,교차로 - 교차로안,승용,여,27세,경상,승용,여,40세,경상
2020052800100100,2020년 5월 28일 08시,목요일,부산광역시 기장군 장안읍,중상사고,0,2,0,0,차대차 - 측면충돌,안전운전불이행,건조,맑음,교차로 - 교차로안,화물,남,59세,중상,건설기계,남,42세,중상
2020052800100177,2020년 5월 28일 10시,목요일,부산광역시 영도구 동삼동,경상사고,0,0,3,0,차대차 - 추돌,안전운전불이행,건조,맑음,단일로 - 기타,이륜,남,43세,상해없음,승용,여,42세,경상
2020052800100178,2020년 5월 28일 10시,목요일,부산광역시 해운대구 우동,경상사고,0,0,1,0,차대차 - 추돌,중앙선침범,건조,맑음,교차로 - 교차로부근,승용,남,27세,상해없음,이륜,남,49세,경상
2020052800100242,2020년 5월 28일 12시,목요일,부산광역시 부산진구 전포동,중상사고,0,1,0,0,차대차 - 기타,안전운전불이행,건조,맑음,기타 - 기타,승용,여,45세,기타불명,특수,남,43세,중상
2020052800100243,2020년 5월 28일 12시,목요일,부산광역시 강서구 강동동,경상사고,0,0,1,0,차대차 - 측면충돌,직진우회전진행방해,건조,맑음,교차로 - 교차로부근,승용,남,51세,상해없음,자전거,여,21세,경상
2020052800100283,2020년 5월 28일 13시,목요일,부산광역시 서구 암남동,경상사고,0,0,1,0,차대차 - 측면충돌,안전거리미확보,건조,맑음,단일로 - 기타,승용,남,62세,상해없음,승용,남,48세,경상
2020052800100284,2020년 5월 28일 13시,목요일,부산광역시 북구 구포동,중상사고,0,1,0,0,차대차 - 기타,교차로운행방법위반,건조,맑음,교차로 - 교차로안,화물,남,61세,상해없음,이륜,남,83세,중상
2020052800100323,2020년 5월 28일 14시,목요일,부산광역시 부산진구 당감동,경상사고,0,0,1,0,차대사람 - 차도통행중,안전운전불이행,건조,맑음,교차로 - 교차로안,기타불명,기타불명,미분류,기타불명,보행자,남,43세,경상
2020052800100359,2020년 5월 28일 15시,목요일,부산광역시 부산진구 전포동,중상사고,0,1,0,0,차대사람 - 차도통행중,안전운전불이행,건조,맑음,교차로 - 교차로안,승합,남,48세,상해없음,보행자,여,75세,중상
2020052800100360,2020년 5월 28일 15시,목요일,부산광역시 금정구 부곡동,경상사고,0,0,1,0,차대차 - 측면충돌,안전운전불이행,건조,맑음,단일로 - 기타,승용,남,67세,상해없음,원동기,남,17세,경상
2020052800100388,2020년 5월 28일 16시,목요일,부산광역시 동구 범일동,경상사고,0,0,5,0,차대차 - 측면충돌,신호위반,건조,맑음,교차로 - 교차로안,승용,남,58세,상해없음,승용,남,30세,경상
2020052800100389,2020년 5월 28일 16시,목요일,부산광역시 해운대구 반여동,경상사고,0,0,1,0,차대차 - 측면충돌,신호위반,건조,맑음,교차로 - 교차로안,이륜,남,70세,경상,승용,남,24세,상해없음
2020052800100390,2020년 5월 28일 16시,목요일,부산광역시 해운대구 반여동,중상사고,0,1,0,0,차대사람 - 횡단중,보행자보호의무위반,건조,맑음,교차로 - 교차로부근,화물,남,66세,기타불명,보행자,여,66세,중상
2020052800100391,2020년 5월 28일 16시,목요일,부산광역시 금정구 부곡동,경상사고,0,0,1,0,차대사람 - 보도통행중,기타,건조,맑음,단일로 - 기타,승용,남,48세,상해없음,보행자,여,79세,경상
2020052800100429,2020년 5월 28일 17시,목요일,부산광역시 해운대구 반송동,경상사고,0,0,1,0,차대사람 - 횡단중,안전운전불이행,건조,맑음,단일로 - 기타,화물,여,61세,상해없음,보행자,남,30세,경상
2020052800100430,2020년 5월 28일 17시,목요일,부산광역시 사하구 장림동,경상사고,0,0,2,0,차대차 - 측면충돌,과속,건조,맑음,단일로 - 기타,승용,남,32세,상해없음,승용,여,51세,경상
2020052800100459,2020년 5월 28일 18시,목요일,부산광역시 남구 대연동,중상사고,0,1,1,0,차대차 - 측면충돌,안전운전불이행,건조,맑음,단일로 - 기타,승용,여,46세,경상,승용,남,32세,중상
2020052800100460,2020년 5월 28일 18시,목요일,부산광역시 북구 만덕동,경상사고,0,0,1,0,차대사람 - 횡단중,신호위반,건조,맑음,교차로 - 교차로횡단보도내,승용,여,41세,상해없음,보행자,남,30세,경상
2020052800100461,2020년 5월 28일 18시,목요일,부산광역시 부산진구 부전동,경상사고,0,0,1,0,차대차 - 측면충돌,안전운전불이행,건조,맑음,단일로 - 기타,승용,남,40세,상해없음,이륜,남,39세,경상