사고번호,사고일시,요일,시군구,사고내용,사망자수,중상자수,경상자수,부상신고자수,사고유형,법규위반,노면상태,기상상태,도로형태,가해운전자 차종,가해운전자 성별,가해운전자 연령,가해운전자 상해정도,피해운전자 차종,피해운전자 성별,피해운전자 연령,피해운전자 상해정도
2020052800100462,2020년 5월 28일 18시,목요일,부산광역시 강서구 신호동,경상사고,0,0,1,0,차대차 - 기타,안전운전불이행,건조,맑음,교차로 - 교차로안,승용,여,53세,상해없음,이륜,남,55세,경상
2020052800100533,2020년 5월 28일 20시,목요일,부산광역시 동래구 안락동,경상사고,0,0,1,0,차대차 - 추돌,안전거리미확보,건조,맑음,단일로 - 교량,승용,남,58세,상해없음,승용,남,43세,상해없음
2020052800100534,2020년 5월 28일 20시,목요일,부산광역시 사상구 주례동,경상사고,0,0,1,0,차대차 - 기타,안전운전불이행,건조,맑음,교차로 - 교차로안,이륜,남,26세,경상,승용,남,39세,상해없음
2020052800100565,2020년 5월 28일 21시,목요일,부산광역시 사상구 엄궁동,경상사고,0,0,1,0,차대차 - 후진중충돌,안전운전불이행,건조,맑음,단일로 - 기타,승용,여,59세,상해없음,승용,남,58세,상해없음
2020052800100595,2020년 5월 28일 22시,목요일,부산광역시 동래구 사직동,경상사고,0,0,1,0,차대차 - 기타,안전운전불이행,건조,맑음,단일로 - 기타,승용,여,26세,상해없음,승용,남,49세,경상
2020052800100596,2020년 5월 28일 22시,목요일,부산광역시 사상구 괘법동,경상사고,0,0,1,0,차대사람 - 횡단중,안전운전불이행,건조,맑음,단일로 - 지하차도(도로)내,승용,남,20세,상해없음,보행자,남,62세,경상
2020052800100618,2020년 5월 28일 23시,목요일,부산광역시 북구 화명동,경상사고,0,0,1,0,차대사람 - 기타,안전운전불이행,건조,맑음,단일로 - 기타,개인형이동수단(PM),남,36세,상해없음,보행자,여,26세,경상
2020052800100619,2020년 5월 28일 23시,목요일,부산광역시 사하구 장림동,부상신고사고,0,0,0,1,차대차 - 기타,안전운전불이행,건조,맑음,교차로 - 교차로안,이륜,남,36세,부상신고,승용,남,31세,상해없음
2020052900100002,2020년 5월 29일 00시,금요일,부산광역시 기장군 기장읍,부상신고사고,0,0,0,1,차대차 - 측면충돌,안전거리미확보,건조,맑음,단일로 - 기타,승용,남,39세,상해없음,화물,남,65세,부상신고
2020052900100024,2020년 5월 29일 02시,금요일,부산광역시 해운대구 반송동,중상사고,0,1,0,0,차대차 - 측면충돌,신호위반,건조,맑음,교차로 - 교차로안,승용,남,61세,상해없음,승용,여,57세,중상
2020052900100029,2020년 5월 29일 03시,금요일,부산광역시 영도구 봉래동1가,경상사고,0,0,1,0,차대차 - 추돌,안전운전불이행,건조,맑음,기타 - 기타,승용,여,53세,상해없음,승용,남,40세,경상
2020052900100052,2020년 5월 29일 06시,금요일,부산광역시 부산진구 범천동,중상사고,0,1,0,0,차대사람 - 차도통행중,안전운전불이행,건조,맑음,단일로 - 기타,승용,남,31세,상해없음,보행자,남,78세,중상
2020052900100053,2020년 5월 29일 06시,금요일,부산광역시 사상구 학장동,경상사고,0,0,1,1,차대차 - 추돌,차로위반,건조,맑음,단일로 - 기타,화물,남,61세,상해없음,승용,남,39세,경상
2020052900100065,2020년 5월 29일 07시,금요일,부산광역시 사하구 다대동,중상사고,0,1,0,0,차대차 - 기타,안전운전불이행,건조,맑음,단일로 - 지하차도(도로)내,승용,남,52세,상해없음,이륜,남,20세,중상
2020052900100097,2020년 5월 29일 08시,금요일,부산광역시 금정구 장전동,경상사고,0,0,2,0,차대차 - 측면충돌,안전운전불이행,건조,맑음,교차로 - 교차로안,승용,여,44세,상해없음,승용,여,44세,경상
2020052900100098,2020년 5월 29일 08시,금요일,부산광역시 사하구 장림동,중상사고,0,1,0,0,차대차 - 기타,직진우회전진행방해,건조,맑음,교차로 - 교차로안,화물,남,48세,상해없음,승합,남,39세,상해없음
2020052900100156,2020년 5월 29일 09시,금요일,부산광역시 서구 토성동3가,중상사고,0,1,0,0,차대사람 - 기타,안전운전불이행,건조,맑음,단일로 - 기타,승용,여,59세,상해없음,보행자,여,81세,중상
2020052900100157,2020년 5월 29일 09시,금요일,부산광역시 동래구 명륜동,부상신고사고,0,0,0,1,차대사람 - 차도통행중,안전운전불이행,건조,맑음,단일로 - 기타,화물,남,44세,상해없음,보행자,남,22세,부상신고
2020052900100206,2020년 5월 29일 10시,금요일,부산광역시 서구 서대신동3가,경상사고,0,0,1,0,차대차 - 측면충돌,직진우회전진행방해,건조,맑음,교차로 - 교차로안,승용,여,44세,상해없음,승용,여,57세,경상
2020052900100207,2020년 5월 29일 10시,금요일,부산광역시 금정구 노포동,경상사고,0,0,1,0,차대사람 - 기타,안전운전불이행,건조,맑음,기타 - 기타,승용,남,68세,상해없음,보행자,남,85세,경상
2020052900100237,2020년 5월 29일 11시,금요일,부산광역시 남구 문현동,경상사고,0,0,1,0,차량단독 - 기타,안전운전불이행,건조,맑음,단일로 - 기타,승합,남,57세,상해없음,,,,
2020052900100238,2020년 5월 29일 11시,금요일,부산광역시 남구 대연동,경상사고,0,0,1,0,차대사람 - 보도통행중,안전운전불이행,건조,맑음,단일로 - 기타,승용,남,33세,상해없음,보행자,여,28세,경상
2020052900100239,2020년 5월 29일 11시,금요일,부산광역시 해운대구 우동,경상사고,0,0,2,0,차대차 - 측면충돌,안전운전불이행,건조,맑음,교차로 - 교차로부근,화물,남,64세,기타불명,승용,남,41세,경상
2020052900100240,2020년 5월 29일 11시,금요일,부산광역시 사하구 하단동,경상사고,0,0,1,0,차대차 - 기타,차로위반,건조,맑음,단일로 - 기타,승용,남,46세,상해없음,승용,남,37세,경상
2020052900100241,2020년 5월 29일 11시,금요일,부산광역시 연제구 연산동,경상사고,0,0,1,0,차량단독 - 기타,안전운전불이행,건조,맑음,교차로 - 교차로부근,승합,남,36세,상해없음,,,,
2020052900100242,2020년 5월 29일 11시,금요일,부산광역시 강서구 명지동,경상사고,0,0,1,0,차대차 - 정면충돌,안전운전불이행,건조,맑음,단일로 - 기타,승용,여,23세,상해없음,승용,여,43세,경상
2020052900100276,2020년 5월 29일 12시,금요일,부산광역시 동래구 안락동,경상사고,0,0,1,0,차량단독 - 기타,안전운전불이행,건조,맑음,단일로 - 기타,승합,남,38세,상해없음,,,,
2020052900100306,2020년 5월 29일 13시,금요일,부산광역시 서구 초장동,경상사고,0,0,1,0,차대사람 - 기타,안전운전불이행,건조,맑음,단일로 - 기타,화물,여,56세,상해없음,보행자,남,47세,경상
2020052900100307,2020년 5월 29일 13시,금요일,부산광역시 해운대구 우동,중상사고,0,1,0,0,차대사람 - 기타,안전운전불이행,건조,맑음,단일로 - 교량,승용,남,55세,상해없음,보행자,남,69세,중상
2020052900100308,2020년 5월 29일 13시,금요일,부산광역시 사상구 감전동,경상사고,0,0,1,0,차대사람 - 기타,안전운전불이행,건조,맑음,기타 - 기타,화물,남,56세,기타불명,보행자,여,54세,경상
2020052900100341,2020년 5월 29일 14시,금요일,부산광역시 연제구 거제동,경상사고,0,0,1,0,차대사람 - 횡단중,보행자보호의무위반,건조,맑음,단일로 - 기타,승용,여,39세,상해없음,보행자,여,56세,경상
2020052900100375,2020년 5월 29일 15시,금요일,부산광역시 서구 서대신동3가,경상사고,0,0,2,0,차대차 - 측면충돌,교차로운행방법위반,건조,맑음,교차로 - 교차로안,승용,남,83세,상해없음,승용,여,40세,경상
2020052900100376,2020년 5월 29일 15시,금요일,부산광역시 남구 용당동,경상사고,0,0,1,0,차대차 - 추돌,안전거리미확보,건조,맑음,교차로 - 교차로부근,특수,남,56세,상해없음,승용,여,28세,경상
2020052900100377,2020년 5월 29일 15시,금요일,부산광역시 사하구 당리동,경상사고,0,0,1,0,차대차 - 기타,안전운전불이행,건조,맑음,교차로 - 교차로부근,화물,남,37세,상해없음,이륜,남,73세,경상
2020052900100423,2020년 5월 29일 16시,금요일,부산광역시 수영구 남천동,경상사고,0,0,1,0,차대사람 - 기타,안전운전불이행,건조,맑음,단일로 - 기타,승용,여,40세,상해없음,보행자,여,13세,경상
2020052900100424,2020년 5월 29일 16시,금요일,부산광역시 부산진구 당감동,경상사고,0,0,2,0,차대차 - 기타,신호위반,건조,맑음,교차로 - 교차로안,승용,남,54세,상해없음,화물,남,55세,경상
2020052900100425,2020년 5월 29일 16시,금요일,부산광역시 사상구 삼락동,경상사고,0,0,1,0,차대차 - 측면충돌,안전거리미확보,건조,맑음,단일로 - 기타,화물,남,25세,상해없음,승용,여,61세,경상
2020052900100474,2020년 5월 29일 17시,금요일,부산광역시 중구 중앙동3가,중상사고,0,1,0,0,차대차 - 기타,안전운전불이행,건조,맑음,단일로 - 기타,승용,남,62세,상해없음,이륜,남,31세,중상
2020052900100476,2020년 5월 29일 17시,금요일,부산광역시 사하구 신평동,경상사고,0,0,1,0,차대차 - 측면충돌,안전운전불이행,건조,맑음,단일로 - 기타,화물,남,57세,상해없음,승용,남,59세,경상
2020052900100477,2020년 5월 29일 17시,금요일,부산광역시 강서구 대저2동,경상사고,0,0,1,0,차대차 - 측면충돌,교차로운행방법위반,건조,맑음,교차로 - 교차로안,화물,남,45세,기타불명,승용,남,46세,경상
2020052900100530,2020년 5월 29일 18시,금요일,부산광역시 남구 대연동,중상사고,0,1,0,0,차대차 - 기타,안전운전불이행,건조,맑음,단일로 - 기타,승용,남,35세,상해없음,이륜,남,18세,중상
2020052900100531,2020년 5월 29일 18시,금요일,부산광역시 연제구 연산동,경상사고,0,0,1,0,차대사람 - 차도통행중,교차로운행방법위반,건조,맑음,교차로 - 교차로안,화물,남,58세,상해없음,보행자,여,61세,경상
2020052900100576,2020년 5월 29일 19시,금요일,부산광역시 금정구 구서동,경상사고,0,0,1,0,차대차 - 후진중충돌,안전운전불이행,건조,맑음,교차로 - 교차로안,승용,여,49세,상해없음,승용,남,52세,경상
2020052900100616,2020년 5월 29일 20시,금요일,부산광역시 동구 초량동,중상사고,0,1,0,0,차대사람 - 횡단중,보행자보호의무위반,건조,맑음,단일로 - 기타,이륜,남,17세,상해없음,보행자,남,65세,중상
2020052900100617,2020년 5월 29일 20시,금요일,부산광역시 동래구 사직동,경상사고,0,0,2,0,차대차 - 측면충돌,교차로운행방법위반,건조,맑음,교차로 - 교차로안,이륜,남,47세,경상,이륜,남,47세,경상
2020052900100618,2020년 5월 29일 20시,금요일,부산광역시 해운대구 우동,경상사고,0,0,1,0,차대차 - 측면충돌,교차로운행방법위반,건조,맑음,교차로 - 교차로안,승용,남,49세,상해없음,이륜,남,19세,경상
2020052900100620,2020년 5월 29일 20시,금요일,부산광역시 부산진구 부암동,경상사고,0,0,1,0,차대사람 - 기타,보행자보호의무위반,건조,맑음,교차로 - 교차로부근,승용,남,70세,상해없음,보행자,남,17세,경상
2020052900100621,2020년 5월 29일 20시,금요일,부산광역시 부산진구 부암동,중상사고,0,1,0,0,차대사람 - 횡단중,보행자보호의무위반,건조,맑음,교차로 - 교차로부근,승용,남,50세,상해없음,보행자,여,61세,중상
2020052900100664,2020년 5월 29일 21시,금요일,부산광역시 사상구 삼락동,중상사고,0,1,0,0,차대사람 - 횡단중,보행자보호의무위반,건조,맑음,단일로 - 기타,승용,남,57세,상해없음,보행자,여,56세,중상
2020052900100731,2020년 5월 29일 23시,금요일,부산광역시 수영구 민락동,중상사고,0,1,2,0,차대차 - 측면충돌,안전운전불이행,건조,맑음,교차로 - 교차로안,승용,남,42세,상해없음,승용,남,60세,경상
2020052900100732,2020년 5월 29일 23시,금요일,부산광역시 부산진구 전포동,중상사고,0,1,0,0,차대사람 - 기타,보행자보호의무위반,건조,맑음,교차로 - 교차로횡단보도내,승용,남,28세,상해없음,보행자,여,24세,중상
2020053000100022,2020년 5월 30일 01시,토요일,부산광역시 해운대구 우동,경상사고,0,0,1,0,차대차 - 측면충돌,차로위반,건조,맑음,교차로 - 교차로안,승용,남,31세,상해없음,승용,남,37세,경상
2020053000100023,2020년 5월 30일 01시,토요일,부산광역시 사상구 모라동,경상사고,0,0,2,0,차대차 - 기타,신호위반,건조,맑음,교차로 - 교차로안,승용,남,61세,상해없음,승용,남,68세,경상
2020053000100064,2020년 5월 30일 04시,토요일,부산광역시 남구 용호동,경상사고,0,0,1,0,차대차 - 기타,안전운전불이행,건조,맑음,주차장 - 주차장,화물,남,53세,상해없음,승용,남,40세,경상
2020053000100080,2020년 5월 30일 06시,토요일,부산광역시 북구 구포동,중상사고,0,1,0,0,차대차 - 추돌,과속,건조,맑음,단일로 - 기타,화물,남,31세,상해없음,승용,여,65세,중상
2020053000100081,2020년 5월 30일 06시,토요일,부산광역시 수영구 망미동,경상사고,0,0,1,0,차량단독 - 기타,안전운전불이행,건조,맑음,교차로 - 교차로부근,원동기,남,18세,경상,,,,
2020053000100137,2020년 5월 30일 09시,토요일,부산광역시 남구 문현동,중상사고,0,1,5,0,차대차 - 정면충돌,중앙선침범,건조,맑음,단일로 - 기타,승용,남,35세,기타불명,승용,남,64세,경상
2020053000100138,2020년 5월 30일 09시,토요일,부산광역시 부산진구 전포동,경상사고,0,0,1,0,차대차 - 추돌,교차로운행방법위반,건조,맑음,교차로 - 교차로안,승용,여,40세,상해없음,승용,남,29세,경상
2020053000100139,2020년 5월 30일 09시,토요일,부산광역시 금정구 구서동,경상사고,0,0,1,0,차대차 - 측면충돌,안전거리미확보,건조,맑음,단일로 - 기타,승용,남,55세,상해없음,승용,남,31세,경상
2020053000100140,2020년 5월 30일 09시,토요일,부산광역시 기장군 정관읍,중상사고,0,1,2,0,차량단독 - 기타,안전운전불이행,건조,맑음,단일로 - 기타,승합,남,58세,상해없음,,,,
2020053000100173,2020년 5월 30일 10시,토요일,부산광역시 사상구 주례동,부상신고사고,0,0,0,1,차대사람 - 기타,안전운전불이행,건조,맑음,기타 - 기타,승용,남,48세,상해없음,보행자,여,5세,부상신고
2020053000100208,2020년 5월 30일 11시,토요일,부산광역시 기장군 장안읍,부상신고사고,0,0,0,2,차대차 - 추돌,안전운전불이행,건조,맑음,교차로 - 교차로부근,승용,여,42세,상해없음,승용,남,41세,부상신고
2020053000100253,2020년 5월 30일 12시,토요일,부산광역시 남구 대연동,경상사고,0,0,1,0,차대사람 - 기타,불법유턴,건조,맑음,단일로 - 기타,승용,남,28세,상해없음,보행자,남,53세,경상
2020053000100254,2020년 5월 30일 12시,토요일,부산광역시 남구 용당동,중상사고,0,1,0,0,차대차 - 기타,안전운전불이행,건조,맑음,단일로 - 기타,원동기,남,23세,중상,승용,여,38세,상해없음
2020053000100255,2020년 5월 30일 12시,토요일,부산광역시 금정구 금사동,중상사고,0,1,0,0,차대차 - 측면충돌,신호위반,건조,맑음,교차로 - 교차로안,화물,남,62세,상해없음,이륜,남,49세,중상
2020053000100305,2020년 5월 30일 13시,토요일,부산광역시 남구 대연동,중상사고,0,1,0,0,차대차 - 측면충돌,안전운전불이행,건조,맑음,단일로 - 기타,승용,여,40세,상해없음,원동기,남,39세,중상
2020053000100306,2020년 5월 30일 13시,토요일,부산광역시 남구 용당동,경상사고,0,0,2,0,차대차 - 추돌,안전거리미확보,건조,맑음,교차로 - 교차로부근,승용,남,35세,상해없음,승용,여,46세,경상
2020053000100308,2020년 5월 30일 13시,토요일,부산광역시 해운대구 재송동,중상사고,0,1,0,0,차대사람 - 횡단중,안전운전불이행,건조,맑음,단일로 - 기타,승용,남,55세,상해없음,보행자,남,63세,중상
2020053000100350,2020년 5월 30일 14시,토요일,부산광역시 동구 수정동,중상사고,0,1,0,0,차대사람 - 횡단중,안전운전불이행,건조,맑음,단일로 - 기타,승용,남,78세,상해없음,보행자,여,69세,중상
2020053000100351,2020년 5월 30일 14시,토요일,부산광역시 북구 만덕동,경상사고,0,0,1,0,차대차 - 측면충돌,안전운전불이행,건조,맑음,단일로 - 지하차도(도로)내,승용,여,65세,경상,승용,남,38세,상해없음
2020053000100353,2020년 5월 30일 14시,토요일,부산광역시 금정구 장전동,경상사고,0,0,2,0,차대차 - 추돌,안전운전불이행,건조,맑음,교차로 - 교차로안,승용,남,71세,상해없음,승용,여,45세,경상
2020053000100354,2020년 5월 30일 14시,토요일,부산광역시 사하구 다대동,중상사고,0,1,0,0,차대차 - 측면충돌,안전운전불이행,건조,맑음,단일로 - 기타,승용,여,49세,상해없음,자전거,남,60세,중상
2020053000100355,2020년 5월 30일 14시,토요일,부산광역시 강서구 송정동,중상사고,0,1,0,0,차대차 - 기타,안전운전불이행,건조,맑음,단일로 - 기타,기타불명,기타불명,미분류,기타불명,이륜,남,31세,중상
2020053000100356,2020년 5월 30일 14시,토요일,부산광역시 기장군 철마면,중상사고,0,3,0,2,차대차 - 측면충돌,중앙선침범,건조,맑음,교차로 - 교차로안,승용,남,73세,상해없음,승용,남,26세,중상
2020053000100393,2020년 5월 30일 15시,토요일,부산광역시 영도구 동삼동,중상사고,0,1,0,0,차대사람 - 횡단중,중앙선침범,건조,맑음,단일로 - 기타,화물,남,35세,상해없음,보행자,여,75세,중상
2020053000100394,2020년 5월 30일 15시,토요일,부산광역시 해운대구 재송동,경상사고,0,0,1,0,차대차 - 기타,안전운전불이행,건조,맑음,단일로 - 기타,이륜,남,26세,상해없음,이륜,남,31세,경상
2020053000100424,2020년 5월 30일 16시,토요일,부산광역시 동구 초량동,경상사고,0,0,4,0,차대차 - 기타,안전운전불이행,건조,맑음,단일로 - 기타,화물,남,60세,상해없음,승용,남,43세,경상
2020053000100425,2020년 5월 30일 16시,토요일,부산광역시 해운대구 좌동,중상사고,0,1,0,0,차대차 - 측면충돌,안전거리미확보,건조,흐림,단일로 - 기타,승용,남,50세,상해없음,승용,남,57세,중상
2020053000100426,2020년 5월 30일 16시,토요일,부산광역시 부산진구 가야동,경상사고,0,0,1,0,차대차 - 기타,안전운전불이행,건조,맑음,교차로 - 교차로안,화물,남,66세,상해없음,이륜,남,22세,상해없음
2020053000100473,2020년 5월 30일 17시,토요일,부산광역시 수영구 광안동,경상사고,0,0,1,0,차대차 - 측면충돌,안전운전불이행,건조,맑음,단일로 - 기타,승용,여,24세,상해없음,승용,여,41세,경상
2020053000100474,2020년 5월 30일 17시,토요일,부산광역시 동래구 안락동,경상사고,0,0,2,0,차대차 - 기타,안전운전불이행,건조,맑음,교차로 - 교차로횡단보도내,승용,남,47세,상해없음,승용,여,37세,경상
2020053000100475,2020년 5월 30일 17시,토요일,부산광역시 사상구 주례동,경상사고,0,0,1,0,차대차 - 측면충돌,안전운전불이행,건조,맑음,단일로 - 기타,승용,여,50세,상해없음,이륜,여,28세,경상
2020053000100540,2020년 5월 30일 19시,토요일,부산광역시 해운대구 송정동,경상사고,0,0,3,0,차대차 - 측면충돌,안전운전불이행,건조,맑음,단일로 - 기타,승용,남,59세,기타불명,승용,남,35세,경상
2020053000100567,2020년 5월 30일 20시,토요일,부산광역시 북구 화명동,경상사고,0,0,1,0,차대차 - 기타,안전운전불이행,건조,맑음,단일로 - 기타,승용,남,46세,상해없음,이륜,여,61세,경상
2020053000100568,2020년 5월 30일 20시,토요일,부산광역시 북구 덕천동,중상사고,0,1,0,0,차대사람 - 기타,안전운전불이행,건조,맑음,단일로 - 지하차도(도로)내,승용,남,68세,상해없음,보행자,남,68세,중상
2020053000100591,2020년 5월 30일 21시,토요일,부산광역시 동구 수정동,부상신고사고,0,0,0,1,차대차 - 기타,안전운전불이행,건조,맑음,단일로 - 기타,승용,남,30세,상해없음,승합,남,58세,상해없음
2020053000100592,2020년 5월 30일 21시,토요일,부산광역시 부산진구 부전동,경상사고,0,0,1,0,차대차 - 측면충돌,교차로운행방법위반,건조,맑음,교차로 - 교차로안,원동기,남,39세,상해없음,원동기,남,24세,경상
2020053100100005,2020년 5월 31일 00시,일요일,부산광역시 연제구 연산동,경상사고,0,0,1,0,차대사람 - 차도통행중,안전운전불이행,건조,맑음,교차로 - 교차로부근,승용,남,63세,상해없음,보행자,남,37세,경상
2020053100100006,2020년 5월 31일 00시,일요일,부산광역시 강서구 명지동,중상사고,0,1,0,0,차대차 - 측면충돌,안전운전불이행,건조,맑음,단일로 - 기타,이륜,남,25세,상해없음,이륜,남,18세,중상
2020053100100017,2020년 5월 31일 01시,일요일,부산광역시 수영구 광안동,경상사고,0,0,1,0,차대차 - 기타,중앙선침범,건조,맑음,단일로 - 기타,승용,남,60세,상해없음,이륜,남,33세,경상
2020053100100018,2020년 5월 31일 01시,일요일,부산광역시 연제구 연산동,경상사고,0,0,1,0,차대차 - 정면충돌,안전운전불이행,건조,맑음,교차로 - 교차로안,승용,남,61세,상해없음,원동기,남,37세,경상
2020053100100038,2020년 5월 31일 03시,일요일,부산광역시 사하구 감천동,중상사고,0,1,1,0,차대차 - 기타,신호위반,건조,맑음,교차로 - 교차로안,승용,남,51세,상해없음,승합,남,55세,경상
2020053100100054,2020년 5월 31일 04시,일요일,부산광역시 해운대구 우동,경상사고,0,0,2,0,차대차 - 측면충돌,안전운전불이행,건조,맑음,단일로 - 기타,승용,남,25세,상해없음,승용,남,63세,경상
2020053100100065,2020년 5월 31일 06시,일요일,부산광역시 남구 우암동,경상사고,0,0,1,0,차대차 - 추돌,중앙선침범,건조,맑음,단일로 - 기타,승용,남,61세,상해없음,자전거,남,59세,경상
2020053100100103,2020년 5월 31일 10시,일요일,부산광역시 서구 부민동1가,중상사고,0,1,1,0,차대차 - 측면충돌,신호위반,건조,맑음,단일로 - 기타,화물,남,68세,상해없음,승용,남,45세,경상
2020053100100104,2020년 5월 31일 10시,일요일,부산광역시 영도구 동삼동,경상사고,0,0,1,0,차대사람 - 횡단중,신호위반,건조,맑음,단일로 - 기타,화물,남,67세,상해없음,보행자,여,64세,경상
2020053100100105,2020년 5월 31일 10시,일요일,부산광역시 사하구 하단동,중상사고,0,2,1,0,차대차 - 측면충돌,안전거리미확보,건조,맑음,단일로 - 기타,승용,남,40세,경상,승용,여,57세,중상
2020053100100127,2020년 5월 31일 11시,일요일,부산광역시 수영구 광안동,경상사고,0,0,1,0,차대차 - 기타,안전운전불이행,건조,맑음,교차로 - 교차로부근,이륜,남,60세,기타불명,자전거,남,63세,경상
2020053100100156,2020년 5월 31일 12시,일요일,부산광역시 중구 대청동3가,경상사고,0,0,1,0,차대차 - 측면충돌,차로위반,건조,맑음,교차로 - 교차로부근,승용,남,33세,상해없음,이륜,남,25세,경상
2020053100100157,2020년 5월 31일 12시,일요일,부산광역시 해운대구 중동,경상사고,0,0,1,0,차대차 - 측면충돌,안전거리미확보,건조,맑음,교차로 - 교차로안,이륜,남,28세,경상,승용,남,62세,상해없음
2020053100100158,2020년 5월 31일 12시,일요일,부산광역시 금정구 부곡동,경상사고,0,0,1,0,차대차 - 기타,교차로운행방법위반,건조,맑음,교차로 - 교차로안,승용,남,73세,상해없음,승용,남,33세,경상
2020053100100188,2020년 5월 31일 13시,일요일,부산광역시 해운대구 중동,경상사고,0,0,1,0,차대사람 - 기타,안전운전불이행,건조,맑음,교차로 - 교차로안,승용,남,41세,상해없음,보행자,여,73세,경상
2020053100100189,2020년 5월 31일 13시,일요일,부산광역시 사하구 구평동,경상사고,0,0,1,0,차대차 - 기타,안전운전불이행,건조,맑음,단일로 - 지하차도(도로)내,이륜,남,39세,경상,승용,남,43세,상해없음
2020053100100221,2020년 5월 31일 14시,일요일,부산광역시 동구 초량동,중상사고,0,1,0,0,차대사람 - 차도통행중,안전운전불이행,건조,맑음,단일로 - 기타,승용,여,45세,상해없음,보행자,여,64세,중상
2020053100100251,2020년 5월 31일 15시,일요일,부산광역시 해운대구 중동,경상사고,0,0,1,0,차대차 - 기타,안전운전불이행,건조,맑음,교차로 - 교차로부근,승용,남,24세,상해없음,이륜,남,48세,경상
2020053100100285,2020년 5월 31일 16시,일요일,부산광역시 사하구 신평동,경상사고,0,0,1,0,차대사람 - 기타,안전운전불이행,건조,맑음,기타 - 기타,승용,남,59세,상해없음,보행자,남,47세,경상
2020053100100286,2020년 5월 31일 16시,일요일,부산광역시 사상구 학장동,경상사고,0,0,1,0,차대차 - 기타,안전운전불이행,건조,맑음,교차로 - 교차로안,승용,남,28세,상해없음,승용,남,63세,상해없음
2020053100100318,2020년 5월 31일 17시,일요일,부산광역시 남구 문현동,경상사고,0,0,1,0,차대차 - 측면충돌,안전운전불이행,건조,흐림,교차로 - 교차로부근,승용,남,49세,상해없음,자전거,남,29세,경상
2020053100100354,2020년 5월 31일 18시,일요일,부산광역시 동래구 온천동,경상사고,0,0,1,0,차대차 - 기타,안전운전불이행,건조,맑음,단일로 - 기타,이륜,남,24세,상해없음,승합,남,51세,상해없음
2020053100100355,2020년 5월 31일 18시,일요일,부산광역시 해운대구 중동,경상사고,0,0,3,1,차대차 - 측면충돌,안전운전불이행,젖음/습기,비,교차로 - 교차로안,승용,남,32세,기타불명,승용,남,34세,경상
2020053100100356,2020년 5월 31일 18시,일요일,부산광역시 부산진구 부암동,경상사고,0,0,1,0,차대사람 - 횡단중,보행자보호의무위반,건조,맑음,교차로 - 교차로안,화물,남,52세,상해없음,보행자,남,64세,경상
2020053100100357,2020년 5월 31일 18시,일요일,부산광역시 금정구 부곡동,경상사고,0,0,1,0,차대사람 - 보도통행중,안전운전불이행,건조,맑음,교차로 - 교차로안,승용,여,27세,상해없음,보행자,여,25세,경상
2020053100100358,2020년 5월 31일 18시,일요일,부산광역시 금정구 부곡동,경상사고,0,0,1,0,차대차 - 측면충돌,교차로운행방법위반,건조,맑음,교차로 - 교차로안,이륜,남,49세,상해없음,이륜,남,29세,경상
2020053100100385,2020년 5월 31일 19시,일요일,부산광역시 중구 중앙동4가,경상사고,0,0,5,0,차대차 - 정면충돌,신호위반,건조,맑음,교차로 - 교차로안,승용,여,24세,상해없음,승용,남,61세,경상
2020053100100434,2020년 5월 31일 21시,일요일,부산광역시 동래구 사직동,경상사고,0,0,1,0,차대차 - 기타,차로위반,건조,맑음,단일로 - 기타,승용,남,32세,상해없음,승용,남,29세,경상
2020053100100435,2020년 5월 31일 21시,일요일,부산광역시 연제구 연산동,중상사고,0,1,1,0,차대차 - 추돌,안전운전불이행,건조,맑음,교차로 - 교차로안,승용,남,58세,상해없음,이륜,남,23세,중상
2020053100100460,2020년 5월 31일 22시,일요일,부산광역시 서구 동대신동2가,부상신고사고,0,0,0,1,차대차 - 측면충돌,직진우회전진행방해,건조,맑음,교차로 - 교차로안,승용,남,52세,상해없음,승용,남,20세,부상신고
2020060100100050,2020년 6월 1일 06시,월요일,부산광역시 북구 구포동,경상사고,0,0,1,0,차대차 - 기타,안전운전불이행,건조,맑음,단일로 - 기타,승용,남,43세,상해없음,승용,남,27세,경상
2020060100100051,2020년 6월 1일 06시,월요일,부산광역시 해운대구 재송동,경상사고,0,0,1,0,차대차 - 추돌,안전운전불이행,건조,맑음,단일로 - 기타,승용,남,34세,상해없음,특수,남,52세,경상
2020060100100052,2020년 6월 1일 06시,월요일,부산광역시 연제구 연산동,경상사고,0,0,1,0,차대차 - 측면충돌,기타,건조,맑음,기타 - 기타,승용,남,35세,상해없음,자전거,남,33세,경상
2020060100100061,2020년 6월 1일 07시,월요일,부산광역시 기장군 장안읍,중상사고,0,1,0,0,차대차 - 측면충돌,신호위반,건조,맑음,교차로 - 교차로안,승용,여,42세,상해없음,원동기,남,25세,중상
2020060100100160,2020년 6월 1일 10시,월요일,부산광역시 중구 중앙동4가,경상사고,0,0,1,0,차대차 - 측면충돌,신호위반,건조,맑음,교차로 - 교차로안,승용,남,48세,상해없음,승용,남,40세,경상
2020060100100161,2020년 6월 1일 10시,월요일,부산광역시 북구 덕천동,경상사고,0,0,1,0,차대차 - 기타,안전운전불이행,건조,맑음,단일로 - 기타,승합,남,51세,상해없음,승용,남,22세,경상