사고번호,사고일시,요일,시군구,사고내용,사망자수,중상자수,경상자수,부상신고자수,사고유형,법규위반,노면상태,기상상태,도로형태,가해운전자 차종,가해운전자 성별,가해운전자 연령,가해운전자 상해정도,피해운전자 차종,피해운전자 성별,피해운전자 연령,피해운전자 상해정도
2020060100100206,2020년 6월 1일 11시,월요일,부산광역시 연제구 연산동,경상사고,0,0,1,0,차대차 - 기타,신호위반,건조,맑음,교차로 - 교차로안,승용,여,75세,상해없음,승용,여,57세,경상
2020060100100237,2020년 6월 1일 12시,월요일,부산광역시 해운대구 반여동,중상사고,0,1,0,0,차대차 - 측면충돌,안전거리미확보,건조,맑음,단일로 - 교량,이륜,남,41세,중상,승용,여,46세,상해없음
2020060100100290,2020년 6월 1일 13시,월요일,부산광역시 동래구 온천동,경상사고,0,0,1,0,차량단독 - 기타,안전운전불이행,건조,맑음,교차로 - 교차로안,승합,남,55세,상해없음,,,,
2020060100100291,2020년 6월 1일 13시,월요일,부산광역시 영도구 영선동1가,경상사고,0,0,1,0,차대차 - 측면충돌,교차로운행방법위반,건조,맑음,교차로 - 교차로안,이륜,남,48세,경상,승용,남,49세,상해없음
2020060100100292,2020년 6월 1일 13시,월요일,부산광역시 수영구 수영동,부상신고사고,0,0,0,1,차대차 - 측면충돌,교차로운행방법위반,건조,맑음,교차로 - 교차로안,승용,남,65세,상해없음,화물,남,28세,부상신고
2020060100100293,2020년 6월 1일 13시,월요일,부산광역시 사상구 괘법동,중상사고,0,1,0,0,차대사람 - 횡단중,안전운전불이행,건조,맑음,교차로 - 교차로부근,승용,남,47세,상해없음,보행자,여,38세,중상
2020060100100336,2020년 6월 1일 14시,월요일,부산광역시 강서구 화전동,중상사고,0,1,0,0,차대사람 - 기타,안전운전불이행,건조,맑음,교차로 - 교차로부근,승용,남,42세,상해없음,보행자,여,47세,중상
2020060100100337,2020년 6월 1일 14시,월요일,부산광역시 사상구 감전동,경상사고,0,0,1,0,차대차 - 기타,안전운전불이행,건조,맑음,교차로 - 교차로안,승용,남,61세,상해없음,이륜,남,42세,경상
2020060100100378,2020년 6월 1일 15시,월요일,부산광역시 금정구 장전동,중상사고,0,1,0,0,차대차 - 기타,안전운전불이행,건조,맑음,교차로 - 교차로안,승용,남,65세,상해없음,이륜,남,25세,중상
2020060100100379,2020년 6월 1일 15시,월요일,부산광역시 금정구 노포동,경상사고,0,0,2,0,차대차 - 추돌,차로위반,건조,맑음,단일로 - 기타,승합,남,23세,상해없음,승용,남,42세,경상
2020060100100380,2020년 6월 1일 15시,월요일,부산광역시 금정구 구서동,중상사고,0,1,0,0,차대차 - 기타,안전운전불이행,건조,맑음,교차로 - 교차로부근,승용,남,24세,상해없음,승용,남,48세,중상
2020060100100381,2020년 6월 1일 15시,월요일,부산광역시 기장군 기장읍,경상사고,0,0,1,0,차대사람 - 횡단중,보행자보호의무위반,건조,맑음,교차로 - 교차로안,승용,여,37세,상해없음,보행자,남,8세,경상
2020060100100382,2020년 6월 1일 15시,월요일,부산광역시 기장군 정관읍,경상사고,0,0,1,0,차대차 - 측면충돌,신호위반,건조,맑음,교차로 - 교차로안,승용,남,40세,상해없음,승용,남,39세,경상
2020060100100437,2020년 6월 1일 16시,월요일,부산광역시 동래구 안락동,경상사고,0,0,1,0,차대차 - 측면충돌,안전거리미확보,건조,맑음,단일로 - 기타,승용,남,30세,상해없음,승용,남,51세,경상
2020060100100438,2020년 6월 1일 16시,월요일,부산광역시 금정구 부곡동,경상사고,0,0,2,0,차대차 - 기타,안전운전불이행,건조,맑음,단일로 - 기타,이륜,남,17세,경상,이륜,여,32세,경상
2020060100100439,2020년 6월 1일 16시,월요일,부산광역시 사하구 신평동,경상사고,0,0,1,0,차대차 - 측면충돌,안전운전불이행,건조,맑음,교차로 - 교차로안,승용,남,59세,상해없음,승용,여,24세,경상
2020060100100440,2020년 6월 1일 16시,월요일,부산광역시 기장군 기장읍,경상사고,0,0,1,0,차대사람 - 횡단중,보행자보호의무위반,건조,맑음,단일로 - 기타,승용,남,59세,상해없음,보행자,남,50세,경상
2020060100100484,2020년 6월 1일 17시,월요일,부산광역시 중구 영주동,경상사고,0,0,1,0,차대차 - 기타,안전운전불이행,건조,맑음,단일로 - 기타,승용,남,48세,상해없음,이륜,남,56세,경상
2020060100100485,2020년 6월 1일 17시,월요일,부산광역시 북구 구포동,중상사고,0,1,1,0,차대차 - 기타,직진우회전진행방해,건조,맑음,교차로 - 교차로안,승용,여,55세,경상,승용,남,56세,중상
2020060100100486,2020년 6월 1일 17시,월요일,부산광역시 금정구 구서동,경상사고,0,0,1,0,차대차 - 기타,안전운전불이행,건조,맑음,교차로 - 교차로부근,승용,남,55세,상해없음,이륜,남,23세,경상
2020060100100487,2020년 6월 1일 17시,월요일,부산광역시 사하구 다대동,중상사고,0,1,0,0,차대사람 - 차도통행중,안전운전불이행,건조,맑음,단일로 - 기타,화물,남,59세,상해없음,보행자,남,78세,중상
2020060100100488,2020년 6월 1일 17시,월요일,부산광역시 사하구 하단동,중상사고,0,1,0,0,차대차 - 기타,중앙선침범,건조,맑음,교차로 - 교차로안,이륜,남,47세,중상,승용,남,55세,상해없음
2020060100100547,2020년 6월 1일 18시,월요일,부산광역시 동래구 온천동,경상사고,0,0,1,0,차대차 - 추돌,안전운전불이행,건조,맑음,단일로 - 기타,승용,남,61세,상해없음,승용,여,32세,경상
2020060100100548,2020년 6월 1일 18시,월요일,부산광역시 동래구 명륜동,경상사고,0,0,1,0,차대차 - 기타,안전거리미확보,건조,맑음,단일로 - 기타,승용,남,85세,상해없음,승용,남,48세,경상
2020060100100640,2020년 6월 1일 20시,월요일,부산광역시 금정구 청룡동,경상사고,0,0,3,0,차대차 - 추돌,안전운전불이행,건조,맑음,단일로 - 기타,승용,남,24세,상해없음,승용,남,22세,경상
2020060100100663,2020년 6월 1일 21시,월요일,부산광역시 수영구 광안동,경상사고,0,0,1,0,차대차 - 기타,안전운전불이행,건조,맑음,기타 - 기타,승용,여,25세,상해없음,이륜,남,39세,경상
2020060100100693,2020년 6월 1일 22시,월요일,부산광역시 동구 수정동,경상사고,0,0,2,0,차량단독 - 공작물충돌,안전운전불이행,건조,맑음,단일로 - 기타,승합,남,70세,상해없음,,,,
2020060100100723,2020년 6월 1일 23시,월요일,부산광역시 사하구 다대동,경상사고,0,0,1,0,차대차 - 추돌,안전운전불이행,건조,맑음,단일로 - 기타,승용,남,54세,상해없음,승용,남,71세,경상
2020060100100724,2020년 6월 1일 23시,월요일,부산광역시 연제구 연산동,경상사고,0,0,1,0,차대사람 - 기타,기타,건조,맑음,단일로 - 기타,승용,여,46세,상해없음,보행자,여,20세,경상
2020060200100018,2020년 6월 2일 02시,화요일,부산광역시 서구 암남동,중상사고,0,1,0,0,차량단독 - 전도전복 - 전도,안전운전불이행,건조,맑음,교차로 - 교차로부근,이륜,남,21세,중상,,,,
2020060200100052,2020년 6월 2일 07시,화요일,부산광역시 서구 암남동,중상사고,0,1,0,0,차대차 - 측면충돌,신호위반,건조,맑음,교차로 - 교차로안,승합,남,58세,상해없음,승용,남,56세,중상
2020060200100078,2020년 6월 2일 08시,화요일,부산광역시 수영구 광안동,경상사고,0,0,1,0,차대사람 - 기타,기타,건조,맑음,단일로 - 기타,승합,남,52세,상해없음,보행자,여,61세,경상
2020060200100079,2020년 6월 2일 08시,화요일,부산광역시 금정구 부곡동,중상사고,0,1,0,0,차대사람 - 기타,안전운전불이행,건조,맑음,교차로 - 교차로안,승용,남,60세,상해없음,보행자,남,68세,중상
2020060200100080,2020년 6월 2일 08시,화요일,부산광역시 사하구 장림동,중상사고,0,1,0,0,차대사람 - 기타,안전운전불이행,건조,맑음,교차로 - 교차로부근,승용,남,47세,상해없음,보행자,여,42세,중상
2020060200100081,2020년 6월 2일 08시,화요일,부산광역시 사상구 괘법동,경상사고,0,0,1,0,차대차 - 측면충돌,안전운전불이행,건조,맑음,교차로 - 교차로부근,승용,남,61세,상해없음,승용,여,37세,경상
2020060200100158,2020년 6월 2일 10시,화요일,부산광역시 강서구 명지동,경상사고,0,0,1,0,차대차 - 기타,교차로운행방법위반,건조,맑음,교차로 - 교차로안,승용,여,58세,상해없음,승용,여,61세,경상
2020060200100193,2020년 6월 2일 11시,화요일,부산광역시 동래구 수안동,경상사고,0,0,1,0,차대사람 - 기타,안전운전불이행,건조,맑음,단일로 - 기타,이륜,남,30세,상해없음,보행자,여,53세,경상
2020060200100194,2020년 6월 2일 11시,화요일,부산광역시 사상구 엄궁동,경상사고,0,0,1,0,차대차 - 기타,교차로운행방법위반,건조,맑음,교차로 - 교차로안,승용,남,57세,상해없음,화물,남,29세,경상
2020060200100239,2020년 6월 2일 12시,화요일,부산광역시 서구 암남동,중상사고,0,1,2,0,차대차 - 기타,안전운전불이행,건조,맑음,단일로 - 기타,승용,남,85세,상해없음,화물,남,60세,기타불명
2020060200100240,2020년 6월 2일 12시,화요일,부산광역시 남구 대연동,경상사고,0,0,2,0,차대차 - 추돌,안전거리미확보,건조,맑음,교차로 - 교차로부근,특수,남,50세,상해없음,승용,남,68세,경상
2020060200100241,2020년 6월 2일 12시,화요일,부산광역시 해운대구 석대동,경상사고,0,0,1,0,차대차 - 측면충돌,신호위반,건조,맑음,교차로 - 교차로안,승용,남,62세,상해없음,화물,남,37세,경상
2020060200100281,2020년 6월 2일 13시,화요일,부산광역시 서구 초장동,중상사고,0,1,1,0,차대차 - 측면충돌,안전운전불이행,건조,맑음,교차로 - 교차로부근,이륜,남,42세,중상,이륜,남,37세,경상
2020060200100282,2020년 6월 2일 13시,화요일,부산광역시 서구 서대신동3가,경상사고,0,0,2,0,차대차 - 측면충돌,안전운전불이행,건조,맑음,단일로 - 기타,승합,남,29세,상해없음,화물,남,41세,경상
2020060200100283,2020년 6월 2일 13시,화요일,부산광역시 금정구 구서동,경상사고,0,0,1,0,차대차 - 측면충돌,안전운전불이행,건조,맑음,교차로 - 교차로부근,승용,남,64세,상해없음,승용,남,31세,경상
2020060200100322,2020년 6월 2일 14시,화요일,부산광역시 북구 화명동,경상사고,0,0,1,0,차량단독 - 기타,기타,건조,맑음,기타 - 기타,승합,남,39세,상해없음,,,,
2020060200100324,2020년 6월 2일 14시,화요일,부산광역시 금정구 청룡동,중상사고,0,1,0,0,차대사람 - 기타,안전운전불이행,건조,맑음,단일로 - 기타,승용,여,57세,상해없음,보행자,여,39세,중상
2020060200100325,2020년 6월 2일 14시,화요일,부산광역시 연제구 연산동,경상사고,0,0,1,0,차대차 - 측면충돌,교차로운행방법위반,건조,맑음,단일로 - 기타,승합,남,63세,상해없음,승용,남,27세,경상
2020060200100326,2020년 6월 2일 14시,화요일,부산광역시 사상구 학장동,중상사고,0,3,1,0,차대차 - 추돌,안전운전불이행,건조,맑음,단일로 - 기타,화물,남,62세,상해없음,화물,여,71세,중상
2020060200100400,2020년 6월 2일 16시,화요일,부산광역시 수영구 광안동,경상사고,0,0,1,0,차대차 - 측면충돌,안전운전불이행,건조,맑음,교차로 - 교차로안,승용,여,50세,상해없음,승용,남,40세,경상
2020060200100401,2020년 6월 2일 16시,화요일,부산광역시 수영구 광안동,경상사고,0,0,3,0,차대차 - 측면충돌,기타,건조,맑음,교차로 - 교차로안,승용,남,39세,상해없음,승용,여,54세,경상
2020060200100402,2020년 6월 2일 16시,화요일,부산광역시 해운대구 중동,경상사고,0,0,1,0,차대차 - 측면충돌,기타,건조,맑음,교차로 - 교차로안,승용,여,56세,상해없음,자전거,남,15세,경상
2020060200100403,2020년 6월 2일 16시,화요일,부산광역시 부산진구 가야동,중상사고,0,1,0,0,차대사람 - 차도통행중,안전운전불이행,건조,맑음,단일로 - 기타,승용,남,40세,상해없음,보행자,여,71세,중상
2020060200100404,2020년 6월 2일 16시,화요일,부산광역시 금정구 부곡동,중상사고,0,1,0,0,차대사람 - 횡단중,보행자보호의무위반,건조,맑음,교차로 - 교차로횡단보도내,승용,남,64세,상해없음,보행자,여,16세,중상
2020060200100405,2020년 6월 2일 16시,화요일,부산광역시 금정구 부곡동,경상사고,0,0,1,0,차대사람 - 기타,안전운전불이행,건조,맑음,기타 - 기타,화물,남,53세,상해없음,보행자,여,16세,경상
2020060200100406,2020년 6월 2일 16시,화요일,부산광역시 강서구 명지동,경상사고,0,0,1,0,차대차 - 기타,안전운전불이행,건조,맑음,단일로 - 기타,승용,여,37세,상해없음,자전거,남,10세,경상
2020060200100438,2020년 6월 2일 17시,화요일,부산광역시 중구 남포동3가,경상사고,0,0,1,0,차대사람 - 차도통행중,안전운전불이행,건조,맑음,교차로 - 교차로부근,기타불명,기타불명,미분류,기타불명,보행자,남,22세,경상
2020060200100439,2020년 6월 2일 17시,화요일,부산광역시 부산진구 개금동,경상사고,0,0,1,0,차대차 - 기타,신호위반,건조,맑음,교차로 - 교차로부근,이륜,남,37세,경상,화물,남,22세,상해없음
2020060200100472,2020년 6월 2일 18시,화요일,부산광역시 동래구 명장동,경상사고,0,0,1,0,차대차 - 측면충돌,안전운전불이행,건조,맑음,단일로 - 기타,화물,남,54세,상해없음,이륜,남,27세,경상
2020060200100473,2020년 6월 2일 18시,화요일,부산광역시 부산진구 전포동,부상신고사고,0,0,0,1,차대차 - 측면충돌,안전운전불이행,건조,맑음,단일로 - 기타,이륜,남,20세,부상신고,승용,남,48세,상해없음
2020060200100474,2020년 6월 2일 18시,화요일,부산광역시 부산진구 초읍동,중상사고,0,1,0,0,차대사람 - 횡단중,보행자보호의무위반,건조,맑음,교차로 - 교차로횡단보도내,이륜,남,17세,기타불명,보행자,여,47세,중상
2020060200100475,2020년 6월 2일 18시,화요일,부산광역시 금정구 노포동,경상사고,0,0,2,1,차대차 - 기타,안전운전불이행,건조,맑음,단일로 - 기타,이륜,남,35세,부상신고,승용,남,38세,경상
2020060200100476,2020년 6월 2일 18시,화요일,부산광역시 강서구 명지동,경상사고,0,0,1,0,차대차 - 측면충돌,안전운전불이행,건조,맑음,교차로 - 교차로부근,화물,남,70세,상해없음,화물,남,38세,경상
2020060200100477,2020년 6월 2일 18시,화요일,부산광역시 강서구 대저1동,경상사고,0,0,1,0,차대차 - 측면충돌,안전운전불이행,건조,맑음,단일로 - 기타,승용,여,61세,상해없음,화물,남,62세,경상
2020060200100478,2020년 6월 2일 18시,화요일,부산광역시 사상구 감전동,중상사고,0,1,0,0,차대사람 - 기타,신호위반,건조,맑음,단일로 - 기타,승용,여,51세,상해없음,보행자,여,25세,중상
2020060200100511,2020년 6월 2일 19시,화요일,부산광역시 북구 금곡동,경상사고,0,0,2,1,차대차 - 기타,안전운전불이행,건조,맑음,단일로 - 기타,승용,여,64세,부상신고,승용,여,52세,경상
2020060200100512,2020년 6월 2일 19시,화요일,부산광역시 북구 구포동,부상신고사고,0,0,0,1,차대사람 - 기타,안전운전불이행,건조,맑음,단일로 - 기타,자전거,기타불명,미분류,기타불명,보행자,여,72세,부상신고
2020060200100537,2020년 6월 2일 20시,화요일,부산광역시 북구 덕천동,부상신고사고,0,0,0,1,차량단독 - 기타,안전운전불이행,건조,맑음,단일로 - 기타,승합,남,53세,상해없음,,,,
2020060200100563,2020년 6월 2일 21시,화요일,부산광역시 북구 구포동,경상사고,0,0,1,0,차대차 - 측면충돌,안전운전불이행,건조,맑음,교차로 - 교차로부근,화물,남,38세,상해없음,승용,남,44세,경상
2020060200100564,2020년 6월 2일 21시,화요일,부산광역시 부산진구 부전동,경상사고,0,0,1,0,차대차 - 측면충돌,신호위반,건조,맑음,교차로 - 교차로안,승용,여,48세,상해없음,이륜,남,35세,경상
2020060200100584,2020년 6월 2일 22시,화요일,부산광역시 수영구 남천동,경상사고,0,0,1,0,차대차 - 측면충돌,안전운전불이행,건조,맑음,교차로 - 교차로안,승용,남,38세,상해없음,승용,남,53세,경상
2020060200100586,2020년 6월 2일 22시,화요일,부산광역시 수영구 수영동,중상사고,0,1,0,1,차대차 - 측면충돌,안전운전불이행,건조,맑음,교차로 - 교차로안,승용,남,57세,상해없음,원동기,남,46세,중상
2020060200100587,2020년 6월 2일 22시,화요일,부산광역시 연제구 연산동,경상사고,0,0,2,0,차대차 - 추돌,안전운전불이행,건조,맑음,교차로 - 교차로부근,화물,남,37세,상해없음,승용,남,56세,경상
2020060200100588,2020년 6월 2일 22시,화요일,부산광역시 사상구 모라동,경상사고,0,0,1,0,차대차 - 측면충돌,교차로운행방법위반,건조,맑음,교차로 - 교차로안,승용,남,57세,상해없음,화물,남,27세,경상
2020060200100608,2020년 6월 2일 23시,화요일,부산광역시 연제구 연산동,중상사고,0,1,0,0,차대사람 - 횡단중,안전운전불이행,건조,맑음,단일로 - 기타,원동기,남,36세,중상,보행자,남,22세,상해없음
2020060200100609,2020년 6월 2일 23시,화요일,부산광역시 사상구 괘법동,경상사고,0,0,1,0,차대사람 - 기타,안전운전불이행,건조,맑음,단일로 - 기타,승합,남,25세,상해없음,보행자,남,41세,경상
2020060300100003,2020년 6월 3일 00시,수요일,부산광역시 동구 범일동,중상사고,0,1,2,0,차대차 - 측면충돌,신호위반,건조,맑음,교차로 - 교차로안,승용,남,47세,경상,승용,남,60세,경상
2020060300100051,2020년 6월 3일 06시,수요일,부산광역시 부산진구 범천동,경상사고,0,0,1,0,차대차 - 추돌,안전운전불이행,건조,맑음,교차로 - 교차로부근,화물,남,53세,상해없음,승용,여,36세,경상
2020060300100064,2020년 6월 3일 07시,수요일,부산광역시 동래구 명륜동,경상사고,0,0,1,0,차대사람 - 기타,안전운전불이행,건조,맑음,단일로 - 기타,승용,남,43세,상해없음,보행자,남,14세,경상
2020060300100083,2020년 6월 3일 08시,수요일,부산광역시 부산진구 전포동,중상사고,0,1,0,0,차대차 - 측면충돌,신호위반,건조,맑음,교차로 - 교차로안,이륜,남,25세,기타불명,승용,여,39세,상해없음
2020060300100147,2020년 6월 3일 10시,수요일,부산광역시 기장군 일광면,경상사고,0,0,1,0,차대차 - 측면충돌,신호위반,건조,맑음,교차로 - 교차로안,승용,남,43세,상해없음,이륜,남,59세,경상
2020060300100178,2020년 6월 3일 11시,수요일,부산광역시 부산진구 양정동,경상사고,0,0,1,0,차대사람 - 차도통행중,안전운전불이행,건조,맑음,단일로 - 기타,승용,여,60세,기타불명,보행자,여,45세,경상
2020060300100179,2020년 6월 3일 11시,수요일,부산광역시 연제구 연산동,중상사고,0,1,0,0,차대차 - 추돌,신호위반,건조,맑음,교차로 - 교차로안,승용,남,33세,상해없음,자전거,남,57세,중상
2020060300100239,2020년 6월 3일 13시,수요일,부산광역시 영도구 봉래동2가,경상사고,0,0,2,0,차대차 - 추돌,안전운전불이행,건조,맑음,단일로 - 기타,건설기계,남,63세,상해없음,승용,남,52세,경상
2020060300100240,2020년 6월 3일 13시,수요일,부산광역시 금정구 남산동,경상사고,0,0,1,0,차대차 - 추돌,불법유턴,건조,맑음,교차로 - 교차로부근,승용,남,74세,상해없음,승용,여,38세,경상
2020060300100275,2020년 6월 3일 14시,수요일,부산광역시 부산진구 범천동,경상사고,0,0,1,0,차대차 - 측면충돌,신호위반,건조,맑음,교차로 - 교차로안,이륜,남,20세,기타불명,승용,남,60세,상해없음
2020060300100317,2020년 6월 3일 15시,수요일,부산광역시 동래구 명장동,경상사고,0,0,1,0,차대사람 - 보도통행중,보행자보호의무위반,건조,맑음,교차로 - 교차로부근,승용,여,46세,상해없음,보행자,남,11세,경상
2020060300100318,2020년 6월 3일 15시,수요일,부산광역시 영도구 동삼동,경상사고,0,0,1,0,차대사람 - 기타,안전운전불이행,건조,맑음,단일로 - 기타,승용,남,45세,상해없음,보행자,남,21세,경상
2020060300100319,2020년 6월 3일 15시,수요일,부산광역시 강서구 명지동,경상사고,0,0,2,0,차대차 - 측면충돌,안전운전불이행,건조,맑음,단일로 - 기타,승용,남,70세,상해없음,승용,여,37세,경상
2020060300100320,2020년 6월 3일 15시,수요일,부산광역시 사상구 모라동,경상사고,0,0,1,1,차대차 - 측면충돌,교차로운행방법위반,건조,맑음,교차로 - 교차로부근,승용,남,57세,부상신고,승용,여,38세,경상
2020060300100321,2020년 6월 3일 15시,수요일,부산광역시 사상구 감전동,경상사고,0,0,1,0,차대사람 - 횡단중,안전운전불이행,건조,맑음,교차로 - 교차로안,승용,남,50세,상해없음,보행자,남,78세,경상
2020060300100358,2020년 6월 3일 16시,수요일,부산광역시 동래구 사직동,중상사고,0,1,0,0,차대사람 - 횡단중,안전운전불이행,건조,맑음,교차로 - 교차로안,승용,남,75세,상해없음,보행자,여,61세,중상
2020060300100359,2020년 6월 3일 16시,수요일,부산광역시 수영구 망미동,중상사고,0,1,0,0,차대사람 - 횡단중,보행자보호의무위반,건조,맑음,교차로 - 교차로안,화물,남,43세,상해없음,보행자,남,83세,중상
2020060300100360,2020년 6월 3일 16시,수요일,부산광역시 기장군 일광면,경상사고,0,0,1,0,차대차 - 측면충돌,안전거리미확보,건조,맑음,교차로 - 교차로부근,승용,남,57세,상해없음,승용,남,51세,경상
2020060300100401,2020년 6월 3일 17시,수요일,부산광역시 수영구 망미동,경상사고,0,0,3,0,차대차 - 추돌,안전거리미확보,건조,맑음,교차로 - 교차로부근,승용,남,67세,상해없음,승용,남,66세,경상
2020060300100402,2020년 6월 3일 17시,수요일,부산광역시 강서구 대저2동,경상사고,0,0,3,0,차대차 - 측면충돌,안전운전불이행,건조,맑음,교차로 - 교차로안,승용,남,38세,상해없음,승용,남,57세,경상
2020060300100403,2020년 6월 3일 17시,수요일,부산광역시 사상구 감전동,경상사고,0,0,2,0,차대차 - 측면충돌,교차로운행방법위반,건조,맑음,교차로 - 교차로안,승용,남,56세,상해없음,승용,남,42세,경상
2020060300100508,2020년 6월 3일 19시,수요일,부산광역시 해운대구 우동,중상사고,0,1,0,0,차대차 - 측면충돌,안전거리미확보,건조,맑음,단일로 - 기타,승용,남,27세,상해없음,승용,남,59세,중상
2020060300100509,2020년 6월 3일 19시,수요일,부산광역시 금정구 부곡동,중상사고,0,3,1,0,차대차 - 추돌,안전운전불이행,건조,맑음,단일로 - 터널,승용,남,50세,중상,승용,남,36세,경상
2020060300100510,2020년 6월 3일 19시,수요일,부산광역시 연제구 연산동,중상사고,0,1,0,0,차대사람 - 횡단중,안전운전불이행,건조,맑음,교차로 - 교차로부근,이륜,남,26세,상해없음,보행자,여,49세,중상
2020060300100511,2020년 6월 3일 19시,수요일,부산광역시 연제구 연산동,중상사고,0,1,0,0,차대차 - 정면충돌,안전운전불이행,건조,맑음,교차로 - 교차로안,승용,남,46세,상해없음,이륜,남,27세,중상
2020060300100543,2020년 6월 3일 20시,수요일,부산광역시 사하구 괴정동,경상사고,0,0,2,0,차대차 - 추돌,안전운전불이행,건조,맑음,단일로 - 기타,승합,남,57세,상해없음,승용,남,41세,경상
2020060300100569,2020년 6월 3일 21시,수요일,부산광역시 중구 광복동1가,중상사고,0,1,0,0,차대사람 - 기타,안전운전불이행,건조,맑음,교차로 - 교차로부근,승용,남,34세,상해없음,보행자,남,47세,중상
2020060300100570,2020년 6월 3일 21시,수요일,부산광역시 사하구 괴정동,경상사고,0,0,5,0,차대차 - 추돌,안전운전불이행,건조,맑음,교차로 - 교차로부근,승용,남,68세,상해없음,승용,남,49세,경상
2020060300100588,2020년 6월 3일 22시,수요일,부산광역시 동구 범일동,부상신고사고,0,0,0,1,차대차 - 기타,신호위반,건조,맑음,교차로 - 교차로안,자전거,남,67세,부상신고,화물,남,57세,상해없음
2020060300100589,2020년 6월 3일 22시,수요일,부산광역시 동래구 온천동,경상사고,0,0,2,0,차대차 - 기타,안전운전불이행,건조,맑음,단일로 - 기타,승용,남,26세,상해없음,승용,남,28세,경상
2020060400100021,2020년 6월 4일 01시,목요일,부산광역시 사상구 덕포동,중상사고,0,2,0,0,차대차 - 측면충돌,신호위반,건조,맑음,교차로 - 교차로안,승용,남,41세,중상,승용,남,48세,중상
2020060400100042,2020년 6월 4일 05시,목요일,부산광역시 서구 서대신동3가,경상사고,0,0,1,0,차대차 - 추돌,신호위반,건조,맑음,단일로 - 터널,승합,남,73세,상해없음,승용,남,49세,상해없음
2020060400100043,2020년 6월 4일 05시,목요일,부산광역시 부산진구 범천동,중상사고,0,1,0,0,차대차 - 측면충돌,신호위반,건조,맑음,교차로 - 교차로안,승용,남,31세,상해없음,화물,남,60세,중상
2020060400100062,2020년 6월 4일 07시,목요일,부산광역시 북구 화명동,경상사고,0,0,1,0,차대차 - 측면충돌,차로위반,건조,맑음,단일로 - 기타,승용,남,49세,상해없음,승용,남,54세,경상
2020060400100083,2020년 6월 4일 08시,목요일,부산광역시 해운대구 좌동,중상사고,0,1,0,0,차대사람 - 횡단중,신호위반,건조,맑음,교차로 - 교차로부근,승용,남,56세,상해없음,보행자,여,46세,중상
2020060400100084,2020년 6월 4일 08시,목요일,부산광역시 사상구 모라동,경상사고,0,0,2,0,차대차 - 정면충돌,안전운전불이행,건조,맑음,단일로 - 지하차도(도로)내,승용,여,44세,경상,승용,남,57세,경상
2020060400100124,2020년 6월 4일 09시,목요일,부산광역시 사상구 모라동,경상사고,0,0,1,0,차대차 - 측면충돌,중앙선침범,건조,맑음,단일로 - 지하차도(도로)내,화물,남,63세,상해없음,자전거,남,66세,경상
2020060400100172,2020년 6월 4일 11시,목요일,부산광역시 연제구 연산동,경상사고,0,0,1,0,차대차 - 기타,기타,건조,맑음,교차로 - 교차로안,이륜,남,44세,상해없음,승용,여,25세,경상
2020060400100210,2020년 6월 4일 12시,목요일,부산광역시 사하구 하단동,경상사고,0,0,1,0,차대차 - 기타,신호위반,건조,맑음,교차로 - 교차로안,승용,남,56세,상해없음,이륜,남,39세,경상
2020060400100211,2020년 6월 4일 12시,목요일,부산광역시 사하구 하단동,경상사고,0,0,1,0,차대차 - 기타,안전운전불이행,건조,맑음,교차로 - 교차로안,이륜,남,41세,경상,승용,여,24세,상해없음
2020060400100287,2020년 6월 4일 14시,목요일,부산광역시 중구 영주동,경상사고,0,0,1,0,차대차 - 측면충돌,차로위반,건조,맑음,교차로 - 교차로부근,승용,여,63세,상해없음,승용,남,34세,경상
2020060400100288,2020년 6월 4일 14시,목요일,부산광역시 북구 화명동,경상사고,0,0,3,0,차대차 - 추돌,안전거리미확보,건조,맑음,교차로 - 교차로안,승용,남,26세,상해없음,승용,여,36세,경상
2020060400100334,2020년 6월 4일 15시,목요일,부산광역시 동구 초량동,경상사고,0,0,2,0,차대차 - 추돌,안전운전불이행,건조,맑음,단일로 - 기타,승용,남,69세,상해없음,승용,여,33세,경상
2020060400100335,2020년 6월 4일 15시,목요일,부산광역시 부산진구 양정동,경상사고,0,0,1,0,차대차 - 기타,신호위반,건조,맑음,교차로 - 교차로안,승용,남,24세,상해없음,승용,남,67세,경상
2020060400100336,2020년 6월 4일 15시,목요일,부산광역시 연제구 연산동,경상사고,0,0,2,0,차대차 - 기타,안전운전불이행,건조,맑음,주차장 - 주차장,승용,남,53세,상해없음,승용,여,45세,경상
2020060400100337,2020년 6월 4일 15시,목요일,부산광역시 연제구 거제동,중상사고,0,2,0,0,차대차 - 추돌,교차로운행방법위반,건조,맑음,교차로 - 교차로안,승용,남,42세,상해없음,이륜,남,63세,중상
2020060400100371,2020년 6월 4일 16시,목요일,부산광역시 남구 대연동,중상사고,0,1,0,0,차대사람 - 기타,안전운전불이행,건조,맑음,단일로 - 기타,승용,남,46세,상해없음,보행자,여,50세,중상
2020060400100372,2020년 6월 4일 16시,목요일,부산광역시 금정구 구서동,경상사고,0,0,1,0,차대차 - 측면충돌,신호위반,건조,맑음,교차로 - 교차로안,승용,남,70세,상해없음,승합,남,63세,경상
2020060400100425,2020년 6월 4일 17시,목요일,부산광역시 금정구 장전동,경상사고,0,0,1,0,차대사람 - 차도통행중,보행자보호의무위반,건조,맑음,교차로 - 교차로횡단보도내,이륜,남,64세,상해없음,보행자,여,59세,경상