사고번호,사고일시,요일,시군구,사고내용,사망자수,중상자수,경상자수,부상신고자수,사고유형,법규위반,노면상태,기상상태,도로형태,가해운전자 차종,가해운전자 성별,가해운전자 연령,가해운전자 상해정도,피해운전자 차종,피해운전자 성별,피해운전자 연령,피해운전자 상해정도
2020060400100426,2020년 6월 4일 17시,목요일,부산광역시 강서구 대저1동,중상사고,0,1,0,0,차대차 - 기타,안전운전불이행,건조,맑음,단일로 - 기타,건설기계,남,40세,상해없음,승용,여,51세,중상
2020060400100464,2020년 6월 4일 18시,목요일,부산광역시 북구 화명동,경상사고,0,0,1,0,차대차 - 측면충돌,안전운전불이행,건조,맑음,단일로 - 기타,이륜,남,22세,상해없음,승용,남,50세,경상
2020060400100465,2020년 6월 4일 18시,목요일,부산광역시 영도구 동삼동,부상신고사고,0,0,0,1,차대차 - 측면충돌,안전운전불이행,건조,맑음,단일로 - 기타,이륜,남,23세,부상신고,승용,여,43세,상해없음
2020060400100466,2020년 6월 4일 18시,목요일,부산광역시 부산진구 부암동,경상사고,0,0,1,0,차대차 - 기타,안전운전불이행,건조,맑음,단일로 - 기타,승용,여,52세,상해없음,승용,여,60세,경상
2020060400100467,2020년 6월 4일 18시,목요일,부산광역시 연제구 거제동,경상사고,0,0,1,0,차대차 - 측면충돌,안전거리미확보,건조,맑음,교차로 - 교차로부근,건설기계,남,60세,상해없음,자전거,남,51세,경상
2020060400100515,2020년 6월 4일 19시,목요일,부산광역시 금정구 부곡동,경상사고,0,0,1,0,차대사람 - 기타,안전운전불이행,건조,맑음,단일로 - 기타,자전거,남,27세,상해없음,보행자,여,18세,경상
2020060400100516,2020년 6월 4일 19시,목요일,부산광역시 사하구 신평동,중상사고,0,1,0,0,차대차 - 측면충돌,안전운전불이행,건조,맑음,단일로 - 지하차도(도로)내,이륜,남,37세,중상,승용,남,51세,상해없음
2020060400100583,2020년 6월 4일 21시,목요일,부산광역시 동구 좌천동,중상사고,0,2,0,0,차대차 - 측면충돌,신호위반,건조,맑음,교차로 - 교차로안,승용,여,47세,상해없음,승용,남,64세,중상
2020060400100584,2020년 6월 4일 21시,목요일,부산광역시 남구 문현동,경상사고,0,0,1,0,차대차 - 측면충돌,안전운전불이행,건조,맑음,단일로 - 기타,이륜,남,23세,상해없음,승합,남,52세,상해없음
2020060400100585,2020년 6월 4일 21시,목요일,부산광역시 동래구 낙민동,경상사고,0,0,1,0,차대차 - 기타,안전운전불이행,건조,맑음,단일로 - 기타,승용,여,35세,상해없음,이륜,남,18세,경상
2020060400100586,2020년 6월 4일 21시,목요일,부산광역시 부산진구 초읍동,부상신고사고,0,0,0,1,차대차 - 측면충돌,교차로운행방법위반,건조,맑음,교차로 - 교차로안,자전거,남,11세,부상신고,승합,남,45세,상해없음
2020060400100612,2020년 6월 4일 22시,목요일,부산광역시 해운대구 반송동,경상사고,0,0,3,0,차대차 - 기타,안전운전불이행,건조,맑음,교차로 - 교차로부근,승용,남,68세,상해없음,승용,남,26세,경상
2020060400100613,2020년 6월 4일 22시,목요일,부산광역시 사하구 괴정동,중상사고,0,1,0,0,차대차 - 측면충돌,교차로운행방법위반,건조,맑음,교차로 - 교차로안,승용,남,55세,기타불명,승용,남,37세,중상
2020060400100614,2020년 6월 4일 22시,목요일,부산광역시 사상구 엄궁동,경상사고,0,0,1,0,차대사람 - 보도통행중,안전운전불이행,건조,맑음,교차로 - 교차로부근,승합,남,48세,상해없음,보행자,남,55세,경상
2020060400100639,2020년 6월 4일 23시,목요일,부산광역시 동구 초량동,경상사고,0,0,1,0,차대사람 - 기타,안전운전불이행,건조,맑음,단일로 - 터널,이륜,남,38세,상해없음,보행자,남,54세,경상
2020060400100640,2020년 6월 4일 23시,목요일,부산광역시 남구 문현동,경상사고,0,0,1,0,차대차 - 측면충돌,안전거리미확보,건조,맑음,단일로 - 기타,승용,남,67세,상해없음,승용,남,34세,경상
2020060500100059,2020년 6월 5일 06시,금요일,부산광역시 부산진구 부전동,경상사고,0,0,1,0,차대사람 - 차도통행중,안전운전불이행,건조,맑음,단일로 - 기타,화물,남,72세,상해없음,보행자,남,48세,경상
2020060500100074,2020년 6월 5일 07시,금요일,부산광역시 사하구 하단동,경상사고,0,0,1,0,차대차 - 측면충돌,안전운전불이행,건조,맑음,단일로 - 지하차도(도로)내,승용,남,36세,상해없음,승용,남,63세,경상
2020060500100167,2020년 6월 5일 10시,금요일,부산광역시 영도구 봉래동4가,경상사고,0,0,3,0,차대차 - 측면충돌,안전거리미확보,건조,맑음,교차로 - 교차로안,승용,여,40세,상해없음,특수,남,27세,경상
2020060500100168,2020년 6월 5일 10시,금요일,부산광역시 부산진구 당감동,중상사고,0,1,0,0,차대사람 - 기타,안전운전불이행,건조,맑음,교차로 - 교차로안,승용,여,30세,상해없음,보행자,여,68세,중상
2020060500100195,2020년 6월 5일 11시,금요일,부산광역시 남구 감만동,중상사고,0,1,0,0,차량단독 - 기타,안전운전불이행,건조,맑음,단일로 - 기타,승합,남,60세,상해없음,,,,
2020060500100196,2020년 6월 5일 11시,금요일,부산광역시 부산진구 전포동,경상사고,0,0,1,0,차대사람 - 차도통행중,보행자보호의무위반,건조,맑음,교차로 - 교차로횡단보도내,승용,남,33세,상해없음,보행자,남,43세,경상
2020060500100280,2020년 6월 5일 13시,금요일,부산광역시 중구 부평동2가,경상사고,0,0,1,0,차대차 - 추돌,안전운전불이행,건조,맑음,단일로 - 기타,승용,남,67세,상해없음,승용,남,46세,상해없음
2020060500100315,2020년 6월 5일 14시,금요일,부산광역시 남구 대연동,중상사고,0,1,0,0,차대차 - 측면충돌,안전운전불이행,건조,맑음,단일로 - 기타,자전거,남,55세,중상,승용,남,41세,상해없음
2020060500100317,2020년 6월 5일 14시,금요일,부산광역시 수영구 남천동,경상사고,0,0,1,0,차대차 - 기타,안전운전불이행,건조,맑음,단일로 - 기타,승용,남,38세,상해없음,자전거,남,71세,경상
2020060500100318,2020년 6월 5일 14시,금요일,부산광역시 부산진구 부전동,중상사고,0,1,0,0,차대차 - 기타,기타,건조,맑음,단일로 - 기타,승용,남,53세,상해없음,원동기,남,43세,중상
2020060500100319,2020년 6월 5일 14시,금요일,부산광역시 금정구 장전동,경상사고,0,0,1,0,차대사람 - 기타,안전운전불이행,건조,맑음,기타 - 기타,화물,남,42세,상해없음,보행자,남,47세,경상
2020060500100320,2020년 6월 5일 14시,금요일,부산광역시 기장군 기장읍,경상사고,0,0,2,0,차대차 - 측면충돌,교차로운행방법위반,건조,맑음,교차로 - 교차로부근,승용,여,57세,상해없음,승용,여,62세,경상
2020060500100364,2020년 6월 5일 15시,금요일,부산광역시 동구 범일동,경상사고,0,0,1,0,차대차 - 측면충돌,안전거리미확보,건조,맑음,단일로 - 기타,승용,여,57세,상해없음,승용,여,34세,경상
2020060500100365,2020년 6월 5일 15시,금요일,부산광역시 남구 문현동,경상사고,0,0,2,0,차대차 - 기타,안전운전불이행,건조,맑음,단일로 - 기타,승용,여,38세,상해없음,화물,남,76세,경상
2020060500100366,2020년 6월 5일 15시,금요일,부산광역시 부산진구 범천동,경상사고,0,0,1,0,차대차 - 측면충돌,신호위반,건조,맑음,교차로 - 교차로안,승용,남,66세,상해없음,이륜,남,36세,경상
2020060500100367,2020년 6월 5일 15시,금요일,부산광역시 금정구 부곡동,중상사고,0,1,0,0,차대사람 - 횡단중,안전운전불이행,건조,맑음,교차로 - 교차로안,승용,남,56세,상해없음,보행자,여,79세,중상
2020060500100368,2020년 6월 5일 15시,금요일,부산광역시 사상구 감전동,중상사고,0,1,0,0,차대차 - 측면충돌,교차로운행방법위반,건조,맑음,교차로 - 교차로부근,승용,여,65세,상해없음,승용,여,53세,중상
2020060500100369,2020년 6월 5일 15시,금요일,부산광역시 사상구 학장동,경상사고,0,0,2,0,차대차 - 측면충돌,교차로운행방법위반,건조,맑음,교차로 - 교차로안,화물,남,57세,경상,승용,남,40세,경상
2020060500100413,2020년 6월 5일 16시,금요일,부산광역시 중구 남포동5가,경상사고,0,0,1,0,차대사람 - 기타,안전운전불이행,건조,맑음,단일로 - 기타,승용,남,69세,상해없음,보행자,남,55세,경상
2020060500100414,2020년 6월 5일 16시,금요일,부산광역시 북구 화명동,경상사고,0,0,4,0,차대차 - 추돌,안전운전불이행,건조,맑음,단일로 - 기타,승용,여,55세,상해없음,승용,여,34세,경상
2020060500100415,2020년 6월 5일 16시,금요일,부산광역시 부산진구 전포동,경상사고,0,0,1,0,차대차 - 측면충돌,안전운전불이행,건조,맑음,단일로 - 기타,승용,여,52세,상해없음,승용,여,32세,경상
2020060500100454,2020년 6월 5일 17시,금요일,부산광역시 사상구 주례동,경상사고,0,0,1,0,차대차 - 추돌,안전운전불이행,건조,맑음,단일로 - 기타,승용,남,21세,상해없음,화물,남,43세,경상
2020060500100499,2020년 6월 5일 18시,금요일,부산광역시 동래구 수안동,부상신고사고,0,0,0,1,차량단독 - 전도전복 - 전도,안전운전불이행,건조,맑음,단일로 - 기타,이륜,남,68세,부상신고,,,,
2020060500100500,2020년 6월 5일 18시,금요일,부산광역시 부산진구 가야동,경상사고,0,0,1,0,차대차 - 추돌,안전운전불이행,건조,맑음,단일로 - 기타,승용,남,69세,상해없음,승용,남,48세,경상
2020060500100501,2020년 6월 5일 18시,금요일,부산광역시 사하구 당리동,경상사고,0,0,1,0,차대차 - 기타,교차로운행방법위반,건조,맑음,교차로 - 교차로안,승용,남,51세,상해없음,승용,여,23세,경상
2020060500100502,2020년 6월 5일 18시,금요일,부산광역시 강서구 명지동,경상사고,0,0,1,0,차대사람 - 기타,보행자보호의무위반,건조,맑음,교차로 - 교차로횡단보도내,승용,남,57세,상해없음,보행자,남,32세,경상
2020060500100503,2020년 6월 5일 18시,금요일,부산광역시 사상구 주례동,중상사고,0,1,2,0,차대차 - 측면충돌,신호위반,건조,맑음,교차로 - 교차로부근,승용,여,30세,상해없음,화물,남,70세,상해없음
2020060500100504,2020년 6월 5일 18시,금요일,부산광역시 기장군 기장읍,경상사고,0,0,1,0,차대사람 - 횡단중,보행자보호의무위반,건조,맑음,교차로 - 교차로횡단보도내,승용,여,27세,상해없음,보행자,여,57세,경상
2020060500100552,2020년 6월 5일 19시,금요일,부산광역시 동구 초량동,중상사고,0,1,0,0,차대사람 - 기타,안전운전불이행,건조,맑음,단일로 - 기타,승용,남,55세,상해없음,보행자,여,30세,중상
2020060500100553,2020년 6월 5일 19시,금요일,부산광역시 북구 덕천동,부상신고사고,0,0,0,1,차대차 - 기타,안전운전불이행,건조,맑음,교차로 - 교차로안,승용,남,26세,상해없음,승합,남,63세,부상신고
2020060500100554,2020년 6월 5일 19시,금요일,부산광역시 연제구 연산동,부상신고사고,0,0,0,1,차대차 - 추돌,안전운전불이행,건조,맑음,교차로 - 교차로부근,승용,여,54세,상해없음,승용,남,26세,부상신고
2020060500100555,2020년 6월 5일 19시,금요일,부산광역시 사상구 감전동,경상사고,0,0,1,0,차대차 - 측면충돌,안전거리미확보,건조,맑음,단일로 - 기타,승용,여,25세,상해없음,승용,남,30세,상해없음
2020060500100596,2020년 6월 5일 20시,금요일,부산광역시 중구 영주동,경상사고,0,0,1,0,차대사람 - 횡단중,안전운전불이행,건조,맑음,교차로 - 교차로부근,이륜,남,24세,상해없음,보행자,남,4세,경상
2020060500100597,2020년 6월 5일 20시,금요일,부산광역시 사상구 주례동,경상사고,0,0,1,0,차대차 - 측면충돌,안전운전불이행,건조,맑음,단일로 - 기타,화물,남,28세,상해없음,승용,남,71세,경상
2020060500100643,2020년 6월 5일 21시,금요일,부산광역시 중구 부평동2가,경상사고,0,0,1,0,차대차 - 추돌,안전운전불이행,건조,맑음,교차로 - 교차로부근,승용,남,49세,상해없음,승합,남,47세,경상
2020060500100644,2020년 6월 5일 21시,금요일,부산광역시 사상구 괘법동,경상사고,0,0,1,0,차대사람 - 횡단중,안전운전불이행,건조,맑음,단일로 - 기타,승용,남,69세,상해없음,보행자,남,54세,경상
2020060500100679,2020년 6월 5일 22시,금요일,부산광역시 남구 대연동,부상신고사고,0,0,0,1,차대차 - 기타,교차로운행방법위반,건조,맑음,교차로 - 교차로안,승용,남,60세,상해없음,이륜,여,21세,부상신고
2020060500100710,2020년 6월 5일 23시,금요일,부산광역시 강서구 명지동,경상사고,0,0,2,0,차대차 - 측면충돌,신호위반,건조,맑음,교차로 - 교차로안,이륜,남,23세,상해없음,승용,남,29세,경상
2020060600100005,2020년 6월 6일 00시,토요일,부산광역시 부산진구 가야동,경상사고,0,0,1,0,차량단독 - 기타,안전운전불이행,건조,맑음,기타 - 기타,이륜,남,44세,경상,,,,
2020060600100006,2020년 6월 6일 00시,토요일,부산광역시 사하구 하단동,경상사고,0,0,3,0,차대차 - 추돌,안전운전불이행,건조,맑음,교차로 - 교차로부근,승용,남,68세,기타불명,승용,남,22세,경상
2020060600100020,2020년 6월 6일 01시,토요일,부산광역시 연제구 거제동,경상사고,0,0,2,0,차대차 - 추돌,안전운전불이행,건조,맑음,단일로 - 기타,승용,여,34세,상해없음,승용,남,46세,경상
2020060600100067,2020년 6월 6일 04시,토요일,부산광역시 서구 충무동1가,경상사고,0,0,1,0,차대차 - 기타,교차로운행방법위반,건조,맑음,교차로 - 교차로안,화물,남,70세,상해없음,승용,남,65세,경상
2020060600100068,2020년 6월 6일 04시,토요일,부산광역시 동구 좌천동,경상사고,0,0,2,0,차대차 - 측면충돌,중앙선침범,건조,맑음,단일로 - 기타,승용,남,23세,상해없음,승용,남,70세,경상
2020060600100069,2020년 6월 6일 04시,토요일,부산광역시 금정구 구서동,경상사고,0,0,1,0,차대차 - 추돌,안전운전불이행,건조,맑음,교차로 - 교차로안,화물,남,54세,상해없음,승용,여,56세,경상
2020060600100076,2020년 6월 6일 05시,토요일,부산광역시 사하구 신평동,경상사고,0,0,1,0,차대차 - 기타,안전운전불이행,건조,맑음,단일로 - 기타,승용,남,72세,경상,승합,남,58세,상해없음
2020060600100078,2020년 6월 6일 06시,토요일,부산광역시 사상구 삼락동,경상사고,0,0,2,0,차대차 - 측면충돌,안전운전불이행,건조,맑음,교차로 - 교차로안,승용,남,54세,상해없음,승용,남,52세,경상
2020060600100087,2020년 6월 6일 07시,토요일,부산광역시 북구 구포동,중상사고,0,1,1,0,차대차 - 기타,교차로운행방법위반,건조,맑음,교차로 - 교차로부근,승용,남,27세,상해없음,승용,남,65세,중상
2020060600100100,2020년 6월 6일 08시,토요일,부산광역시 강서구 범방동,경상사고,0,0,1,0,차대차 - 추돌,안전운전불이행,건조,맑음,단일로 - 교량,특수,남,50세,상해없음,승용,여,39세,경상
2020060600100145,2020년 6월 6일 10시,토요일,부산광역시 서구 서대신동2가,중상사고,0,1,0,0,차대차 - 측면충돌,안전운전불이행,건조,맑음,교차로 - 교차로안,건설기계,남,47세,상해없음,승용,남,40세,중상
2020060600100146,2020년 6월 6일 10시,토요일,부산광역시 금정구 부곡동,경상사고,0,0,1,0,차대차 - 측면충돌,안전운전불이행,건조,맑음,단일로 - 기타,화물,남,58세,상해없음,이륜,남,61세,경상
2020060600100211,2020년 6월 6일 12시,토요일,부산광역시 서구 서대신동2가,중상사고,0,1,0,0,차대사람 - 기타,안전운전불이행,건조,맑음,단일로 - 기타,승용,남,49세,상해없음,보행자,남,61세,중상
2020060600100212,2020년 6월 6일 12시,토요일,부산광역시 기장군 기장읍,경상사고,0,0,1,0,차대차 - 측면충돌,교차로운행방법위반,건조,맑음,교차로 - 교차로안,승용,여,32세,상해없음,이륜,남,21세,경상
2020060600100245,2020년 6월 6일 13시,토요일,부산광역시 연제구 연산동,중상사고,0,1,0,0,차대차 - 정면충돌,교차로운행방법위반,건조,맑음,교차로 - 교차로안,화물,남,38세,상해없음,자전거,남,65세,중상
2020060600100290,2020년 6월 6일 14시,토요일,부산광역시 강서구 대저2동,경상사고,0,0,1,0,차대사람 - 기타,기타,건조,맑음,단일로 - 기타,자전거,남,56세,경상,보행자,남,5세,상해없음
2020060600100324,2020년 6월 6일 15시,토요일,부산광역시 동구 좌천동,경상사고,0,0,1,0,차대차 - 측면충돌,안전거리미확보,건조,맑음,단일로 - 고가도로위,승용,여,62세,상해없음,승용,남,22세,경상
2020060600100325,2020년 6월 6일 15시,토요일,부산광역시 북구 구포동,경상사고,0,0,1,0,차대사람 - 횡단중,보행자보호의무위반,건조,맑음,단일로 - 기타,승용,남,57세,상해없음,보행자,남,65세,경상
2020060600100367,2020년 6월 6일 16시,토요일,부산광역시 북구 화명동,경상사고,0,0,1,0,차대차 - 기타,안전운전불이행,건조,맑음,교차로 - 교차로부근,승용,남,40세,상해없음,승용,남,48세,경상
2020060600100368,2020년 6월 6일 16시,토요일,부산광역시 북구 덕천동,경상사고,0,0,4,0,차대차 - 기타,안전운전불이행,건조,맑음,단일로 - 기타,승용,남,51세,경상,승용,남,42세,경상
2020060600100370,2020년 6월 6일 16시,토요일,부산광역시 기장군 기장읍,경상사고,0,0,3,0,차대차 - 측면충돌,안전운전불이행,건조,맑음,단일로 - 기타,승용,여,53세,상해없음,승용,남,73세,경상
2020060600100406,2020년 6월 6일 17시,토요일,부산광역시 서구 남부민동,경상사고,0,0,1,0,차대차 - 추돌,안전운전불이행,건조,맑음,단일로 - 기타,승용,여,27세,상해없음,승용,남,61세,경상
2020060600100407,2020년 6월 6일 17시,토요일,부산광역시 영도구 청학동,경상사고,0,0,3,0,차대차 - 정면충돌,중앙선침범,건조,맑음,교차로 - 교차로부근,승용,남,67세,경상,승용,남,22세,경상
2020060600100452,2020년 6월 6일 18시,토요일,부산광역시 서구 초장동,중상사고,0,2,0,0,차대사람 - 기타,안전운전불이행,건조,맑음,교차로 - 교차로안,자전거,여,50세,중상,보행자,여,82세,중상
2020060600100511,2020년 6월 6일 20시,토요일,부산광역시 금정구 금사동,경상사고,0,0,4,0,차대차 - 추돌,안전운전불이행,건조,맑음,교차로 - 교차로부근,승용,여,47세,상해없음,승용,남,19세,경상
2020060600100547,2020년 6월 6일 21시,토요일,부산광역시 남구 대연동,부상신고사고,0,0,0,1,차대차 - 기타,교차로운행방법위반,건조,맑음,교차로 - 교차로안,승용,남,25세,상해없음,이륜,남,32세,부상신고
2020060600100548,2020년 6월 6일 21시,토요일,부산광역시 북구 구포동,중상사고,0,1,5,0,차대차 - 기타,신호위반,건조,맑음,단일로 - 기타,승용,여,45세,상해없음,승합,남,40세,중상
2020060600100549,2020년 6월 6일 21시,토요일,부산광역시 해운대구 우동,경상사고,0,0,1,0,차대사람 - 횡단중,보행자보호의무위반,건조,맑음,교차로 - 교차로횡단보도내,승용,남,63세,상해없음,보행자,남,22세,경상
2020060600100551,2020년 6월 6일 21시,토요일,부산광역시 사하구 하단동,중상사고,0,3,0,0,차대차 - 기타,신호위반,건조,맑음,교차로 - 교차로안,승용,남,31세,상해없음,승용,여,51세,중상
2020060600100575,2020년 6월 6일 22시,토요일,부산광역시 부산진구 양정동,중상사고,0,1,2,0,차대차 - 측면충돌,신호위반,건조,맑음,교차로 - 교차로안,승용,남,43세,상해없음,이륜,여,22세,중상
2020060600100576,2020년 6월 6일 22시,토요일,부산광역시 사상구 주례동,경상사고,0,0,1,0,차대차 - 기타,중앙선침범,건조,맑음,단일로 - 기타,이륜,남,25세,상해없음,이륜,남,23세,경상
2020060600100587,2020년 6월 6일 23시,토요일,부산광역시 강서구 송정동,중상사고,0,1,3,0,차대차 - 측면충돌,신호위반,건조,맑음,교차로 - 교차로안,승용,남,53세,상해없음,승용,남,25세,경상
2020060700100003,2020년 6월 7일 00시,일요일,부산광역시 부산진구 전포동,중상사고,0,1,0,0,차대차 - 추돌,중앙선침범,건조,맑음,단일로 - 기타,승용,남,52세,상해없음,이륜,남,29세,중상
2020060700100017,2020년 6월 7일 01시,일요일,부산광역시 남구 대연동,경상사고,0,0,1,0,차대차 - 기타,안전운전불이행,건조,맑음,단일로 - 기타,승용,남,51세,상해없음,승용,남,37세,경상
2020060700100049,2020년 6월 7일 03시,일요일,부산광역시 남구 대연동,경상사고,0,0,1,0,차대차 - 기타,안전운전불이행,건조,맑음,교차로 - 교차로부근,승용,여,22세,상해없음,이륜,남,39세,경상
2020060700100050,2020년 6월 7일 03시,일요일,부산광역시 북구 덕천동,부상신고사고,0,0,0,1,차량단독 - 기타,안전운전불이행,건조,맑음,교차로 - 교차로부근,원동기,남,18세,부상신고,,,,
2020060700100051,2020년 6월 7일 03시,일요일,부산광역시 부산진구 전포동,중상사고,0,1,1,0,차대차 - 측면충돌,신호위반,건조,맑음,교차로 - 교차로안,승용,남,66세,상해없음,승용,남,67세,중상
2020060700100095,2020년 6월 7일 08시,일요일,부산광역시 동구 범일동,중상사고,0,1,0,0,차량단독 - 전도전복 - 전도,안전운전불이행,건조,맑음,교차로 - 교차로안,이륜,남,21세,중상,,,,
2020060700100108,2020년 6월 7일 09시,일요일,부산광역시 수영구 남천동,중상사고,0,1,0,0,차대차 - 기타,안전운전불이행,건조,맑음,교차로 - 교차로부근,승용,남,60세,상해없음,자전거,여,26세,중상
2020060700100109,2020년 6월 7일 09시,일요일,부산광역시 금정구 금사동,경상사고,0,0,5,0,차대차 - 기타,교차로운행방법위반,건조,맑음,교차로 - 교차로안,승용,남,39세,경상,특수,남,60세,경상
2020060700100110,2020년 6월 7일 09시,일요일,부산광역시 연제구 연산동,경상사고,0,0,1,0,차대차 - 추돌,안전운전불이행,건조,맑음,단일로 - 기타,화물,남,63세,상해없음,승용,여,26세,경상
2020060700100130,2020년 6월 7일 10시,일요일,부산광역시 동구 수정동,중상사고,0,1,0,0,차대차 - 기타,안전운전불이행,건조,맑음,교차로 - 교차로안,승용,남,65세,상해없음,승용,여,48세,중상
2020060700100131,2020년 6월 7일 10시,일요일,부산광역시 금정구 장전동,경상사고,0,0,1,2,차대차 - 측면충돌,차로위반,건조,맑음,교차로 - 교차로부근,승용,여,53세,상해없음,승용,여,56세,경상
2020060700100132,2020년 6월 7일 10시,일요일,부산광역시 금정구 부곡동,부상신고사고,0,0,0,1,차대차 - 추돌,안전운전불이행,건조,맑음,기타 - 기타,원동기,남,56세,상해없음,자전거,남,70세,부상신고
2020060700100133,2020년 6월 7일 10시,일요일,부산광역시 사하구 장림동,경상사고,0,0,1,0,차대차 - 추돌,신호위반,건조,맑음,교차로 - 교차로안,승용,남,29세,상해없음,원동기,남,68세,경상
2020060700100153,2020년 6월 7일 11시,일요일,부산광역시 남구 용호동,중상사고,0,1,0,0,차대차 - 기타,안전운전불이행,건조,맑음,단일로 - 기타,기타불명,기타불명,미분류,기타불명,승용,남,46세,상해없음
2020060700100154,2020년 6월 7일 11시,일요일,부산광역시 사하구 다대동,경상사고,0,0,1,0,차대차 - 기타,안전운전불이행,건조,맑음,단일로 - 지하차도(도로)내,이륜,남,60세,경상,승용,남,34세,상해없음
2020060700100174,2020년 6월 7일 12시,일요일,부산광역시 해운대구 우동,경상사고,0,0,2,0,차대차 - 추돌,안전운전불이행,건조,맑음,교차로 - 교차로부근,승용,남,58세,상해없음,승용,남,25세,경상
2020060700100211,2020년 6월 7일 13시,일요일,부산광역시 수영구 광안동,경상사고,0,0,1,0,차대사람 - 보도통행중,기타,건조,맑음,단일로 - 기타,승용,남,71세,상해없음,보행자,여,25세,경상
2020060700100246,2020년 6월 7일 14시,일요일,부산광역시 북구 구포동,중상사고,0,1,0,0,차대사람 - 길가장자리구역통행중,안전운전불이행,건조,맑음,단일로 - 지하차도(도로)내,승용,남,71세,상해없음,보행자,여,67세,중상
2020060700100314,2020년 6월 7일 16시,일요일,부산광역시 동래구 안락동,경상사고,0,0,1,0,차대차 - 추돌,안전운전불이행,건조,맑음,단일로 - 기타,승용,남,20세,상해없음,승용,남,46세,경상
2020060700100315,2020년 6월 7일 16시,일요일,부산광역시 동래구 명륜동,부상신고사고,0,0,0,1,차대차 - 추돌,안전운전불이행,건조,맑음,단일로 - 기타,이륜,남,19세,부상신고,승용,남,30세,상해없음
2020060700100316,2020년 6월 7일 16시,일요일,부산광역시 기장군 정관읍,경상사고,0,0,1,0,차대차 - 기타,안전거리미확보,건조,맑음,단일로 - 기타,이륜,남,55세,상해없음,이륜,남,21세,경상
2020060700100352,2020년 6월 7일 17시,일요일,부산광역시 남구 감만동,경상사고,0,0,3,0,차대차 - 측면충돌,신호위반,건조,맑음,교차로 - 교차로안,승용,남,71세,상해없음,승용,여,36세,경상
2020060700100353,2020년 6월 7일 17시,일요일,부산광역시 북구 덕천동,경상사고,0,0,2,0,차대차 - 측면충돌,안전거리미확보,건조,맑음,교차로 - 교차로안,승용,남,52세,상해없음,승용,여,29세,경상
2020060700100354,2020년 6월 7일 17시,일요일,부산광역시 북구 구포동,중상사고,0,1,0,0,차대차 - 기타,안전거리미확보,건조,맑음,단일로 - 기타,승용,남,59세,상해없음,이륜,남,61세,중상
2020060700100355,2020년 6월 7일 17시,일요일,부산광역시 부산진구 가야동,경상사고,0,0,1,0,차대차 - 측면충돌,교차로운행방법위반,건조,맑음,교차로 - 교차로안,이륜,남,37세,경상,승합,남,36세,상해없음
2020060700100356,2020년 6월 7일 17시,일요일,부산광역시 강서구 명지동,경상사고,0,0,1,0,차대사람 - 기타,안전운전불이행,건조,맑음,주차장 - 주차장,승용,여,65세,상해없음,보행자,여,22세,경상
2020060700100391,2020년 6월 7일 18시,일요일,부산광역시 북구 덕천동,경상사고,0,0,1,0,차대사람 - 기타,안전운전불이행,건조,맑음,단일로 - 기타,승용,여,65세,상해없음,보행자,남,11세,경상
2020060700100392,2020년 6월 7일 18시,일요일,부산광역시 부산진구 개금동,중상사고,0,4,2,0,차대차 - 측면충돌,신호위반,건조,맑음,교차로 - 교차로안,승용,남,42세,중상,승용,남,45세,중상
2020060700100393,2020년 6월 7일 18시,일요일,부산광역시 금정구 남산동,중상사고,0,1,0,0,차대차 - 추돌,안전운전불이행,건조,맑음,교차로 - 교차로안,이륜,남,19세,상해없음,이륜,여,28세,중상
2020060700100452,2020년 6월 7일 20시,일요일,부산광역시 동구 초량동,부상신고사고,0,0,0,1,차대사람 - 기타,안전운전불이행,건조,맑음,단일로 - 기타,승용,남,60세,상해없음,보행자,남,51세,부상신고
2020060700100453,2020년 6월 7일 20시,일요일,부산광역시 북구 만덕동,경상사고,0,0,1,0,차대차 - 추돌,안전운전불이행,건조,맑음,단일로 - 기타,승용,남,59세,상해없음,승용,여,25세,경상
2020060700100454,2020년 6월 7일 20시,일요일,부산광역시 동래구 안락동,경상사고,0,0,1,0,차대차 - 측면충돌,신호위반,건조,맑음,교차로 - 교차로안,승용,남,65세,상해없음,화물,남,54세,경상
2020060700100455,2020년 6월 7일 20시,일요일,부산광역시 부산진구 부전동,경상사고,0,0,1,0,차대사람 - 기타,안전운전불이행,건조,맑음,기타 - 기타,승용,여,21세,상해없음,보행자,여,34세,경상
2020060700100456,2020년 6월 7일 20시,일요일,부산광역시 연제구 거제동,경상사고,0,0,1,0,차대차 - 측면충돌,불법유턴,건조,맑음,교차로 - 교차로안,원동기,남,29세,기타불명,승용,남,31세,경상
2020060700100478,2020년 6월 7일 21시,일요일,부산광역시 중구 대청동2가,경상사고,0,0,1,0,차대사람 - 기타,안전운전불이행,건조,맑음,단일로 - 기타,승용,남,43세,상해없음,보행자,남,40세,경상
2020060700100479,2020년 6월 7일 21시,일요일,부산광역시 사하구 다대동,경상사고,0,0,3,0,차대차 - 측면충돌,안전운전불이행,건조,맑음,단일로 - 기타,원동기,남,36세,경상,승용,여,46세,경상
2020060800100004,2020년 6월 8일 00시,월요일,부산광역시 사하구 괴정동,경상사고,0,0,1,0,차대사람 - 기타,안전운전불이행,건조,맑음,단일로 - 기타,이륜,남,27세,상해없음,보행자,여,68세,경상
2020060800100107,2020년 6월 8일 08시,월요일,부산광역시 동구 범일동,중상사고,0,2,2,0,차대차 - 추돌,안전거리미확보,건조,맑음,단일로 - 기타,승용,여,32세,상해없음,승용,여,32세,중상