사고번호,사고일시,요일,시군구,사고내용,사망자수,중상자수,경상자수,부상신고자수,사고유형,법규위반,노면상태,기상상태,도로형태,가해운전자 차종,가해운전자 성별,가해운전자 연령,가해운전자 상해정도,피해운전자 차종,피해운전자 성별,피해운전자 연령,피해운전자 상해정도
2020061100100277,2020년 6월 11일 13시,목요일,부산광역시 영도구 청학동,경상사고,0,0,1,0,차대사람 - 횡단중,보행자보호의무위반,건조,맑음,단일로 - 기타,승용,남,70세,상해없음,보행자,남,7세,경상
2020061100100278,2020년 6월 11일 13시,목요일,부산광역시 부산진구 양정동,경상사고,0,0,1,0,차대사람 - 차도통행중,안전운전불이행,건조,맑음,교차로 - 교차로부근,승용,남,64세,상해없음,보행자,남,9세,경상
2020061100100279,2020년 6월 11일 13시,목요일,부산광역시 강서구 봉림동,중상사고,0,1,0,0,차대차 - 측면충돌,안전운전불이행,건조,맑음,단일로 - 지하차도(도로)내,특수,남,50세,상해없음,승용,남,43세,중상
2020061100100319,2020년 6월 11일 14시,목요일,부산광역시 사하구 구평동,경상사고,0,0,1,0,차대차 - 추돌,안전운전불이행,건조,맑음,교차로 - 교차로부근,승용,여,42세,상해없음,승용,남,66세,경상
2020061100100360,2020년 6월 11일 15시,목요일,부산광역시 사상구 감전동,중상사고,0,1,0,0,차대차 - 추돌,안전운전불이행,건조,맑음,단일로 - 기타,승용,남,69세,상해없음,화물,남,61세,중상
2020061100100386,2020년 6월 11일 16시,목요일,부산광역시 강서구 범방동,중상사고,0,1,0,0,차대차 - 측면충돌,안전운전불이행,건조,맑음,단일로 - 기타,승용,남,53세,상해없음,이륜,남,60세,중상
2020061100100426,2020년 6월 11일 17시,목요일,부산광역시 부산진구 부전동,경상사고,0,0,1,0,차대사람 - 길가장자리구역통행중,신호위반,건조,맑음,단일로 - 기타,이륜,남,56세,상해없음,보행자,여,24세,경상
2020061100100427,2020년 6월 11일 17시,목요일,부산광역시 사상구 학장동,경상사고,0,0,1,0,차대차 - 측면충돌,안전거리미확보,건조,맑음,단일로 - 기타,승용,남,46세,상해없음,승용,남,32세,경상
2020061100100428,2020년 6월 11일 17시,목요일,부산광역시 기장군 기장읍,중상사고,0,1,1,0,차대차 - 추돌,안전운전불이행,건조,맑음,교차로 - 교차로안,승용,여,50세,상해없음,승용,여,64세,경상
2020061100100484,2020년 6월 11일 18시,목요일,부산광역시 해운대구 우동,중상사고,0,1,0,0,차대차 - 기타,안전운전불이행,건조,맑음,단일로 - 기타,자전거,남,12세,중상,승합,남,58세,상해없음
2020061100100548,2020년 6월 11일 20시,목요일,부산광역시 부산진구 개금동,경상사고,0,0,1,0,차대차 - 추돌,안전운전불이행,건조,맑음,기타 - 기타,승용,남,41세,상해없음,이륜,남,31세,경상
2020061100100581,2020년 6월 11일 21시,목요일,부산광역시 서구 서대신동3가,부상신고사고,0,0,0,1,차대사람 - 길가장자리구역통행중,안전운전불이행,건조,맑음,단일로 - 기타,승용,남,53세,상해없음,보행자,여,27세,부상신고
2020061100100582,2020년 6월 11일 21시,목요일,부산광역시 해운대구 재송동,경상사고,0,0,1,0,차대차 - 측면충돌,신호위반,건조,맑음,단일로 - 기타,이륜,남,20세,상해없음,자전거,남,18세,경상
2020061100100613,2020년 6월 11일 22시,목요일,부산광역시 남구 대연동,경상사고,0,0,1,0,차대차 - 추돌,안전운전불이행,건조,흐림,교차로 - 교차로부근,승용,남,27세,상해없음,승합,남,59세,경상
2020061100100614,2020년 6월 11일 22시,목요일,부산광역시 북구 화명동,경상사고,0,0,3,0,차대차 - 측면충돌,안전거리미확보,건조,맑음,단일로 - 기타,승용,남,55세,상해없음,승용,남,36세,경상
2020061100100642,2020년 6월 11일 23시,목요일,부산광역시 수영구 광안동,경상사고,0,0,1,0,차대차 - 추돌,안전운전불이행,건조,맑음,교차로 - 교차로안,승용,남,37세,기타불명,승용,여,37세,경상
2020061100100643,2020년 6월 11일 23시,목요일,부산광역시 북구 덕천동,부상신고사고,0,0,0,1,차량단독 - 공작물충돌,안전운전불이행,건조,맑음,교차로 - 교차로안,원동기,남,18세,부상신고,,,,
2020061200100004,2020년 6월 12일 00시,금요일,부산광역시 부산진구 범천동,부상신고사고,0,0,0,1,차대차 - 측면충돌,안전운전불이행,건조,맑음,단일로 - 기타,이륜,남,48세,부상신고,승용,남,67세,상해없음
2020061200100063,2020년 6월 12일 07시,금요일,부산광역시 해운대구 송정동,경상사고,0,0,1,0,차대차 - 추돌,안전거리미확보,건조,맑음,단일로 - 기타,이륜,남,51세,상해없음,승용,여,29세,경상
2020061200100090,2020년 6월 12일 08시,금요일,부산광역시 사하구 괴정동,중상사고,0,1,0,0,차대사람 - 기타,안전운전불이행,건조,맑음,기타 - 기타,화물,남,43세,상해없음,보행자,여,64세,중상
2020061200100138,2020년 6월 12일 09시,금요일,부산광역시 사상구 감전동,부상신고사고,0,0,0,1,차대차 - 측면충돌,안전운전불이행,건조,맑음,교차로 - 교차로안,화물,여,61세,부상신고,화물,남,55세,상해없음
2020061200100214,2020년 6월 12일 11시,금요일,부산광역시 남구 대연동,중상사고,0,1,0,0,차대차 - 기타,안전운전불이행,건조,맑음,단일로 - 기타,승용,여,62세,상해없음,승용,남,47세,상해없음
2020061200100215,2020년 6월 12일 11시,금요일,부산광역시 연제구 거제동,경상사고,0,0,2,0,차대차 - 추돌,안전운전불이행,건조,맑음,단일로 - 기타,승용,남,56세,상해없음,승용,남,67세,상해없음
2020061200100256,2020년 6월 12일 12시,금요일,부산광역시 부산진구 범천동,중상사고,0,1,0,0,차대사람 - 보도통행중,안전운전불이행,건조,맑음,교차로 - 교차로횡단보도내,화물,남,57세,상해없음,보행자,남,79세,중상
2020061200100257,2020년 6월 12일 12시,금요일,부산광역시 해운대구 재송동,중상사고,0,1,0,0,차대차 - 측면충돌,안전운전불이행,건조,맑음,교차로 - 교차로안,승용,남,72세,상해없음,승용,남,47세,중상
2020061200100258,2020년 6월 12일 12시,금요일,부산광역시 부산진구 부전동,부상신고사고,0,0,0,1,차대차 - 측면충돌,기타,건조,맑음,교차로 - 교차로부근,승용,남,73세,상해없음,이륜,남,39세,부상신고
2020061200100294,2020년 6월 12일 13시,금요일,부산광역시 서구 동대신동2가,경상사고,0,0,1,0,차대사람 - 기타,안전운전불이행,건조,흐림,단일로 - 기타,화물,남,57세,상해없음,보행자,여,46세,경상
2020061200100295,2020년 6월 12일 13시,금요일,부산광역시 영도구 청학동,중상사고,0,1,0,0,차대차 - 측면충돌,안전운전불이행,건조,맑음,단일로 - 기타,화물,남,38세,상해없음,이륜,남,43세,중상
2020061200100326,2020년 6월 12일 14시,금요일,부산광역시 해운대구 우동,중상사고,0,1,0,0,차대차 - 기타,기타,건조,맑음,단일로 - 기타,승용,남,64세,상해없음,자전거,남,78세,중상
2020061200100327,2020년 6월 12일 14시,금요일,부산광역시 연제구 연산동,중상사고,0,1,0,0,차대차 - 측면충돌,안전운전불이행,건조,맑음,교차로 - 교차로부근,승용,여,53세,상해없음,이륜,남,78세,중상
2020061200100361,2020년 6월 12일 15시,금요일,부산광역시 영도구 청학동,경상사고,0,0,1,0,차대차 - 측면충돌,안전운전불이행,건조,맑음,단일로 - 기타,승용,남,76세,상해없음,승용,여,42세,경상
2020061200100362,2020년 6월 12일 15시,금요일,부산광역시 부산진구 부전동,경상사고,0,0,1,0,차대사람 - 기타,신호위반,건조,맑음,단일로 - 기타,승합,남,58세,상해없음,보행자,남,66세,경상
2020061200100395,2020년 6월 12일 16시,금요일,부산광역시 동래구 복천동,중상사고,0,1,0,0,차대사람 - 횡단중,보행자보호의무위반,건조,맑음,교차로 - 교차로횡단보도내,화물,남,59세,상해없음,보행자,여,65세,중상
2020061200100396,2020년 6월 12일 16시,금요일,부산광역시 사하구 장림동,경상사고,0,0,1,0,차대차 - 추돌,안전운전불이행,건조,맑음,단일로 - 기타,화물,남,51세,상해없음,승용,남,44세,경상
2020061200100397,2020년 6월 12일 16시,금요일,부산광역시 사상구 주례동,부상신고사고,0,0,0,1,차대차 - 측면충돌,교차로운행방법위반,건조,맑음,교차로 - 교차로안,승용,남,23세,상해없음,승용,남,63세,부상신고
2020061200100439,2020년 6월 12일 17시,금요일,부산광역시 동래구 사직동,경상사고,0,0,1,0,차대차 - 측면충돌,신호위반,건조,맑음,교차로 - 교차로안,승용,여,55세,상해없음,승용,여,56세,경상
2020061200100440,2020년 6월 12일 17시,금요일,부산광역시 동래구 안락동,경상사고,0,0,2,0,차대차 - 측면충돌,안전운전불이행,건조,맑음,단일로 - 기타,화물,남,59세,경상,승용,남,77세,경상
2020061200100497,2020년 6월 12일 18시,금요일,부산광역시 북구 구포동,중상사고,0,1,0,0,차량단독 - 기타,기타,건조,맑음,단일로 - 기타,승합,남,53세,상해없음,,,,
2020061200100498,2020년 6월 12일 18시,금요일,부산광역시 부산진구 개금동,경상사고,0,0,1,0,차대차 - 추돌,안전운전불이행,건조,맑음,단일로 - 기타,승용,남,23세,상해없음,승용,여,65세,경상
2020061200100499,2020년 6월 12일 18시,금요일,부산광역시 부산진구 당감동,경상사고,0,0,1,0,차대차 - 추돌,안전거리미확보,건조,맑음,단일로 - 기타,화물,남,34세,상해없음,승용,남,65세,경상
2020061200100551,2020년 6월 12일 19시,금요일,부산광역시 동래구 사직동,경상사고,0,0,1,0,차대차 - 측면충돌,안전운전불이행,건조,맑음,단일로 - 기타,승용,남,43세,상해없음,승용,남,66세,경상
2020061200100552,2020년 6월 12일 19시,금요일,부산광역시 금정구 회동동,경상사고,0,0,1,0,차대차 - 기타,안전운전불이행,건조,맑음,미분류 - 미분류,승용,남,39세,상해없음,승용,남,41세,경상
2020061200100594,2020년 6월 12일 20시,금요일,부산광역시 동래구 온천동,경상사고,0,0,1,0,차대차 - 측면충돌,안전운전불이행,건조,맑음,단일로 - 기타,화물,남,69세,상해없음,승용,남,38세,경상
2020061200100595,2020년 6월 12일 20시,금요일,부산광역시 해운대구 우동,경상사고,0,0,2,0,차대차 - 측면충돌,안전거리미확보,건조,맑음,단일로 - 기타,승용,남,63세,상해없음,승용,남,42세,경상
2020061200100596,2020년 6월 12일 20시,금요일,부산광역시 부산진구 범천동,경상사고,0,0,1,0,차대사람 - 기타,안전운전불이행,건조,맑음,단일로 - 기타,승용,남,64세,상해없음,보행자,남,35세,경상
2020061200100674,2020년 6월 12일 22시,금요일,부산광역시 부산진구 양정동,경상사고,0,0,1,0,차대차 - 측면충돌,신호위반,건조,맑음,교차로 - 교차로안,승용,남,62세,상해없음,원동기,남,41세,경상
2020061200100722,2020년 6월 12일 23시,금요일,부산광역시 남구 대연동,경상사고,0,0,2,0,차대차 - 측면충돌,안전운전불이행,건조,흐림,교차로 - 교차로안,승용,남,51세,기타불명,승합,남,41세,경상
2020061200100723,2020년 6월 12일 23시,금요일,부산광역시 사상구 감전동,부상신고사고,0,0,0,2,차대차 - 정면충돌,중앙선침범,젖음/습기,비,단일로 - 기타,승용,남,37세,상해없음,승용,남,59세,부상신고
2020061200100724,2020년 6월 12일 23시,금요일,부산광역시 기장군 정관읍,경상사고,0,0,2,0,차대차 - 기타,안전운전불이행,건조,맑음,단일로 - 기타,화물,남,66세,상해없음,승용,여,28세,경상
2020061300100008,2020년 6월 13일 00시,토요일,부산광역시 수영구 민락동,경상사고,0,0,2,0,차대사람 - 기타,안전운전불이행,젖음/습기,비,교차로 - 교차로안,승용,남,25세,상해없음,보행자,여,24세,경상
2020061300100036,2020년 6월 13일 01시,토요일,부산광역시 남구 감만동,경상사고,0,0,5,0,차대차 - 기타,안전운전불이행,젖음/습기,비,교차로 - 교차로안,승용,남,47세,상해없음,승합,남,47세,경상
2020061300100037,2020년 6월 13일 01시,토요일,부산광역시 북구 덕천동,경상사고,0,0,1,0,차대차 - 측면충돌,안전운전불이행,젖음/습기,맑음,단일로 - 기타,승용,남,36세,상해없음,승용,남,60세,경상
2020061300100038,2020년 6월 13일 01시,토요일,부산광역시 연제구 연산동,경상사고,0,0,2,0,차대차 - 측면충돌,교차로운행방법위반,젖음/습기,비,교차로 - 교차로부근,승용,여,59세,상해없음,승용,남,60세,경상
2020061300100039,2020년 6월 13일 01시,토요일,부산광역시 연제구 연산동,경상사고,0,0,4,0,차대차 - 측면충돌,안전운전불이행,젖음/습기,맑음,교차로 - 교차로안,승용,여,46세,상해없음,승합,남,62세,경상
2020061300100055,2020년 6월 13일 02시,토요일,부산광역시 동래구 온천동,경상사고,0,0,1,1,차대차 - 측면충돌,신호위반,젖음/습기,비,교차로 - 교차로안,승용,남,57세,기타불명,승용,남,70세,부상신고
2020061300100056,2020년 6월 13일 02시,토요일,부산광역시 강서구 송정동,경상사고,0,0,1,0,차대차 - 측면충돌,신호위반,젖음/습기,맑음,교차로 - 교차로안,승합,남,59세,상해없음,승용,남,28세,경상
2020061300100070,2020년 6월 13일 03시,토요일,부산광역시 동구 초량동,경상사고,0,0,2,1,차대차 - 추돌,차로위반,젖음/습기,비,단일로 - 기타,승용,남,55세,상해없음,승용,남,66세,경상
2020061300100071,2020년 6월 13일 03시,토요일,부산광역시 수영구 망미동,경상사고,0,0,1,0,차량단독 - 전도전복 - 전복,안전운전불이행,젖음/습기,비,단일로 - 고가도로위,승용,남,62세,상해없음,,,,
2020061300100082,2020년 6월 13일 04시,토요일,부산광역시 동래구 수안동,중상사고,0,1,0,0,차대사람 - 기타,안전운전불이행,젖음/습기,맑음,단일로 - 기타,승용,남,54세,상해없음,보행자,남,45세,중상
2020061300100096,2020년 6월 13일 06시,토요일,부산광역시 부산진구 전포동,경상사고,0,0,1,0,차대차 - 추돌,안전운전불이행,젖음/습기,비,단일로 - 기타,승용,남,27세,상해없음,승용,남,53세,경상
2020061300100110,2020년 6월 13일 07시,토요일,부산광역시 영도구 봉래동5가,중상사고,0,1,1,0,차대차 - 추돌,안전운전불이행,젖음/습기,비,단일로 - 고가도로위,승용,여,47세,경상,승용,남,78세,중상
2020061300100111,2020년 6월 13일 07시,토요일,부산광역시 금정구 부곡동,중상사고,0,1,0,0,차대차 - 추돌,안전운전불이행,건조,맑음,교차로 - 교차로안,승용,남,71세,상해없음,화물,남,63세,중상
2020061300100112,2020년 6월 13일 07시,토요일,부산광역시 사하구 하단동,경상사고,0,0,2,0,차대차 - 추돌,안전운전불이행,젖음/습기,맑음,교차로 - 교차로부근,승용,남,40세,상해없음,승용,남,52세,경상
2020061300100146,2020년 6월 13일 09시,토요일,부산광역시 북구 구포동,경상사고,0,0,1,0,차대차 - 추돌,안전운전불이행,건조,맑음,단일로 - 기타,승용,남,49세,상해없음,승용,남,44세,경상
2020061300100178,2020년 6월 13일 10시,토요일,부산광역시 강서구 명지동,경상사고,0,0,1,0,차대차 - 기타,안전운전불이행,건조,맑음,교차로 - 교차로부근,승용,남,40세,상해없음,승용,여,39세,경상
2020061300100179,2020년 6월 13일 10시,토요일,부산광역시 사상구 감전동,부상신고사고,0,0,0,1,차대차 - 측면충돌,교차로운행방법위반,건조,맑음,교차로 - 교차로안,승용,남,74세,부상신고,승용,남,27세,상해없음
2020061300100208,2020년 6월 13일 11시,토요일,부산광역시 동래구 명장동,경상사고,0,0,1,0,차대차 - 기타,안전운전불이행,건조,맑음,단일로 - 기타,화물,남,38세,상해없음,이륜,남,40세,경상
2020061300100209,2020년 6월 13일 11시,토요일,부산광역시 기장군 기장읍,경상사고,0,0,2,0,차대차 - 추돌,안전운전불이행,건조,흐림,단일로 - 기타,승용,남,26세,상해없음,승용,남,60세,경상
2020061300100241,2020년 6월 13일 12시,토요일,부산광역시 연제구 연산동,경상사고,0,0,2,0,차대차 - 기타,안전운전불이행,건조,맑음,교차로 - 교차로안,승용,남,64세,상해없음,승용,남,69세,경상
2020061300100242,2020년 6월 13일 12시,토요일,부산광역시 강서구 강동동,경상사고,0,0,1,0,차대차 - 기타,안전운전불이행,건조,맑음,단일로 - 기타,화물,남,44세,상해없음,화물,남,56세,경상
2020061300100243,2020년 6월 13일 12시,토요일,부산광역시 사상구 주례동,경상사고,0,0,1,0,차대차 - 측면충돌,안전운전불이행,건조,흐림,주차장 - 주차장,이륜,남,46세,경상,승용,남,70세,상해없음
2020061300100296,2020년 6월 13일 13시,토요일,부산광역시 동구 초량동,중상사고,0,1,1,0,차대차 - 측면충돌,안전운전불이행,젖음/습기,흐림,단일로 - 기타,승용,남,60세,상해없음,이륜,남,64세,중상
2020061300100297,2020년 6월 13일 13시,토요일,부산광역시 사하구 하단동,경상사고,0,0,2,0,차대차 - 측면충돌,안전거리미확보,건조,맑음,단일로 - 기타,승용,남,37세,상해없음,승용,남,23세,경상
2020061300100328,2020년 6월 13일 14시,토요일,부산광역시 남구 용호동,경상사고,0,0,2,0,차대차 - 후진중충돌,안전운전불이행,건조,맑음,단일로 - 기타,승용,여,56세,상해없음,승용,여,32세,경상
2020061300100329,2020년 6월 13일 14시,토요일,부산광역시 사상구 주례동,경상사고,0,0,1,0,차대차 - 측면충돌,차로위반,건조,맑음,기타 - 기타,승용,남,63세,상해없음,승용,여,50세,상해없음
2020061300100357,2020년 6월 13일 15시,토요일,부산광역시 동래구 온천동,경상사고,0,0,2,0,차대차 - 측면충돌,안전거리미확보,건조,맑음,단일로 - 기타,승용,남,54세,상해없음,승용,남,21세,경상
2020061300100358,2020년 6월 13일 15시,토요일,부산광역시 해운대구 재송동,경상사고,0,0,2,0,차대차 - 추돌,안전거리미확보,건조,맑음,단일로 - 기타,승용,여,32세,상해없음,승용,여,39세,경상
2020061300100359,2020년 6월 13일 15시,토요일,부산광역시 연제구 연산동,경상사고,0,0,2,0,차대차 - 측면충돌,교차로운행방법위반,건조,흐림,교차로 - 교차로안,승용,여,21세,상해없음,승용,여,27세,경상
2020061300100447,2020년 6월 13일 17시,토요일,부산광역시 부산진구 부전동,중상사고,0,1,0,0,차대차 - 기타,안전운전불이행,건조,맑음,기타 - 기타,이륜,남,33세,상해없음,이륜,남,25세,중상
2020061300100524,2020년 6월 13일 19시,토요일,부산광역시 해운대구 반송동,중상사고,0,1,3,0,차대차 - 측면충돌,신호위반,젖음/습기,비,교차로 - 교차로안,승용,여,19세,상해없음,승용,남,39세,경상
2020061300100525,2020년 6월 13일 19시,토요일,부산광역시 부산진구 부암동,경상사고,0,0,1,0,차대차 - 기타,안전운전불이행,젖음/습기,비,교차로 - 교차로안,이륜,남,38세,경상,승용,남,35세,상해없음
2020061300100558,2020년 6월 13일 20시,토요일,부산광역시 서구 남부민동,중상사고,0,1,0,2,차대차 - 정면충돌,중앙선침범,젖음/습기,흐림,단일로 - 기타,승용,남,31세,상해없음,승합,남,37세,중상
2020061300100559,2020년 6월 13일 20시,토요일,부산광역시 연제구 거제동,경상사고,0,0,4,0,차대차 - 측면충돌,안전거리미확보,젖음/습기,비,단일로 - 기타,승용,남,57세,상해없음,승용,여,36세,경상
2020061300100594,2020년 6월 13일 21시,토요일,부산광역시 남구 용당동,경상사고,0,0,1,0,차대차 - 추돌,신호위반,젖음/습기,비,교차로 - 교차로안,승용,남,62세,상해없음,승용,남,43세,상해없음
2020061300100595,2020년 6월 13일 21시,토요일,부산광역시 사하구 신평동,경상사고,0,0,1,0,차대차 - 기타,안전운전불이행,젖음/습기,비,교차로 - 교차로안,이륜,남,57세,경상,승용,여,49세,상해없음
2020061300100631,2020년 6월 13일 22시,토요일,부산광역시 수영구 민락동,경상사고,0,0,1,0,차대차 - 추돌,안전운전불이행,건조,맑음,단일로 - 기타,승용,남,37세,상해없음,승용,남,62세,경상
2020061300100632,2020년 6월 13일 22시,토요일,부산광역시 부산진구 전포동,경상사고,0,0,1,0,차대차 - 기타,안전운전불이행,건조,맑음,교차로 - 교차로안,승용,남,30세,상해없음,이륜,남,27세,경상
2020061300100660,2020년 6월 13일 23시,토요일,부산광역시 사상구 모라동,중상사고,0,1,1,0,차대차 - 측면충돌,차로위반,건조,맑음,단일로 - 기타,승용,남,66세,상해없음,승용,남,63세,중상
2020061400100006,2020년 6월 14일 00시,일요일,부산광역시 사상구 주례동,부상신고사고,0,0,0,1,차대차 - 기타,안전운전불이행,건조,맑음,단일로 - 기타,승용,남,23세,상해없음,이륜,남,27세,부상신고
2020061400100045,2020년 6월 14일 02시,일요일,부산광역시 부산진구 전포동,경상사고,0,0,3,0,차대차 - 정면충돌,신호위반,젖음/습기,맑음,교차로 - 교차로안,승용,남,64세,상해없음,승용,남,46세,경상
2020061400100046,2020년 6월 14일 02시,일요일,부산광역시 금정구 장전동,경상사고,0,0,1,0,차대사람 - 횡단중,안전운전불이행,젖음/습기,비,교차로 - 교차로안,승용,남,20세,상해없음,보행자,남,24세,경상
2020061400100074,2020년 6월 14일 05시,일요일,부산광역시 사하구 장림동,부상신고사고,0,0,0,1,차대차 - 기타,신호위반,젖음/습기,비,교차로 - 교차로부근,승용,여,62세,기타불명,승용,남,25세,부상신고
2020061400100075,2020년 6월 14일 05시,일요일,부산광역시 사상구 감전동,경상사고,0,0,2,0,차대차 - 측면충돌,신호위반,젖음/습기,흐림,교차로 - 교차로안,승용,여,37세,경상,화물,남,48세,경상
2020061400100091,2020년 6월 14일 07시,일요일,부산광역시 부산진구 양정동,경상사고,0,0,1,0,차대차 - 추돌,안전운전불이행,젖음/습기,비,교차로 - 교차로부근,승용,남,48세,상해없음,승용,남,49세,경상
2020061400100145,2020년 6월 14일 11시,일요일,부산광역시 동래구 사직동,중상사고,0,1,0,0,차대차 - 기타,신호위반,젖음/습기,비,교차로 - 교차로안,승용,여,31세,상해없음,이륜,남,38세,중상
2020061400100170,2020년 6월 14일 12시,일요일,부산광역시 해운대구 좌동,경상사고,0,0,1,0,차대사람 - 기타,보행자보호의무위반,건조,맑음,교차로 - 교차로횡단보도내,승용,여,48세,상해없음,보행자,남,24세,경상
2020061400100197,2020년 6월 14일 13시,일요일,부산광역시 남구 대연동,경상사고,0,0,1,0,차대차 - 기타,중앙선침범,건조,맑음,단일로 - 기타,승용,남,31세,상해없음,이륜,남,39세,경상
2020061400100198,2020년 6월 14일 13시,일요일,부산광역시 동래구 수안동,경상사고,0,0,1,0,차대차 - 기타,안전거리미확보,건조,맑음,단일로 - 기타,승용,여,35세,상해없음,승용,남,29세,경상
2020061400100224,2020년 6월 14일 14시,일요일,부산광역시 동구 초량동,경상사고,0,0,3,0,차대차 - 기타,차로위반,건조,맑음,단일로 - 기타,승용,여,34세,경상,승용,남,65세,경상
2020061400100225,2020년 6월 14일 14시,일요일,부산광역시 사상구 엄궁동,중상사고,0,3,0,0,차대차 - 측면충돌,안전거리미확보,건조,맑음,기타 - 기타,승용,남,37세,상해없음,승용,여,45세,중상
2020061400100226,2020년 6월 14일 14시,일요일,부산광역시 기장군 정관읍,경상사고,0,0,1,0,차대차 - 추돌,안전운전불이행,건조,맑음,단일로 - 기타,승용,여,63세,상해없음,이륜,남,37세,경상
2020061400100270,2020년 6월 14일 15시,일요일,부산광역시 서구 동대신동1가,경상사고,0,0,1,0,차대차 - 추돌,안전운전불이행,건조,맑음,교차로 - 교차로안,승용,남,64세,상해없음,승용,여,29세,경상
2020061400100307,2020년 6월 14일 16시,일요일,부산광역시 북구 화명동,경상사고,0,0,1,0,차대차 - 측면충돌,안전운전불이행,건조,맑음,교차로 - 교차로안,승용,남,65세,상해없음,원동기,남,42세,경상
2020061400100328,2020년 6월 14일 17시,일요일,부산광역시 남구 대연동,경상사고,0,0,1,0,차대차 - 측면충돌,안전운전불이행,건조,맑음,교차로 - 교차로안,이륜,남,45세,경상,승용,남,38세,상해없음
2020061400100329,2020년 6월 14일 17시,일요일,부산광역시 부산진구 개금동,경상사고,0,0,1,0,차대차 - 기타,안전운전불이행,건조,맑음,교차로 - 교차로안,승용,여,41세,상해없음,이륜,남,19세,경상
2020061400100364,2020년 6월 14일 18시,일요일,부산광역시 동구 초량동,중상사고,0,1,0,0,차대차 - 기타,교차로운행방법위반,건조,맑음,교차로 - 교차로안,승용,남,30세,상해없음,이륜,남,25세,중상
2020061400100365,2020년 6월 14일 18시,일요일,부산광역시 연제구 거제동,경상사고,0,0,1,0,차대차 - 측면충돌,차로위반,건조,맑음,단일로 - 기타,승용,남,38세,상해없음,승용,남,39세,경상
2020061400100398,2020년 6월 14일 19시,일요일,부산광역시 부산진구 가야동,중상사고,0,1,2,0,차대차 - 기타,신호위반,건조,맑음,교차로 - 교차로안,이륜,남,39세,중상,승용,남,48세,경상
2020061400100435,2020년 6월 14일 20시,일요일,부산광역시 남구 대연동,부상신고사고,0,0,0,1,차대차 - 측면충돌,중앙선침범,건조,맑음,단일로 - 기타,승용,남,56세,상해없음,이륜,남,18세,부상신고
2020061400100459,2020년 6월 14일 21시,일요일,부산광역시 남구 문현동,중상사고,0,1,0,0,차대차 - 측면충돌,안전운전불이행,건조,맑음,교차로 - 교차로안,승용,남,52세,상해없음,이륜,남,29세,중상
2020061400100487,2020년 6월 14일 22시,일요일,부산광역시 해운대구 우동,부상신고사고,0,0,0,2,차대사람 - 기타,안전운전불이행,건조,맑음,단일로 - 기타,기타불명,기타불명,미분류,기타불명,보행자,남,50세,부상신고
2020061400100507,2020년 6월 14일 23시,일요일,부산광역시 연제구 연산동,경상사고,0,0,2,0,차대차 - 추돌,안전거리미확보,건조,맑음,단일로 - 기타,승용,남,66세,상해없음,승용,여,63세,경상
2020061500100036,2020년 6월 15일 05시,월요일,부산광역시 동래구 안락동,중상사고,0,1,0,0,차대차 - 측면충돌,신호위반,건조,맑음,교차로 - 교차로안,원동기,남,24세,중상,승용,남,61세,상해없음
2020061500100062,2020년 6월 15일 07시,월요일,부산광역시 강서구 명지동,경상사고,0,0,1,0,차대차 - 측면충돌,안전운전불이행,건조,맑음,단일로 - 기타,승용,남,35세,상해없음,승용,남,36세,경상
2020061500100086,2020년 6월 15일 08시,월요일,부산광역시 해운대구 우동,경상사고,0,0,1,0,차대차 - 정면충돌,안전거리미확보,건조,맑음,단일로 - 터널,화물,남,46세,상해없음,승용,여,46세,경상
2020061500100087,2020년 6월 15일 08시,월요일,부산광역시 강서구 죽동동,경상사고,0,0,2,0,차대차 - 기타,안전운전불이행,건조,맑음,교차로 - 교차로부근,승용,남,59세,상해없음,승용,남,33세,경상
2020061500100088,2020년 6월 15일 08시,월요일,부산광역시 사상구 학장동,부상신고사고,0,0,0,1,차대사람 - 기타,안전운전불이행,건조,맑음,기타 - 기타,화물,남,53세,상해없음,보행자,여,59세,부상신고
2020061500100147,2020년 6월 15일 09시,월요일,부산광역시 동래구 온천동,중상사고,0,1,1,0,차대차 - 정면충돌,안전운전불이행,건조,맑음,교차로 - 교차로안,승용,여,48세,경상,승용,남,59세,중상
2020061500100148,2020년 6월 15일 09시,월요일,부산광역시 사상구 덕포동,중상사고,0,1,0,0,차대사람 - 기타,안전운전불이행,건조,맑음,단일로 - 기타,화물,남,59세,상해없음,보행자,남,65세,중상
2020061500100179,2020년 6월 15일 10시,월요일,부산광역시 서구 초장동,중상사고,0,1,0,0,차대차 - 측면충돌,기타,건조,맑음,교차로 - 교차로안,화물,남,57세,상해없음,원동기,남,68세,중상
2020061500100180,2020년 6월 15일 10시,월요일,부산광역시 사상구 삼락동,경상사고,0,0,1,0,차대차 - 기타,안전운전불이행,건조,맑음,기타 - 기타,승용,남,40세,상해없음,화물,남,36세,경상
2020061500100222,2020년 6월 15일 11시,월요일,부산광역시 동래구 온천동,중상사고,0,1,0,0,차대차 - 측면충돌,신호위반,건조,맑음,교차로 - 교차로안,승용,남,57세,상해없음,이륜,남,42세,중상
2020061500100223,2020년 6월 15일 11시,월요일,부산광역시 해운대구 재송동,경상사고,0,0,1,0,차대차 - 추돌,안전거리미확보,건조,맑음,단일로 - 기타,화물,남,47세,상해없음,화물,남,30세,상해없음