사고번호,사고일시,요일,시군구,사고내용,사망자수,중상자수,경상자수,부상신고자수,사고유형,법규위반,노면상태,기상상태,도로형태,가해운전자 차종,가해운전자 성별,가해운전자 연령,가해운전자 상해정도,피해운전자 차종,피해운전자 성별,피해운전자 연령,피해운전자 상해정도
2020061500100288,2020년 6월 15일 13시,월요일,부산광역시 동구 초량동,경상사고,0,0,1,0,차대차 - 측면충돌,안전운전불이행,건조,맑음,교차로 - 교차로안,승용,여,40세,경상,승용,여,37세,상해없음
2020061500100289,2020년 6월 15일 13시,월요일,부산광역시 해운대구 반여동,경상사고,0,0,1,0,차대차 - 기타,안전운전불이행,건조,맑음,단일로 - 기타,승용,남,56세,상해없음,이륜,남,62세,경상
2020061500100290,2020년 6월 15일 13시,월요일,부산광역시 연제구 연산동,경상사고,0,0,1,0,차대차 - 기타,안전거리미확보,건조,맑음,단일로 - 기타,승용,남,50세,상해없음,승용,남,52세,경상
2020061500100322,2020년 6월 15일 14시,월요일,부산광역시 남구 문현동,경상사고,0,0,1,0,차대차 - 기타,안전거리미확보,건조,맑음,교차로 - 교차로부근,건설기계,남,41세,상해없음,승용,남,48세,경상
2020061500100323,2020년 6월 15일 14시,월요일,부산광역시 금정구 오륜동,경상사고,0,0,1,0,차대사람 - 기타,안전운전불이행,건조,맑음,단일로 - 기타,승용,남,59세,상해없음,보행자,남,58세,경상
2020061500100324,2020년 6월 15일 14시,월요일,부산광역시 기장군 기장읍,경상사고,0,0,1,0,차대차 - 측면충돌,기타,건조,맑음,교차로 - 교차로안,승용,남,53세,상해없음,자전거,남,8세,경상
2020061500100374,2020년 6월 15일 15시,월요일,부산광역시 남구 용당동,경상사고,0,0,1,0,차대차 - 측면충돌,안전운전불이행,건조,맑음,교차로 - 교차로부근,화물,남,75세,상해없음,승용,남,47세,경상
2020061500100375,2020년 6월 15일 15시,월요일,부산광역시 동래구 온천동,부상신고사고,0,0,0,1,차대차 - 측면충돌,안전운전불이행,건조,맑음,교차로 - 교차로부근,자전거,남,73세,부상신고,승용,남,80세,상해없음
2020061500100376,2020년 6월 15일 15시,월요일,부산광역시 해운대구 재송동,사망사고,1,2,1,0,차대차 - 측면충돌,중앙선침범,건조,맑음,단일로 - 기타,승용,남,71세,상해없음,승용,여,60세,경상
2020061500100412,2020년 6월 15일 16시,월요일,부산광역시 동래구 수안동,경상사고,0,0,1,0,차대차 - 후진중충돌,안전운전불이행,건조,맑음,교차로 - 교차로안,승용,여,60세,상해없음,승용,여,37세,경상
2020061500100413,2020년 6월 15일 16시,월요일,부산광역시 부산진구 범천동,경상사고,0,0,1,0,차대사람 - 기타,안전운전불이행,건조,맑음,단일로 - 기타,승용,여,25세,상해없음,보행자,여,50세,경상
2020061500100471,2020년 6월 15일 17시,월요일,부산광역시 서구 동대신동3가,경상사고,0,0,1,0,차대차 - 추돌,안전운전불이행,건조,맑음,교차로 - 교차로부근,승용,남,77세,상해없음,승용,여,37세,경상
2020061500100472,2020년 6월 15일 17시,월요일,부산광역시 남구 대연동,경상사고,0,0,1,0,차대차 - 측면충돌,안전운전불이행,건조,맑음,교차로 - 교차로안,승용,남,23세,상해없음,승용,남,61세,경상
2020061500100473,2020년 6월 15일 17시,월요일,부산광역시 동래구 안락동,부상신고사고,0,0,0,1,차대사람 - 횡단중,안전운전불이행,건조,맑음,교차로 - 교차로안,승용,남,57세,상해없음,보행자,여,7세,부상신고
2020061500100474,2020년 6월 15일 17시,월요일,부산광역시 연제구 연산동,부상신고사고,0,0,0,1,차대차 - 기타,차로위반,건조,맑음,교차로 - 교차로안,이륜,남,16세,부상신고,승용,남,66세,상해없음
2020061500100535,2020년 6월 15일 18시,월요일,부산광역시 동래구 명륜동,경상사고,0,0,1,0,차대차 - 추돌,안전운전불이행,건조,맑음,단일로 - 기타,승용,여,61세,상해없음,승용,남,37세,경상
2020061500100536,2020년 6월 15일 18시,월요일,부산광역시 부산진구 부전동,경상사고,0,0,1,0,차대사람 - 기타,안전운전불이행,건조,맑음,단일로 - 기타,승용,남,55세,상해없음,보행자,여,21세,경상
2020061500100537,2020년 6월 15일 18시,월요일,부산광역시 수영구 망미동,경상사고,0,0,1,0,차대사람 - 횡단중,보행자보호의무위반,건조,맑음,단일로 - 기타,승용,여,47세,상해없음,보행자,여,59세,경상
2020061500100538,2020년 6월 15일 18시,월요일,부산광역시 연제구 연산동,경상사고,0,0,1,0,차대차 - 기타,교차로운행방법위반,건조,맑음,단일로 - 기타,승용,남,78세,상해없음,승용,여,61세,경상
2020061500100539,2020년 6월 15일 18시,월요일,부산광역시 연제구 연산동,중상사고,0,1,0,0,차대차 - 측면충돌,불법유턴,건조,맑음,단일로 - 기타,승용,여,49세,상해없음,자전거,여,66세,중상
2020061500100540,2020년 6월 15일 18시,월요일,부산광역시 사상구 학장동,경상사고,0,0,2,0,차대차 - 측면충돌,교차로운행방법위반,건조,맑음,교차로 - 교차로안,승용,남,50세,경상,승용,남,55세,경상
2020061500100616,2020년 6월 15일 20시,월요일,부산광역시 서구 아미동2가,경상사고,0,0,2,0,차대차 - 추돌,안전운전불이행,건조,맑음,단일로 - 기타,승용,남,22세,상해없음,화물,남,58세,경상
2020061500100692,2020년 6월 15일 23시,월요일,부산광역시 남구 대연동,중상사고,0,1,1,0,차대사람 - 차도통행중,안전운전불이행,건조,맑음,교차로 - 교차로부근,승용,남,66세,상해없음,보행자,남,24세,중상
2020061600100003,2020년 6월 16일 00시,화요일,부산광역시 연제구 연산동,중상사고,0,1,0,0,차대차 - 기타,차로위반,건조,맑음,단일로 - 기타,승용,남,63세,상해없음,화물,남,47세,중상
2020061600100018,2020년 6월 16일 02시,화요일,부산광역시 중구 광복동1가,경상사고,0,0,1,0,차대차 - 측면충돌,신호위반,건조,맑음,교차로 - 교차로안,승용,남,53세,상해없음,승용,남,22세,경상
2020061600100019,2020년 6월 16일 02시,화요일,부산광역시 강서구 대저1동,경상사고,0,0,2,0,차대차 - 기타,안전운전불이행,건조,맑음,교차로 - 교차로부근,승용,남,38세,상해없음,승용,남,56세,경상
2020061600100047,2020년 6월 16일 06시,화요일,부산광역시 기장군 기장읍,경상사고,0,0,2,0,차대차 - 추돌,안전운전불이행,건조,맑음,단일로 - 기타,승용,남,66세,상해없음,승용,남,35세,경상
2020061600100061,2020년 6월 16일 07시,화요일,부산광역시 영도구 대교동1가,중상사고,0,2,0,0,차대차 - 측면충돌,안전운전불이행,건조,맑음,교차로 - 교차로안,승합,남,56세,중상,이륜,남,59세,중상
2020061600100062,2020년 6월 16일 07시,화요일,부산광역시 연제구 연산동,중상사고,0,1,1,0,차대차 - 측면충돌,신호위반,건조,맑음,교차로 - 교차로안,원동기,남,20세,기타불명,승용,남,48세,경상
2020061600100099,2020년 6월 16일 08시,화요일,부산광역시 사하구 장림동,경상사고,0,0,1,0,차대차 - 추돌,안전거리미확보,건조,맑음,교차로 - 교차로부근,승합,여,39세,상해없음,승용,여,36세,경상
2020061600100100,2020년 6월 16일 08시,화요일,부산광역시 연제구 거제동,경상사고,0,0,1,0,차대사람 - 기타,기타,건조,맑음,단일로 - 기타,승용,남,74세,상해없음,보행자,여,28세,경상
2020061600100144,2020년 6월 16일 09시,화요일,부산광역시 남구 대연동,경상사고,0,0,1,0,차대차 - 측면충돌,안전운전불이행,건조,맑음,교차로 - 교차로안,승용,여,64세,상해없음,화물,남,41세,경상
2020061600100171,2020년 6월 16일 10시,화요일,부산광역시 동래구 명장동,경상사고,0,0,1,0,차대차 - 후진중충돌,안전거리미확보,건조,맑음,교차로 - 교차로안,승용,여,56세,상해없음,승용,여,51세,경상
2020061600100172,2020년 6월 16일 10시,화요일,부산광역시 동래구 명장동,경상사고,0,0,2,0,차대차 - 추돌,안전운전불이행,건조,맑음,단일로 - 기타,승용,남,71세,상해없음,승용,남,61세,경상
2020061600100173,2020년 6월 16일 10시,화요일,부산광역시 부산진구 부전동,부상신고사고,0,0,0,1,차대차 - 기타,안전운전불이행,건조,맑음,단일로 - 기타,원동기,남,22세,부상신고,승용,남,52세,상해없음
2020061600100174,2020년 6월 16일 10시,화요일,부산광역시 수영구 수영동,중상사고,0,1,0,0,차대차 - 정면충돌,안전운전불이행,건조,맑음,단일로 - 기타,승합,남,41세,상해없음,화물,남,61세,중상
2020061600100175,2020년 6월 16일 10시,화요일,부산광역시 기장군 기장읍,경상사고,0,0,1,0,차대차 - 추돌,안전운전불이행,건조,맑음,단일로 - 기타,승용,남,74세,상해없음,승용,여,55세,경상
2020061600100243,2020년 6월 16일 12시,화요일,부산광역시 서구 암남동,경상사고,0,0,1,0,차대차 - 추돌,안전운전불이행,건조,맑음,단일로 - 기타,승용,남,25세,상해없음,승용,남,49세,경상
2020061600100244,2020년 6월 16일 12시,화요일,부산광역시 금정구 부곡동,부상신고사고,0,0,0,1,차대차 - 기타,중앙선침범,건조,맑음,단일로 - 기타,이륜,남,30세,부상신고,화물,남,52세,상해없음
2020061600100275,2020년 6월 16일 13시,화요일,부산광역시 남구 대연동,경상사고,0,0,1,0,차대사람 - 기타,안전운전불이행,건조,맑음,단일로 - 기타,승용,남,57세,상해없음,보행자,남,10세,경상
2020061600100276,2020년 6월 16일 13시,화요일,부산광역시 해운대구 반여동,중상사고,0,1,0,0,차대차 - 추돌,안전거리미확보,건조,맑음,교차로 - 교차로부근,승용,남,58세,상해없음,승용,남,25세,중상
2020061600100310,2020년 6월 16일 14시,화요일,부산광역시 동구 좌천동,경상사고,0,0,1,0,차량단독 - 전도전복 - 전도,안전운전불이행,건조,맑음,단일로 - 고가도로위,특수,남,65세,경상,,,,
2020061600100311,2020년 6월 16일 14시,화요일,부산광역시 부산진구 범천동,경상사고,0,0,1,0,차량단독 - 공작물충돌,안전운전불이행,건조,맑음,단일로 - 기타,승용,남,53세,상해없음,,,,
2020061600100312,2020년 6월 16일 14시,화요일,부산광역시 강서구 대저2동,중상사고,0,1,0,0,차대차 - 기타,안전운전불이행,건조,맑음,단일로 - 교량,건설기계,남,58세,상해없음,승용,여,25세,중상
2020061600100349,2020년 6월 16일 15시,화요일,부산광역시 남구 대연동,경상사고,0,0,1,0,차대차 - 추돌,안전거리미확보,건조,맑음,단일로 - 기타,승용,남,53세,상해없음,승용,남,62세,경상
2020061600100350,2020년 6월 16일 15시,화요일,부산광역시 북구 구포동,중상사고,0,1,0,0,차대차 - 기타,교차로운행방법위반,건조,맑음,교차로 - 교차로안,승용,남,46세,상해없음,이륜,남,56세,중상
2020061600100351,2020년 6월 16일 15시,화요일,부산광역시 금정구 금사동,경상사고,0,0,3,0,차대차 - 측면충돌,기타,건조,맑음,교차로 - 교차로안,승용,남,81세,경상,화물,남,54세,경상
2020061600100352,2020년 6월 16일 15시,화요일,부산광역시 연제구 연산동,경상사고,0,0,1,0,차대사람 - 길가장자리구역통행중,안전운전불이행,건조,맑음,단일로 - 기타,승용,여,32세,상해없음,보행자,여,32세,경상
2020061600100405,2020년 6월 16일 16시,화요일,부산광역시 사상구 괘법동,경상사고,0,0,2,0,차대차 - 정면충돌,교차로운행방법위반,건조,맑음,교차로 - 교차로안,승합,남,74세,상해없음,이륜,남,63세,경상
2020061600100406,2020년 6월 16일 16시,화요일,부산광역시 사상구 감전동,중상사고,0,1,0,0,차대차 - 추돌,안전운전불이행,건조,맑음,단일로 - 기타,승용,여,59세,상해없음,원동기,남,57세,중상
2020061600100443,2020년 6월 16일 17시,화요일,부산광역시 서구 서대신동3가,경상사고,0,0,1,0,차대차 - 측면충돌,직진우회전진행방해,건조,맑음,교차로 - 교차로안,이륜,남,48세,경상,승합,남,76세,상해없음
2020061600100444,2020년 6월 16일 17시,화요일,부산광역시 부산진구 범천동,경상사고,0,0,1,0,차량단독 - 기타,기타,건조,맑음,단일로 - 기타,승합,남,58세,상해없음,,,,
2020061600100446,2020년 6월 16일 17시,화요일,부산광역시 연제구 연산동,경상사고,0,0,2,0,차대차 - 측면충돌,안전거리미확보,건조,맑음,단일로 - 기타,승용,여,29세,경상,승용,여,64세,경상
2020061600100498,2020년 6월 16일 18시,화요일,부산광역시 중구 중앙동4가,경상사고,0,0,1,0,차대사람 - 기타,안전운전불이행,건조,맑음,단일로 - 기타,승용,여,32세,상해없음,보행자,남,31세,경상
2020061600100499,2020년 6월 16일 18시,화요일,부산광역시 동래구 수안동,경상사고,0,0,1,0,차대사람 - 횡단중,보행자보호의무위반,건조,맑음,단일로 - 기타,승용,여,39세,상해없음,보행자,남,65세,경상
2020061600100547,2020년 6월 16일 19시,화요일,부산광역시 해운대구 재송동,경상사고,0,0,1,0,차대사람 - 횡단중,안전운전불이행,건조,맑음,교차로 - 교차로횡단보도내,승용,남,19세,상해없음,보행자,여,76세,경상
2020061600100548,2020년 6월 16일 19시,화요일,부산광역시 금정구 남산동,경상사고,0,0,1,0,차대사람 - 기타,보행자보호의무위반,건조,맑음,교차로 - 교차로횡단보도내,이륜,남,23세,상해없음,보행자,남,5세,경상
2020061600100619,2020년 6월 16일 21시,화요일,부산광역시 부산진구 양정동,경상사고,0,0,1,0,차대차 - 측면충돌,중앙선침범,건조,맑음,교차로 - 교차로안,개인형이동수단(PM),여,25세,경상,승용,여,41세,상해없음
2020061600100620,2020년 6월 16일 21시,화요일,부산광역시 사하구 장림동,경상사고,0,0,3,0,차대차 - 추돌,안전운전불이행,건조,기타,교차로 - 교차로부근,승합,남,72세,상해없음,승용,남,64세,경상
2020061600100641,2020년 6월 16일 22시,화요일,부산광역시 부산진구 가야동,경상사고,0,0,2,0,차대차 - 추돌,안전운전불이행,건조,맑음,단일로 - 기타,승용,남,37세,상해없음,승합,남,47세,경상
2020061600100642,2020년 6월 16일 22시,화요일,부산광역시 부산진구 부전동,경상사고,0,0,1,0,차대사람 - 횡단중,보행자보호의무위반,건조,맑음,교차로 - 교차로부근,기타불명,기타불명,미분류,기타불명,보행자,여,24세,경상
2020061700100014,2020년 6월 17일 01시,수요일,부산광역시 북구 덕천동,사망사고,1,0,0,0,차량단독 - 공작물충돌,안전운전불이행,건조,맑음,단일로 - 기타,이륜,남,23세,사망,,,,
2020061700100020,2020년 6월 17일 02시,수요일,부산광역시 영도구 영선동4가,중상사고,0,1,0,0,차량단독 - 전도전복 - 전도,안전운전불이행,건조,맑음,단일로 - 기타,이륜,남,60세,중상,,,,
2020061700100030,2020년 6월 17일 04시,수요일,부산광역시 해운대구 석대동,중상사고,0,1,0,0,차량단독 - 기타,안전운전불이행,건조,맑음,단일로 - 기타,이륜,남,25세,중상,,,,
2020061700100049,2020년 6월 17일 06시,수요일,부산광역시 부산진구 범천동,중상사고,0,1,0,0,차대차 - 기타,교차로운행방법위반,건조,맑음,교차로 - 교차로안,이륜,남,66세,중상,화물,남,32세,상해없음
2020061700100050,2020년 6월 17일 06시,수요일,부산광역시 강서구 범방동,중상사고,0,1,0,0,차대차 - 측면충돌,신호위반,건조,맑음,교차로 - 교차로횡단보도내,승합,여,25세,상해없음,이륜,남,67세,중상
2020061700100063,2020년 6월 17일 07시,수요일,부산광역시 동래구 낙민동,경상사고,0,0,1,0,차대차 - 측면충돌,신호위반,건조,맑음,교차로 - 교차로안,화물,남,64세,상해없음,승용,남,35세,경상
2020061700100064,2020년 6월 17일 07시,수요일,부산광역시 금정구 구서동,경상사고,0,0,1,0,차대사람 - 길가장자리구역통행중,안전운전불이행,건조,맑음,단일로 - 기타,승용,남,46세,상해없음,보행자,여,36세,경상
2020061700100095,2020년 6월 17일 08시,수요일,부산광역시 서구 토성동5가,경상사고,0,0,1,1,차대차 - 측면충돌,안전운전불이행,건조,맑음,교차로 - 교차로안,승용,남,75세,부상신고,승용,여,59세,경상
2020061700100096,2020년 6월 17일 08시,수요일,부산광역시 동래구 낙민동,경상사고,0,0,1,0,차대차 - 측면충돌,교차로운행방법위반,건조,맑음,교차로 - 교차로안,건설기계,남,53세,상해없음,승용,남,58세,경상
2020061700100097,2020년 6월 17일 08시,수요일,부산광역시 금정구 부곡동,경상사고,0,0,1,0,차대사람 - 길가장자리구역통행중,안전운전불이행,건조,맑음,단일로 - 기타,승용,남,55세,상해없음,보행자,여,41세,경상
2020061700100098,2020년 6월 17일 08시,수요일,부산광역시 사하구 하단동,경상사고,0,0,1,0,차대차 - 정면충돌,안전운전불이행,건조,맑음,교차로 - 교차로부근,승용,여,43세,상해없음,승용,여,49세,경상
2020061700100099,2020년 6월 17일 08시,수요일,부산광역시 연제구 연산동,중상사고,0,1,2,0,차대차 - 추돌,안전운전불이행,건조,맑음,교차로 - 교차로부근,승용,남,61세,기타불명,승용,남,62세,중상
2020061700100100,2020년 6월 17일 08시,수요일,부산광역시 연제구 거제동,경상사고,0,0,1,0,차대차 - 기타,직진우회전진행방해,건조,맑음,교차로 - 교차로안,승용,여,46세,상해없음,승용,남,31세,경상
2020061700100101,2020년 6월 17일 08시,수요일,부산광역시 강서구 대저2동,경상사고,0,0,1,0,차대차 - 측면충돌,안전거리미확보,건조,맑음,교차로 - 교차로안,기타불명,기타불명,미분류,기타불명,승용,여,32세,경상
2020061700100170,2020년 6월 17일 10시,수요일,부산광역시 해운대구 우동,경상사고,0,0,1,0,차대사람 - 횡단중,안전운전불이행,건조,흐림,교차로 - 교차로부근,승용,여,57세,상해없음,보행자,여,85세,경상
2020061700100196,2020년 6월 17일 11시,수요일,부산광역시 해운대구 반송동,경상사고,0,0,1,0,차대사람 - 기타,안전운전불이행,건조,맑음,단일로 - 기타,승용,남,40세,상해없음,보행자,여,52세,경상
2020061700100197,2020년 6월 17일 11시,수요일,부산광역시 부산진구 개금동,경상사고,0,0,1,0,차대차 - 추돌,안전운전불이행,건조,맑음,단일로 - 기타,이륜,남,21세,상해없음,승용,남,71세,상해없음
2020061700100198,2020년 6월 17일 11시,수요일,부산광역시 금정구 부곡동,경상사고,0,0,1,0,차대차 - 측면충돌,신호위반,건조,맑음,교차로 - 교차로안,승용,남,68세,상해없음,이륜,남,24세,경상
2020061700100199,2020년 6월 17일 11시,수요일,부산광역시 사상구 삼락동,경상사고,0,0,1,0,차대차 - 기타,안전운전불이행,건조,맑음,단일로 - 기타,화물,남,33세,상해없음,승용,남,60세,경상
2020061700100272,2020년 6월 17일 13시,수요일,부산광역시 동구 초량동,중상사고,0,2,0,0,차대사람 - 차도통행중,안전운전불이행,건조,맑음,단일로 - 기타,승용,남,49세,상해없음,보행자,여,7세,중상
2020061700100273,2020년 6월 17일 13시,수요일,부산광역시 영도구 대교동1가,중상사고,0,1,0,0,차대사람 - 기타,보행자보호의무위반,건조,맑음,교차로 - 교차로안,승용,남,64세,상해없음,보행자,여,76세,중상
2020061700100304,2020년 6월 17일 14시,수요일,부산광역시 중구 중앙동4가,부상신고사고,0,0,0,1,차대차 - 정면충돌,신호위반,건조,맑음,교차로 - 교차로부근,자전거,남,63세,부상신고,승합,남,42세,상해없음
2020061700100354,2020년 6월 17일 15시,수요일,부산광역시 수영구 남천동,중상사고,0,1,0,0,차대차 - 추돌,안전운전불이행,건조,맑음,교차로 - 교차로부근,승용,남,33세,상해없음,승용,남,63세,중상
2020061700100355,2020년 6월 17일 15시,수요일,부산광역시 금정구 노포동,경상사고,0,0,5,1,차대차 - 추돌,안전운전불이행,건조,맑음,교차로 - 교차로안,화물,남,61세,경상,승용,여,71세,부상신고
2020061700100356,2020년 6월 17일 15시,수요일,부산광역시 금정구 구서동,경상사고,0,0,1,0,차대차 - 측면충돌,교차로운행방법위반,건조,맑음,교차로 - 교차로안,승용,남,67세,상해없음,승용,남,33세,경상
2020061700100378,2020년 6월 17일 16시,수요일,부산광역시 부산진구 전포동,경상사고,0,0,1,0,차대사람 - 길가장자리구역통행중,기타,건조,맑음,단일로 - 기타,기타불명,기타불명,미분류,기타불명,보행자,남,60세,경상
2020061700100413,2020년 6월 17일 17시,수요일,부산광역시 수영구 광안동,중상사고,0,1,0,0,차대사람 - 기타,안전운전불이행,건조,맑음,교차로 - 교차로안,승용,남,65세,상해없음,보행자,여,25세,중상
2020061700100414,2020년 6월 17일 17시,수요일,부산광역시 연제구 연산동,중상사고,0,1,0,0,차대차 - 기타,신호위반,건조,맑음,교차로 - 교차로안,승용,여,47세,상해없음,이륜,남,71세,중상
2020061700100458,2020년 6월 17일 18시,수요일,부산광역시 기장군 정관읍,경상사고,0,0,1,0,차대차 - 측면충돌,안전운전불이행,건조,맑음,교차로 - 교차로안,승용,남,62세,상해없음,승용,여,32세,경상
2020061700100497,2020년 6월 17일 19시,수요일,부산광역시 남구 대연동,경상사고,0,0,1,0,차대차 - 측면충돌,안전운전불이행,건조,맑음,교차로 - 교차로안,승용,남,57세,상해없음,승용,남,64세,경상
2020061700100498,2020년 6월 17일 19시,수요일,부산광역시 북구 화명동,경상사고,0,0,1,0,차대차 - 측면충돌,보행자보호의무위반,건조,맑음,단일로 - 지하차도(도로)내,이륜,남,18세,상해없음,자전거,남,8세,경상
2020061700100499,2020년 6월 17일 19시,수요일,부산광역시 부산진구 부전동,경상사고,0,0,1,0,차대사람 - 횡단중,보행자보호의무위반,건조,맑음,단일로 - 기타,이륜,남,30세,상해없음,보행자,여,38세,경상
2020061700100500,2020년 6월 17일 19시,수요일,부산광역시 강서구 대저1동,경상사고,0,0,1,0,차대차 - 측면충돌,안전운전불이행,건조,맑음,단일로 - 기타,화물,남,62세,경상,승용,여,27세,상해없음
2020061700100564,2020년 6월 17일 21시,수요일,부산광역시 북구 덕천동,경상사고,0,0,1,0,차대차 - 기타,교차로운행방법위반,건조,맑음,교차로 - 교차로안,승용,남,22세,상해없음,이륜,남,37세,경상
2020061700100594,2020년 6월 17일 22시,수요일,부산광역시 남구 문현동,중상사고,0,1,1,0,차대차 - 추돌,차로위반,건조,맑음,기타 - 기타,승용,남,50세,상해없음,승용,남,67세,경상
2020061700100595,2020년 6월 17일 22시,수요일,부산광역시 금정구 부곡동,중상사고,0,1,0,0,차대사람 - 기타,안전운전불이행,건조,맑음,단일로 - 기타,승용,여,54세,상해없음,보행자,남,51세,중상
2020061700100622,2020년 6월 17일 23시,수요일,부산광역시 남구 용당동,경상사고,0,0,1,0,차대차 - 기타,안전운전불이행,건조,맑음,기타 - 기타,승용,남,39세,상해없음,승용,남,57세,경상
2020061800100002,2020년 6월 18일 00시,목요일,부산광역시 사하구 하단동,경상사고,0,0,2,0,차대차 - 기타,안전운전불이행,젖음/습기,비,교차로 - 교차로부근,이륜,남,42세,상해없음,승용,여,57세,경상
2020061800100030,2020년 6월 18일 02시,목요일,부산광역시 사하구 괴정동,경상사고,0,0,1,0,차대사람 - 차도통행중,안전운전불이행,젖음/습기,비,교차로 - 교차로안,승용,남,46세,상해없음,보행자,남,62세,경상
2020061800100054,2020년 6월 18일 04시,목요일,부산광역시 사하구 장림동,중상사고,0,1,0,0,차대사람 - 횡단중,보행자보호의무위반,젖음/습기,비,단일로 - 기타,화물,남,40세,상해없음,보행자,여,56세,중상
2020061800100073,2020년 6월 18일 06시,목요일,부산광역시 사하구 하단동,중상사고,0,1,3,0,차대차 - 기타,중앙선침범,젖음/습기,비,단일로 - 기타,화물,남,56세,경상,승용,남,63세,경상
2020061800100168,2020년 6월 18일 09시,목요일,부산광역시 동래구 온천동,경상사고,0,0,1,0,차대차 - 추돌,안전운전불이행,젖음/습기,비,단일로 - 기타,화물,남,45세,상해없음,승용,남,69세,경상
2020061800100169,2020년 6월 18일 09시,목요일,부산광역시 금정구 구서동,경상사고,0,0,1,0,차대차 - 측면충돌,안전운전불이행,젖음/습기,비,단일로 - 기타,건설기계,남,74세,상해없음,승합,여,48세,경상
2020061800100170,2020년 6월 18일 09시,목요일,부산광역시 연제구 연산동,경상사고,0,0,1,0,차대사람 - 차도통행중,안전운전불이행,젖음/습기,비,단일로 - 기타,승용,여,31세,상해없음,보행자,남,24세,경상
2020061800100171,2020년 6월 18일 09시,목요일,부산광역시 사상구 주례동,부상신고사고,0,0,0,1,차대사람 - 기타,안전운전불이행,젖음/습기,비,교차로 - 교차로안,승용,남,51세,상해없음,보행자,남,49세,부상신고
2020061800100205,2020년 6월 18일 10시,목요일,부산광역시 해운대구 우동,중상사고,0,1,0,0,차대사람 - 기타,안전운전불이행,젖음/습기,비,단일로 - 기타,승용,남,46세,상해없음,보행자,여,78세,중상
2020061800100206,2020년 6월 18일 10시,목요일,부산광역시 금정구 금사동,경상사고,0,0,1,0,차대차 - 기타,신호위반,젖음/습기,비,교차로 - 교차로안,승용,여,66세,상해없음,승용,남,54세,경상
2020061800100236,2020년 6월 18일 11시,목요일,부산광역시 서구 동대신동3가,부상신고사고,0,0,0,1,차대차 - 측면충돌,안전거리미확보,젖음/습기,비,교차로 - 교차로부근,화물,남,68세,상해없음,승용,남,29세,부상신고
2020061800100276,2020년 6월 18일 12시,목요일,부산광역시 남구 대연동,중상사고,0,1,0,0,차량단독 - 기타,기타,건조,맑음,단일로 - 기타,승합,남,51세,상해없음,,,,
2020061800100306,2020년 6월 18일 13시,목요일,부산광역시 연제구 연산동,경상사고,0,0,1,0,차대차 - 기타,기타,젖음/습기,비,교차로 - 교차로안,이륜,남,31세,경상,승용,여,66세,상해없음
2020061800100337,2020년 6월 18일 14시,목요일,부산광역시 부산진구 개금동,부상신고사고,0,0,0,1,차대차 - 측면충돌,안전운전불이행,젖음/습기,비,단일로 - 기타,이륜,남,52세,부상신고,승용,남,50세,상해없음
2020061800100392,2020년 6월 18일 16시,목요일,부산광역시 수영구 광안동,경상사고,0,0,1,0,차대사람 - 기타,안전운전불이행,젖음/습기,비,단일로 - 기타,승합,남,43세,상해없음,보행자,남,25세,경상
2020061800100393,2020년 6월 18일 16시,목요일,부산광역시 강서구 미음동,경상사고,0,0,1,0,차대차 - 추돌,안전거리미확보,젖음/습기,비,교차로 - 교차로안,승합,남,46세,상해없음,승용,여,62세,경상
2020061800100418,2020년 6월 18일 17시,목요일,부산광역시 강서구 성북동,경상사고,0,0,1,0,차대차 - 추돌,안전운전불이행,건조,맑음,교차로 - 교차로부근,화물,남,43세,상해없음,승용,남,47세,경상
2020061800100419,2020년 6월 18일 17시,목요일,부산광역시 사상구 모라동,중상사고,0,1,0,0,차대사람 - 횡단중,보행자보호의무위반,젖음/습기,비,교차로 - 교차로횡단보도내,승용,여,55세,상해없음,보행자,여,21세,중상
2020061800100463,2020년 6월 18일 18시,목요일,부산광역시 동래구 안락동,경상사고,0,0,1,0,차대차 - 추돌,안전운전불이행,젖음/습기,비,단일로 - 기타,승용,남,59세,상해없음,승용,남,26세,경상
2020061800100464,2020년 6월 18일 18시,목요일,부산광역시 부산진구 초읍동,경상사고,0,0,3,0,차대차 - 추돌,안전운전불이행,젖음/습기,비,기타 - 기타,승용,여,37세,상해없음,이륜,남,48세,경상
2020061800100498,2020년 6월 18일 19시,목요일,부산광역시 동래구 안락동,중상사고,0,1,0,1,차대차 - 추돌,안전운전불이행,건조,맑음,단일로 - 기타,승용,남,74세,상해없음,승용,남,47세,부상신고
2020061800100499,2020년 6월 18일 19시,목요일,부산광역시 강서구 대저1동,경상사고,0,0,1,0,차대차 - 추돌,안전운전불이행,건조,맑음,단일로 - 기타,화물,남,60세,상해없음,승용,여,38세,경상
2020061800100533,2020년 6월 18일 20시,목요일,부산광역시 금정구 구서동,경상사고,0,0,1,0,차대차 - 기타,안전운전불이행,젖음/습기,비,교차로 - 교차로부근,승용,여,58세,상해없음,승용,여,28세,경상
2020061800100534,2020년 6월 18일 20시,목요일,부산광역시 강서구 명지동,경상사고,0,0,3,0,차대차 - 추돌,안전운전불이행,건조,맑음,교차로 - 교차로부근,승용,남,49세,상해없음,승용,남,32세,경상