사고번호,사고일시,요일,시군구,사고내용,사망자수,중상자수,경상자수,부상신고자수,사고유형,법규위반,노면상태,기상상태,도로형태,가해운전자 차종,가해운전자 성별,가해운전자 연령,가해운전자 상해정도,피해운전자 차종,피해운전자 성별,피해운전자 연령,피해운전자 상해정도
2020070200100602,2020년 7월 2일 23시,목요일,부산광역시 중구 대청동4가,경상사고,0,0,1,0,차대차 - 측면충돌,신호위반,건조,맑음,교차로 - 교차로안,승용,남,70세,상해없음,개인형이동수단(PM),남,45세,경상
2020070300100004,2020년 7월 3일 00시,금요일,부산광역시 강서구 명지동,경상사고,0,0,3,0,차대차 - 추돌,안전운전불이행,건조,맑음,단일로 - 기타,승용,남,65세,상해없음,승용,남,27세,경상
2020070300100019,2020년 7월 3일 01시,금요일,부산광역시 강서구 대저1동,중상사고,0,1,1,0,차대차 - 기타,안전운전불이행,건조,맑음,단일로 - 고가도로위,특수,남,52세,상해없음,승용,여,40세,경상
2020070300100041,2020년 7월 3일 03시,금요일,부산광역시 부산진구 개금동,중상사고,0,1,0,0,차대차 - 추돌,안전운전불이행,건조,기타,단일로 - 고가도로위,승용,남,36세,기타불명,승용,남,48세,중상
2020070300100055,2020년 7월 3일 04시,금요일,부산광역시 해운대구 재송동,경상사고,0,0,1,0,차대차 - 기타,안전운전불이행,건조,맑음,단일로 - 기타,승용,여,42세,상해없음,승합,남,48세,경상
2020070300100063,2020년 7월 3일 05시,금요일,부산광역시 부산진구 전포동,경상사고,0,0,1,0,차대차 - 측면충돌,안전거리미확보,건조,맑음,단일로 - 기타,승용,남,66세,상해없음,승합,남,52세,경상
2020070300100068,2020년 7월 3일 06시,금요일,부산광역시 부산진구 양정동,경상사고,0,0,1,0,차대사람 - 기타,안전운전불이행,건조,맑음,기타 - 기타,승용,남,58세,상해없음,보행자,남,24세,경상
2020070300100082,2020년 7월 3일 07시,금요일,부산광역시 부산진구 당감동,경상사고,0,0,1,0,차대사람 - 횡단중,보행자보호의무위반,건조,맑음,단일로 - 기타,승용,남,34세,상해없음,보행자,남,61세,경상
2020070300100083,2020년 7월 3일 07시,금요일,부산광역시 연제구 연산동,중상사고,0,1,1,0,차대차 - 추돌,안전운전불이행,건조,맑음,단일로 - 기타,승용,남,21세,상해없음,승합,남,57세,중상
2020070300100104,2020년 7월 3일 08시,금요일,부산광역시 동래구 온천동,중상사고,0,1,0,0,차대차 - 기타,안전운전불이행,건조,맑음,단일로 - 기타,승용,여,64세,상해없음,자전거,남,77세,중상
2020070300100106,2020년 7월 3일 08시,금요일,부산광역시 연제구 연산동,중상사고,0,1,1,0,차대차 - 추돌,교차로운행방법위반,건조,맑음,교차로 - 교차로안,승용,여,48세,경상,승용,남,60세,중상
2020070300100107,2020년 7월 3일 08시,금요일,부산광역시 사상구 학장동,경상사고,0,0,1,0,차대차 - 측면충돌,안전운전불이행,건조,흐림,교차로 - 교차로안,자전거,남,62세,경상,화물,남,35세,상해없음
2020070300100148,2020년 7월 3일 09시,금요일,부산광역시 부산진구 연지동,중상사고,0,1,1,0,차대사람 - 횡단중,안전운전불이행,건조,맑음,단일로 - 기타,화물,남,48세,상해없음,보행자,남,25세,경상
2020070300100206,2020년 7월 3일 11시,금요일,부산광역시 동구 범일동,경상사고,0,0,2,0,차대차 - 측면충돌,안전운전불이행,건조,맑음,교차로 - 교차로안,화물,남,51세,상해없음,승용,남,61세,경상
2020070300100207,2020년 7월 3일 11시,금요일,부산광역시 부산진구 범천동,중상사고,0,1,0,0,차대사람 - 기타,안전운전불이행,건조,맑음,단일로 - 기타,승용,남,62세,상해없음,보행자,남,82세,중상
2020070300100239,2020년 7월 3일 12시,금요일,부산광역시 해운대구 재송동,경상사고,0,0,2,0,차대차 - 추돌,안전운전불이행,젖음/습기,비,단일로 - 터널,승용,여,53세,상해없음,승용,남,63세,경상
2020070300100240,2020년 7월 3일 12시,금요일,부산광역시 부산진구 가야동,경상사고,0,0,1,0,차대차 - 기타,안전거리미확보,건조,맑음,단일로 - 기타,건설기계,남,54세,상해없음,승용,남,25세,경상
2020070300100241,2020년 7월 3일 12시,금요일,부산광역시 사상구 덕포동,중상사고,0,1,0,0,차대차 - 측면충돌,교차로운행방법위반,건조,맑음,교차로 - 교차로안,화물,남,77세,상해없음,이륜,여,29세,중상
2020070300100303,2020년 7월 3일 14시,금요일,부산광역시 남구 용호동,경상사고,0,0,1,0,차대차 - 측면충돌,안전운전불이행,젖음/습기,비,기타 - 기타,승용,여,73세,상해없음,승용,여,37세,경상
2020070300100304,2020년 7월 3일 14시,금요일,부산광역시 부산진구 당감동,중상사고,0,1,1,0,차대사람 - 횡단중,신호위반,젖음/습기,비,교차로 - 교차로횡단보도내,화물,남,59세,상해없음,보행자,여,70세,중상
2020070300100335,2020년 7월 3일 15시,금요일,부산광역시 서구 동대신동2가,경상사고,0,0,2,0,차대차 - 측면충돌,안전운전불이행,건조,맑음,단일로 - 기타,승용,남,37세,경상,승용,남,65세,경상
2020070300100373,2020년 7월 3일 16시,금요일,부산광역시 해운대구 우동,경상사고,0,0,1,0,차대사람 - 횡단중,안전운전불이행,건조,맑음,단일로 - 기타,이륜,남,44세,상해없음,보행자,여,68세,경상
2020070300100417,2020년 7월 3일 17시,금요일,부산광역시 서구 서대신동2가,경상사고,0,0,1,0,차대차 - 측면충돌,안전거리미확보,건조,맑음,교차로 - 교차로부근,승용,남,70세,상해없음,승용,여,36세,경상
2020070300100418,2020년 7월 3일 17시,금요일,부산광역시 수영구 민락동,중상사고,0,1,0,0,차대사람 - 횡단중,보행자보호의무위반,건조,맑음,교차로 - 교차로횡단보도내,승용,여,45세,상해없음,보행자,여,8세,중상
2020070300100419,2020년 7월 3일 17시,금요일,부산광역시 남구 감만동,경상사고,0,0,1,0,차대차 - 측면충돌,안전운전불이행,건조,맑음,단일로 - 기타,이륜,남,27세,경상,이륜,남,22세,상해없음
2020070300100420,2020년 7월 3일 17시,금요일,부산광역시 북구 화명동,경상사고,0,0,1,0,차대차 - 측면충돌,안전운전불이행,건조,맑음,단일로 - 기타,화물,남,59세,상해없음,승용,남,65세,상해없음
2020070300100422,2020년 7월 3일 17시,금요일,부산광역시 동래구 온천동,중상사고,0,1,0,0,차대사람 - 차도통행중,기타,건조,맑음,단일로 - 기타,자전거,남,11세,상해없음,보행자,여,53세,중상
2020070300100423,2020년 7월 3일 17시,금요일,부산광역시 사하구 신평동,경상사고,0,0,1,0,차대차 - 기타,기타,건조,흐림,단일로 - 고가도로위,화물,남,47세,상해없음,승용,여,27세,경상
2020070300100468,2020년 7월 3일 18시,금요일,부산광역시 동구 수정동,중상사고,0,1,0,0,차량단독 - 기타,안전운전불이행,건조,맑음,단일로 - 기타,승합,남,62세,상해없음,,,,
2020070300100469,2020년 7월 3일 18시,금요일,부산광역시 남구 감만동,경상사고,0,0,2,0,차대차 - 추돌,안전운전불이행,건조,맑음,교차로 - 교차로부근,승용,남,46세,상해없음,승용,여,60세,경상
2020070300100470,2020년 7월 3일 18시,금요일,부산광역시 연제구 거제동,경상사고,0,0,1,0,차대차 - 측면충돌,신호위반,건조,맑음,교차로 - 교차로안,승합,남,63세,상해없음,승용,남,72세,경상
2020070300100513,2020년 7월 3일 19시,금요일,부산광역시 부산진구 가야동,중상사고,0,1,0,0,차대차 - 기타,신호위반,건조,맑음,교차로 - 교차로안,이륜,남,27세,상해없음,이륜,남,58세,중상
2020070300100547,2020년 7월 3일 20시,금요일,부산광역시 해운대구 우동,경상사고,0,0,1,0,차대사람 - 횡단중,보행자보호의무위반,건조,맑음,교차로 - 교차로부근,승용,남,70세,기타불명,보행자,여,18세,경상
2020070300100548,2020년 7월 3일 20시,금요일,부산광역시 사상구 모라동,경상사고,0,0,2,1,차대차 - 측면충돌,신호위반,건조,맑음,교차로 - 교차로안,이륜,남,19세,부상신고,승용,남,31세,경상
2020070300100626,2020년 7월 3일 22시,금요일,부산광역시 동구 초량동,경상사고,0,0,1,0,차대차 - 측면충돌,직진우회전진행방해,건조,맑음,교차로 - 교차로안,승용,남,62세,상해없음,승용,남,52세,경상
2020070300100627,2020년 7월 3일 22시,금요일,부산광역시 해운대구 반여동,경상사고,0,0,3,0,차대차 - 측면충돌,신호위반,젖음/습기,비,교차로 - 교차로안,승용,남,55세,상해없음,승용,남,64세,경상
2020070300100628,2020년 7월 3일 22시,금요일,부산광역시 금정구 구서동,경상사고,0,0,1,0,차대차 - 측면충돌,안전운전불이행,젖음/습기,비,교차로 - 교차로안,승용,여,47세,상해없음,이륜,남,48세,경상
2020070300100629,2020년 7월 3일 22시,금요일,부산광역시 사하구 장림동,중상사고,0,2,0,0,차대차 - 측면충돌,신호위반,젖음/습기,비,교차로 - 교차로안,승합,남,55세,상해없음,승용,남,45세,중상
2020070300100630,2020년 7월 3일 22시,금요일,부산광역시 사하구 다대동,중상사고,0,1,0,0,차대사람 - 횡단중,안전운전불이행,젖음/습기,맑음,단일로 - 지하차도(도로)내,승용,여,75세,상해없음,보행자,남,42세,중상
2020070300100631,2020년 7월 3일 22시,금요일,부산광역시 사하구 신평동,경상사고,0,0,1,0,차대사람 - 횡단중,보행자보호의무위반,젖음/습기,비,단일로 - 기타,승용,남,60세,상해없음,보행자,남,40세,경상
2020070300100632,2020년 7월 3일 22시,금요일,부산광역시 사하구 장림동,경상사고,0,0,1,0,차대차 - 기타,안전운전불이행,젖음/습기,비,단일로 - 기타,승용,남,59세,상해없음,이륜,남,18세,경상
2020070300100671,2020년 7월 3일 23시,금요일,부산광역시 기장군 기장읍,중상사고,0,1,0,0,차대사람 - 횡단중,보행자보호의무위반,젖음/습기,비,단일로 - 기타,승용,여,55세,상해없음,보행자,남,66세,중상
2020070400100008,2020년 7월 4일 00시,토요일,부산광역시 남구 문현동,경상사고,0,0,1,0,차대차 - 측면충돌,교차로운행방법위반,젖음/습기,비,교차로 - 교차로안,이륜,남,20세,경상,승용,여,35세,상해없음
2020070400100009,2020년 7월 4일 00시,토요일,부산광역시 해운대구 우동,경상사고,0,0,3,0,차대차 - 측면충돌,안전운전불이행,건조,맑음,단일로 - 기타,승용,남,64세,경상,승용,남,24세,경상
2020070400100077,2020년 7월 4일 03시,토요일,부산광역시 북구 화명동,경상사고,0,0,1,0,차량단독 - 기타,기타,건조,맑음,교차로 - 교차로안,승용,남,39세,상해없음,,,,
2020070400100088,2020년 7월 4일 04시,토요일,부산광역시 해운대구 우동,경상사고,0,0,1,0,차대차 - 기타,신호위반,건조,맑음,교차로 - 교차로안,승용,남,77세,상해없음,승용,남,62세,경상
2020070400100113,2020년 7월 4일 06시,토요일,부산광역시 부산진구 가야동,경상사고,0,0,1,0,차대차 - 측면충돌,신호위반,건조,맑음,교차로 - 교차로안,승용,남,47세,상해없음,승용,여,25세,경상
2020070400100114,2020년 7월 4일 06시,토요일,부산광역시 강서구 봉림동,중상사고,0,1,0,0,차대차 - 추돌,안전거리미확보,건조,맑음,교차로 - 교차로안,승용,여,32세,상해없음,승용,남,48세,중상
2020070400100115,2020년 7월 4일 06시,토요일,부산광역시 기장군 일광면,중상사고,0,1,0,0,차대차 - 기타,안전거리미확보,건조,맑음,단일로 - 기타,승용,남,50세,상해없음,이륜,남,50세,중상
2020070400100129,2020년 7월 4일 07시,토요일,부산광역시 강서구 미음동,경상사고,0,0,1,0,차량단독 - 기타,안전운전불이행,건조,맑음,단일로 - 교량,승합,남,60세,상해없음,,,,
2020070400100130,2020년 7월 4일 07시,토요일,부산광역시 기장군 기장읍,중상사고,0,1,2,0,차대차 - 측면충돌,신호위반,건조,맑음,교차로 - 교차로안,승용,남,76세,중상,승용,남,45세,경상
2020070400100166,2020년 7월 4일 09시,토요일,부산광역시 연제구 연산동,사망사고,1,0,0,0,차대차 - 측면충돌,안전운전불이행,건조,맑음,단일로 - 기타,승용,여,40세,상해없음,자전거,남,26세,사망
2020070400100188,2020년 7월 4일 10시,토요일,부산광역시 사하구 하단동,경상사고,0,0,8,0,차대차 - 추돌,안전운전불이행,건조,맑음,단일로 - 기타,승용,남,33세,상해없음,승용,남,53세,경상
2020070400100220,2020년 7월 4일 11시,토요일,부산광역시 수영구 민락동,부상신고사고,0,0,0,1,차대차 - 추돌,안전운전불이행,건조,맑음,기타 - 기타,개인형이동수단(PM),남,98세 이상,상해없음,자전거,여,68세,부상신고
2020070400100221,2020년 7월 4일 11시,토요일,부산광역시 동래구 사직동,경상사고,0,0,1,0,차대사람 - 보도통행중,안전운전불이행,건조,맑음,교차로 - 교차로부근,승용,남,48세,상해없음,보행자,남,75세,경상
2020070400100222,2020년 7월 4일 11시,토요일,부산광역시 동래구 안락동,중상사고,0,1,0,0,차대차 - 추돌,안전운전불이행,건조,맑음,단일로 - 기타,승용,남,62세,상해없음,화물,남,37세,중상
2020070400100223,2020년 7월 4일 11시,토요일,부산광역시 부산진구 가야동,중상사고,0,1,0,0,차대사람 - 기타,안전운전불이행,건조,맑음,단일로 - 기타,화물,남,35세,상해없음,보행자,여,68세,중상
2020070400100224,2020년 7월 4일 11시,토요일,부산광역시 연제구 거제동,경상사고,0,0,3,0,차대차 - 측면충돌,안전운전불이행,건조,맑음,교차로 - 교차로부근,이륜,남,24세,경상,승용,남,32세,경상
2020070400100261,2020년 7월 4일 12시,토요일,부산광역시 중구 영주동,경상사고,0,0,2,0,차대차 - 추돌,안전운전불이행,건조,맑음,단일로 - 기타,화물,남,31세,상해없음,승용,여,54세,경상
2020070400100262,2020년 7월 4일 12시,토요일,부산광역시 금정구 장전동,경상사고,0,0,1,0,차대차 - 측면충돌,안전운전불이행,건조,흐림,단일로 - 기타,승용,남,42세,상해없음,승용,여,51세,경상
2020070400100263,2020년 7월 4일 12시,토요일,부산광역시 금정구 장전동,부상신고사고,0,0,0,2,차대사람 - 차도통행중,안전운전불이행,건조,맑음,단일로 - 기타,승용,남,57세,상해없음,보행자,남,3세,부상신고
2020070400100264,2020년 7월 4일 12시,토요일,부산광역시 사하구 신평동,경상사고,0,0,1,0,차대차 - 측면충돌,안전운전불이행,건조,맑음,교차로 - 교차로부근,승용,남,54세,상해없음,원동기,남,26세,경상
2020070400100265,2020년 7월 4일 12시,토요일,부산광역시 사상구 감전동,경상사고,0,0,1,0,차대차 - 측면충돌,신호위반,건조,맑음,교차로 - 교차로안,승용,여,60세,상해없음,승용,여,36세,경상
2020070400100292,2020년 7월 4일 13시,토요일,부산광역시 남구 용호동,경상사고,0,0,2,0,차대차 - 추돌,안전운전불이행,건조,맑음,단일로 - 기타,자전거,남,15세,기타불명,승용,여,21세,경상
2020070400100293,2020년 7월 4일 13시,토요일,부산광역시 사상구 엄궁동,중상사고,0,1,0,0,차량단독 - 기타,안전운전불이행,건조,맑음,단일로 - 기타,승합,남,40세,상해없음,,,,
2020070400100336,2020년 7월 4일 14시,토요일,부산광역시 영도구 청학동,경상사고,0,0,1,0,차대차 - 기타,안전운전불이행,건조,맑음,교차로 - 교차로안,승용,남,57세,상해없음,이륜,남,63세,경상
2020070400100337,2020년 7월 4일 14시,토요일,부산광역시 사하구 하단동,중상사고,0,1,0,0,차대차 - 기타,안전운전불이행,건조,맑음,교차로 - 교차로부근,승용,남,35세,상해없음,이륜,남,33세,중상
2020070400100338,2020년 7월 4일 14시,토요일,부산광역시 강서구 대저1동,경상사고,0,0,1,0,차대차 - 측면충돌,안전거리미확보,건조,맑음,단일로 - 기타,승용,여,25세,기타불명,특수,남,31세,경상
2020070400100374,2020년 7월 4일 15시,토요일,부산광역시 남구 대연동,경상사고,0,0,2,0,차대차 - 측면충돌,기타,건조,맑음,교차로 - 교차로안,승용,여,62세,경상,승용,여,26세,경상
2020070400100410,2020년 7월 4일 16시,토요일,부산광역시 부산진구 부전동,경상사고,0,0,2,0,차대차 - 측면충돌,안전운전불이행,건조,맑음,단일로 - 기타,승합,남,60세,상해없음,승용,여,66세,경상
2020070400100411,2020년 7월 4일 16시,토요일,부산광역시 금정구 장전동,경상사고,0,0,1,0,차대차 - 측면충돌,직진우회전진행방해,건조,맑음,교차로 - 교차로안,이륜,남,27세,상해없음,이륜,남,29세,경상
2020070400100442,2020년 7월 4일 17시,토요일,부산광역시 동래구 사직동,경상사고,0,0,1,0,차대사람 - 기타,안전운전불이행,건조,맑음,단일로 - 기타,승용,남,72세,상해없음,보행자,여,58세,경상
2020070400100443,2020년 7월 4일 17시,토요일,부산광역시 부산진구 부전동,경상사고,0,0,1,0,차대차 - 추돌,안전운전불이행,건조,맑음,단일로 - 기타,승용,여,26세,상해없음,승용,남,31세,경상
2020070400100444,2020년 7월 4일 17시,토요일,부산광역시 사하구 하단동,부상신고사고,0,0,0,1,차대차 - 기타,안전운전불이행,건조,맑음,교차로 - 교차로안,승용,여,51세,기타불명,승용,남,40세,부상신고
2020070400100492,2020년 7월 4일 18시,토요일,부산광역시 부산진구 가야동,부상신고사고,0,0,0,1,차대차 - 측면충돌,중앙선침범,젖음/습기,비,단일로 - 기타,승용,남,28세,상해없음,이륜,남,30세,부상신고
2020070400100494,2020년 7월 4일 18시,토요일,부산광역시 사상구 엄궁동,경상사고,0,0,1,0,차대사람 - 횡단중,보행자보호의무위반,건조,맑음,단일로 - 기타,승용,남,33세,상해없음,보행자,남,5세,경상
2020070400100520,2020년 7월 4일 19시,토요일,부산광역시 부산진구 양정동,경상사고,0,0,2,0,차대차 - 추돌,안전운전불이행,건조,맑음,단일로 - 기타,승용,남,50세,상해없음,화물,남,64세,경상
2020070400100544,2020년 7월 4일 20시,토요일,부산광역시 북구 덕천동,경상사고,0,0,2,0,차대차 - 추돌,안전운전불이행,젖음/습기,비,단일로 - 고가도로위,승용,여,60세,경상,승용,여,55세,경상
2020070400100545,2020년 7월 4일 20시,토요일,부산광역시 부산진구 범천동,경상사고,0,0,1,0,차대차 - 추돌,안전운전불이행,건조,맑음,단일로 - 기타,승용,남,49세,상해없음,승용,남,61세,경상
2020070400100546,2020년 7월 4일 20시,토요일,부산광역시 연제구 연산동,중상사고,0,1,0,0,차대사람 - 횡단중,안전운전불이행,젖음/습기,비,단일로 - 기타,이륜,남,43세,상해없음,보행자,남,47세,중상
2020070400100547,2020년 7월 4일 20시,토요일,부산광역시 사상구 엄궁동,경상사고,0,0,1,0,차대차 - 기타,중앙선침범,건조,흐림,단일로 - 기타,이륜,남,45세,상해없음,이륜,남,27세,경상
2020070400100584,2020년 7월 4일 21시,토요일,부산광역시 사상구 학장동,경상사고,0,0,1,1,차대차 - 기타,안전거리미확보,건조,맑음,교차로 - 교차로안,승용,남,48세,부상신고,승용,남,46세,경상
2020070400100610,2020년 7월 4일 22시,토요일,부산광역시 금정구 장전동,경상사고,0,0,1,0,차대차 - 측면충돌,안전운전불이행,건조,맑음,교차로 - 교차로안,이륜,남,29세,경상,승용,남,25세,상해없음
2020070400100635,2020년 7월 4일 23시,토요일,부산광역시 강서구 명지동,중상사고,0,1,0,0,차대사람 - 차도통행중,안전운전불이행,건조,맑음,단일로 - 기타,승용,남,56세,상해없음,보행자,남,38세,중상
2020070400100636,2020년 7월 4일 23시,토요일,부산광역시 기장군 정관읍,중상사고,0,1,0,0,차대사람 - 횡단중,안전운전불이행,건조,맑음,단일로 - 기타,승용,남,66세,상해없음,보행자,남,58세,중상
2020070500100002,2020년 7월 5일 00시,일요일,부산광역시 동래구 안락동,경상사고,0,0,1,0,차대차 - 기타,안전운전불이행,건조,맑음,교차로 - 교차로안,승용,남,26세,상해없음,승용,남,27세,경상
2020070500100003,2020년 7월 5일 00시,일요일,부산광역시 기장군 기장읍,경상사고,0,0,1,0,차대차 - 측면충돌,안전거리미확보,건조,맑음,교차로 - 교차로안,승용,남,24세,상해없음,승용,남,25세,경상
2020070500100029,2020년 7월 5일 01시,일요일,부산광역시 수영구 광안동,경상사고,0,0,1,0,차대사람 - 차도통행중,안전운전불이행,건조,맑음,단일로 - 기타,이륜,남,24세,상해없음,보행자,여,32세,경상
2020070500100030,2020년 7월 5일 01시,일요일,부산광역시 수영구 남천동,경상사고,0,0,2,0,차대차 - 측면충돌,안전운전불이행,건조,맑음,단일로 - 기타,승용,남,28세,상해없음,승용,남,62세,경상
2020070500100031,2020년 7월 5일 01시,일요일,부산광역시 부산진구 양정동,경상사고,0,0,1,0,차량단독 - 기타,안전운전불이행,건조,기타,단일로 - 기타,승용,남,66세,상해없음,,,,
2020070500100057,2020년 7월 5일 04시,일요일,부산광역시 동래구 사직동,중상사고,0,1,0,0,차대차 - 측면충돌,신호위반,건조,맑음,교차로 - 교차로안,승용,남,36세,상해없음,승용,남,57세,중상
2020070500100063,2020년 7월 5일 05시,일요일,부산광역시 영도구 신선동3가,중상사고,0,1,0,0,차대사람 - 길가장자리구역통행중,불법유턴,건조,맑음,단일로 - 기타,화물,남,37세,상해없음,보행자,여,81세,중상
2020070500100073,2020년 7월 5일 06시,일요일,부산광역시 사하구 장림동,부상신고사고,0,0,0,1,차량단독 - 공작물충돌,안전운전불이행,건조,맑음,단일로 - 기타,이륜,남,34세,부상신고,,,,
2020070500100084,2020년 7월 5일 07시,일요일,부산광역시 금정구 회동동,사망사고,1,0,0,0,차량단독 - 공작물충돌,안전운전불이행,건조,맑음,단일로 - 교량,승용,남,72세,사망,,,,
2020070500100137,2020년 7월 5일 11시,일요일,부산광역시 연제구 연산동,경상사고,0,0,1,0,차대차 - 기타,안전운전불이행,건조,맑음,교차로 - 교차로부근,승용,남,69세,상해없음,원동기,남,43세,경상
2020070500100183,2020년 7월 5일 13시,일요일,부산광역시 남구 대연동,중상사고,0,1,2,0,차대차 - 측면충돌,기타,기타,맑음,교차로 - 교차로안,원동기,남,60세,중상,승용,남,36세,경상
2020070500100184,2020년 7월 5일 13시,일요일,부산광역시 부산진구 전포동,경상사고,0,0,1,0,차대사람 - 횡단중,보행자보호의무위반,건조,맑음,교차로 - 교차로횡단보도내,이륜,남,22세,상해없음,보행자,여,3세,경상
2020070500100185,2020년 7월 5일 13시,일요일,부산광역시 사하구 하단동,중상사고,0,1,0,0,차대차 - 추돌,안전운전불이행,건조,맑음,단일로 - 기타,승용,여,32세,상해없음,이륜,남,61세,중상
2020070500100219,2020년 7월 5일 14시,일요일,부산광역시 동구 범일동,경상사고,0,0,2,0,차대차 - 기타,안전운전불이행,건조,맑음,주차장 - 주차장,승용,남,46세,상해없음,승용,남,28세,경상
2020070500100220,2020년 7월 5일 14시,일요일,부산광역시 동래구 사직동,경상사고,0,0,1,0,차대차 - 기타,안전운전불이행,건조,맑음,단일로 - 기타,승용,남,41세,상해없음,자전거,남,47세,경상
2020070500100280,2020년 7월 5일 16시,일요일,부산광역시 부산진구 부전동,경상사고,0,0,2,0,차대사람 - 기타,안전운전불이행,건조,맑음,단일로 - 기타,이륜,남,17세,상해없음,보행자,남,23세,경상
2020070500100281,2020년 7월 5일 16시,일요일,부산광역시 부산진구 가야동,경상사고,0,0,1,0,차대차 - 기타,안전거리미확보,건조,맑음,단일로 - 기타,승용,남,61세,상해없음,승용,남,42세,경상
2020070500100313,2020년 7월 5일 17시,일요일,부산광역시 남구 용호동,중상사고,0,2,2,0,차대차 - 측면충돌,과속,건조,맑음,교차로 - 교차로안,승용,여,78세,기타불명,승용,남,53세,경상
2020070500100314,2020년 7월 5일 17시,일요일,부산광역시 수영구 수영동,경상사고,0,0,1,0,차대차 - 후진중충돌,안전운전불이행,건조,맑음,단일로 - 기타,승용,남,67세,상해없음,승용,남,39세,경상
2020070500100364,2020년 7월 5일 19시,일요일,부산광역시 북구 덕천동,경상사고,0,0,1,0,차대차 - 추돌,안전운전불이행,건조,맑음,교차로 - 교차로부근,이륜,남,19세,상해없음,이륜,남,18세,경상
2020070500100365,2020년 7월 5일 19시,일요일,부산광역시 해운대구 우동,경상사고,0,0,2,0,차대차 - 측면충돌,안전거리미확보,건조,맑음,단일로 - 기타,승용,남,59세,상해없음,승용,남,57세,경상
2020070500100366,2020년 7월 5일 19시,일요일,부산광역시 사하구 신평동,중상사고,0,2,0,0,차대차 - 기타,교차로운행방법위반,건조,맑음,교차로 - 교차로안,화물,남,59세,상해없음,원동기,남,67세,중상
2020070500100367,2020년 7월 5일 19시,일요일,부산광역시 기장군 기장읍,중상사고,0,2,0,0,차대차 - 측면충돌,신호위반,건조,맑음,교차로 - 교차로안,승용,남,25세,상해없음,승용,남,35세,중상
2020070500100387,2020년 7월 5일 20시,일요일,부산광역시 동래구 온천동,중상사고,0,1,2,0,차대차 - 측면충돌,신호위반,건조,맑음,교차로 - 교차로안,이륜,남,57세,경상,승용,남,65세,상해없음
2020070500100406,2020년 7월 5일 21시,일요일,부산광역시 금정구 부곡동,경상사고,0,0,2,0,차대차 - 기타,차로위반,건조,맑음,기타 - 기타,승용,남,57세,상해없음,승용,여,57세,경상
2020070500100407,2020년 7월 5일 21시,일요일,부산광역시 강서구 대저1동,경상사고,0,0,2,0,차대차 - 측면충돌,신호위반,건조,맑음,단일로 - 기타,승용,남,53세,상해없음,승용,남,47세,경상
2020070500100431,2020년 7월 5일 22시,일요일,부산광역시 서구 충무동1가,경상사고,0,0,1,0,차대차 - 측면충돌,안전거리미확보,건조,맑음,교차로 - 교차로부근,승용,남,80세,상해없음,승용,남,30세,경상
2020070500100432,2020년 7월 5일 22시,일요일,부산광역시 북구 화명동,중상사고,0,1,0,0,차대차 - 추돌,교차로운행방법위반,건조,맑음,교차로 - 교차로안,승용,남,58세,상해없음,이륜,남,18세,중상
2020070500100433,2020년 7월 5일 22시,일요일,부산광역시 동래구 온천동,경상사고,0,0,2,0,차대차 - 측면충돌,안전거리미확보,건조,맑음,단일로 - 기타,승용,여,45세,상해없음,승용,남,39세,경상
2020070600100079,2020년 7월 6일 08시,월요일,부산광역시 해운대구 우동,경상사고,0,0,2,0,차대차 - 추돌,안전운전불이행,건조,맑음,단일로 - 교량,승용,남,56세,상해없음,승합,남,67세,경상
2020070600100080,2020년 7월 6일 08시,월요일,부산광역시 사상구 감전동,경상사고,0,0,1,0,차대차 - 측면충돌,안전거리미확보,건조,맑음,단일로 - 지하차도(도로)내,승용,여,41세,상해없음,승용,여,27세,경상
2020070600100123,2020년 7월 6일 09시,월요일,부산광역시 동구 초량동,경상사고,0,0,1,1,차대차 - 기타,교차로운행방법위반,건조,맑음,교차로 - 교차로안,승용,남,21세,부상신고,승용,남,72세,경상
2020070600100124,2020년 7월 6일 09시,월요일,부산광역시 수영구 남천동,중상사고,0,1,0,0,차대차 - 기타,안전운전불이행,건조,맑음,단일로 - 기타,승용,남,54세,상해없음,승용,여,59세,중상
2020070600100125,2020년 7월 6일 09시,월요일,부산광역시 북구 화명동,경상사고,0,0,1,0,차대차 - 측면충돌,신호위반,건조,맑음,교차로 - 교차로안,승용,남,36세,상해없음,승용,여,62세,경상
2020070600100126,2020년 7월 6일 09시,월요일,부산광역시 부산진구 양정동,중상사고,0,2,0,0,차대차 - 기타,안전운전불이행,건조,맑음,단일로 - 기타,이륜,남,68세,상해없음,승용,남,31세,중상
2020070600100127,2020년 7월 6일 09시,월요일,부산광역시 동래구 명장동,중상사고,0,1,0,0,차대차 - 기타,안전운전불이행,건조,맑음,교차로 - 교차로안,승용,남,60세,상해없음,승용,여,38세,중상
2020070600100187,2020년 7월 6일 11시,월요일,부산광역시 영도구 청학동,경상사고,0,0,1,0,차대차 - 측면충돌,안전거리미확보,건조,맑음,단일로 - 기타,화물,남,57세,상해없음,승용,남,40세,경상
2020070600100234,2020년 7월 6일 12시,월요일,부산광역시 해운대구 재송동,중상사고,0,2,0,0,차대차 - 추돌,안전운전불이행,건조,맑음,단일로 - 기타,화물,남,67세,상해없음,승용,남,49세,중상
2020070600100262,2020년 7월 6일 13시,월요일,부산광역시 연제구 거제동,경상사고,0,0,1,0,차대차 - 측면충돌,안전거리미확보,건조,맑음,단일로 - 기타,특수,남,79세,상해없음,화물,남,38세,경상