사고번호,사고일시,요일,시군구,사고내용,사망자수,중상자수,경상자수,부상신고자수,사고유형,법규위반,노면상태,기상상태,도로형태,가해운전자 차종,가해운전자 성별,가해운전자 연령,가해운전자 상해정도,피해운전자 차종,피해운전자 성별,피해운전자 연령,피해운전자 상해정도
2020071300100364,2020년 7월 13일 16시,월요일,부산광역시 수영구 남천동,경상사고,0,0,1,0,차대차 - 추돌,안전운전불이행,젖음/습기,흐림,단일로 - 기타,이륜,남,27세,상해없음,승용,여,31세,경상
2020071300100365,2020년 7월 13일 16시,월요일,부산광역시 해운대구 반여동,경상사고,0,0,1,0,차대사람 - 횡단중,보행자보호의무위반,젖음/습기,비,교차로 - 교차로부근,승용,여,63세,상해없음,보행자,여,26세,경상
2020071300100366,2020년 7월 13일 16시,월요일,부산광역시 부산진구 부전동,중상사고,0,1,0,0,차대차 - 측면충돌,안전운전불이행,젖음/습기,비,단일로 - 기타,이륜,남,28세,중상,승용,남,42세,상해없음
2020071300100367,2020년 7월 13일 16시,월요일,부산광역시 사상구 주례동,경상사고,0,0,1,0,차대차 - 추돌,안전운전불이행,젖음/습기,비,단일로 - 기타,승용,남,20세,상해없음,승용,남,60세,경상
2020071300100400,2020년 7월 13일 17시,월요일,부산광역시 북구 덕천동,경상사고,0,0,1,0,차대차 - 기타,안전운전불이행,건조,맑음,교차로 - 교차로안,승용,여,51세,상해없음,이륜,남,24세,경상
2020071300100401,2020년 7월 13일 17시,월요일,부산광역시 기장군 정관읍,중상사고,0,1,0,0,차대사람 - 횡단중,보행자보호의무위반,젖음/습기,비,교차로 - 교차로횡단보도내,승용,남,42세,상해없음,보행자,여,25세,중상
2020071300100423,2020년 7월 13일 18시,월요일,부산광역시 북구 덕천동,부상신고사고,0,0,0,1,차대차 - 추돌,안전거리미확보,젖음/습기,흐림,단일로 - 기타,승용,남,67세,상해없음,화물,남,66세,부상신고
2020071300100424,2020년 7월 13일 18시,월요일,부산광역시 영도구 동삼동,경상사고,0,0,4,0,차대차 - 기타,중앙선침범,젖음/습기,비,단일로 - 기타,승용,남,47세,상해없음,승합,남,62세,경상
2020071300100425,2020년 7월 13일 18시,월요일,부산광역시 해운대구 중동,경상사고,0,0,2,0,차대차 - 측면충돌,안전운전불이행,젖음/습기,비,단일로 - 기타,승용,남,43세,경상,승용,남,63세,경상
2020071300100462,2020년 7월 13일 19시,월요일,부산광역시 사하구 괴정동,중상사고,0,1,0,0,차량단독 - 기타,안전운전불이행,건조,맑음,단일로 - 기타,승합,남,49세,상해없음,,,,
2020071300100463,2020년 7월 13일 19시,월요일,부산광역시 기장군 정관읍,중상사고,0,1,0,0,차대차 - 기타,안전운전불이행,젖음/습기,비,단일로 - 기타,승용,남,39세,상해없음,이륜,남,54세,중상
2020071300100497,2020년 7월 13일 20시,월요일,부산광역시 수영구 광안동,경상사고,0,0,1,0,차대사람 - 횡단중,중앙선침범,건조,맑음,단일로 - 기타,승용,남,28세,상해없음,보행자,여,63세,경상
2020071300100498,2020년 7월 13일 20시,월요일,부산광역시 사상구 괘법동,경상사고,0,0,1,0,차대사람 - 기타,안전운전불이행,젖음/습기,비,단일로 - 기타,승용,남,64세,상해없음,보행자,남,68세,경상
2020071300100534,2020년 7월 13일 21시,월요일,부산광역시 서구 남부민동,중상사고,0,2,1,0,차대차 - 추돌,안전운전불이행,젖음/습기,비,교차로 - 교차로안,승용,남,51세,상해없음,승용,남,27세,경상
2020071300100564,2020년 7월 13일 22시,월요일,부산광역시 부산진구 부전동,경상사고,0,0,1,0,차대차 - 기타,신호위반,젖음/습기,비,교차로 - 교차로안,승용,남,61세,상해없음,이륜,남,20세,경상
2020071400100015,2020년 7월 14일 00시,화요일,부산광역시 수영구 남천동,경상사고,0,0,1,0,차대사람 - 차도통행중,안전운전불이행,건조,맑음,교차로 - 교차로부근,승용,남,31세,상해없음,보행자,남,51세,경상
2020071400100064,2020년 7월 14일 04시,화요일,부산광역시 금정구 부곡동,경상사고,0,0,2,1,차대차 - 기타,안전운전불이행,젖음/습기,비,단일로 - 기타,화물,남,65세,부상신고,승용,남,38세,경상
2020071400100092,2020년 7월 14일 07시,화요일,부산광역시 서구 암남동,중상사고,0,1,0,0,차대사람 - 차도통행중,안전운전불이행,젖음/습기,비,단일로 - 기타,승용,남,67세,상해없음,보행자,남,42세,중상
2020071400100121,2020년 7월 14일 08시,화요일,부산광역시 북구 화명동,경상사고,0,0,1,0,차대차 - 측면충돌,교차로운행방법위반,건조,맑음,교차로 - 교차로안,승용,남,48세,상해없음,화물,남,55세,경상
2020071400100122,2020년 7월 14일 08시,화요일,부산광역시 금정구 회동동,부상신고사고,0,0,0,1,차량단독 - 전도전복 - 전도,안전운전불이행,젖음/습기,비,단일로 - 기타,승용,남,22세,부상신고,,,,
2020071400100154,2020년 7월 14일 09시,화요일,부산광역시 영도구 봉래동3가,중상사고,0,1,1,0,차대차 - 기타,안전운전불이행,젖음/습기,비,단일로 - 기타,승용,남,70세,중상,승용,남,63세,경상
2020071400100186,2020년 7월 14일 10시,화요일,부산광역시 부산진구 부전동,중상사고,0,1,0,0,차대사람 - 기타,신호위반,건조,맑음,교차로 - 교차로안,승용,남,62세,상해없음,보행자,남,63세,중상
2020071400100217,2020년 7월 14일 11시,화요일,부산광역시 동래구 사직동,중상사고,0,1,0,0,차대차 - 정면충돌,신호위반,건조,맑음,교차로 - 교차로안,승용,여,48세,상해없음,승용,여,44세,중상
2020071400100218,2020년 7월 14일 11시,화요일,부산광역시 부산진구 부전동,부상신고사고,0,0,0,1,차대사람 - 기타,안전운전불이행,건조,맑음,단일로 - 기타,기타불명,기타불명,미분류,기타불명,보행자,여,41세,부상신고
2020071400100219,2020년 7월 14일 11시,화요일,부산광역시 금정구 금사동,경상사고,0,0,4,0,차대차 - 후진중충돌,불법유턴,젖음/습기,비,단일로 - 기타,승용,남,58세,상해없음,승용,남,34세,경상
2020071400100249,2020년 7월 14일 12시,화요일,부산광역시 북구 구포동,경상사고,0,0,1,0,차대차 - 측면충돌,안전운전불이행,건조,맑음,단일로 - 기타,승용,여,59세,상해없음,승용,남,43세,경상
2020071400100250,2020년 7월 14일 12시,화요일,부산광역시 금정구 장전동,경상사고,0,0,1,0,차대사람 - 기타,안전운전불이행,건조,맑음,교차로 - 교차로안,승용,남,60세,상해없음,보행자,여,21세,경상
2020071400100280,2020년 7월 14일 13시,화요일,부산광역시 남구 대연동,중상사고,0,1,0,0,차대사람 - 횡단중,안전운전불이행,젖음/습기,흐림,기타 - 기타,승용,남,52세,상해없음,보행자,여,58세,중상
2020071400100281,2020년 7월 14일 13시,화요일,부산광역시 동래구 안락동,경상사고,0,0,1,0,차대차 - 측면충돌,안전운전불이행,건조,맑음,교차로 - 교차로안,승용,남,67세,상해없음,승용,여,56세,경상
2020071400100282,2020년 7월 14일 13시,화요일,부산광역시 동래구 명장동,중상사고,0,1,0,0,차대사람 - 기타,보행자보호의무위반,건조,맑음,단일로 - 기타,화물,남,56세,상해없음,보행자,여,8세,중상
2020071400100283,2020년 7월 14일 13시,화요일,부산광역시 동래구 사직동,경상사고,0,0,1,0,차대차 - 측면충돌,안전운전불이행,건조,맑음,단일로 - 기타,승용,남,54세,상해없음,승용,여,49세,경상
2020071400100354,2020년 7월 14일 15시,화요일,부산광역시 남구 대연동,중상사고,0,1,0,0,차대사람 - 횡단중,안전운전불이행,젖음/습기,비,단일로 - 기타,승용,남,57세,상해없음,보행자,여,8세,중상
2020071400100355,2020년 7월 14일 15시,화요일,부산광역시 부산진구 양정동,중상사고,0,1,0,0,차대사람 - 횡단중,안전운전불이행,젖음/습기,비,교차로 - 교차로안,이륜,남,29세,상해없음,보행자,여,54세,중상
2020071400100356,2020년 7월 14일 15시,화요일,부산광역시 부산진구 개금동,경상사고,0,0,2,0,차대차 - 기타,직진우회전진행방해,건조,맑음,교차로 - 교차로안,승용,여,46세,경상,승용,남,79세,상해없음
2020071400100394,2020년 7월 14일 16시,화요일,부산광역시 사하구 감천동,경상사고,0,0,1,0,차대차 - 기타,신호위반,건조,맑음,교차로 - 교차로부근,승용,여,59세,기타불명,승용,남,46세,경상
2020071400100428,2020년 7월 14일 17시,화요일,부산광역시 사하구 하단동,경상사고,0,0,2,0,차대차 - 기타,안전운전불이행,건조,맑음,기타 - 기타,승합,남,39세,상해없음,승용,남,23세,경상
2020071400100429,2020년 7월 14일 17시,화요일,부산광역시 연제구 거제동,경상사고,0,0,1,0,차대차 - 기타,안전운전불이행,젖음/습기,흐림,단일로 - 기타,승용,여,37세,상해없음,자전거,남,61세,경상
2020071400100466,2020년 7월 14일 18시,화요일,부산광역시 수영구 남천동,경상사고,0,0,2,0,차대차 - 추돌,안전운전불이행,건조,맑음,단일로 - 기타,승용,남,54세,상해없음,승용,남,37세,경상
2020071400100467,2020년 7월 14일 18시,화요일,부산광역시 수영구 민락동,경상사고,0,0,1,0,차대차 - 기타,교차로운행방법위반,건조,맑음,교차로 - 교차로안,승용,여,42세,상해없음,승용,남,71세,경상
2020071400100511,2020년 7월 14일 19시,화요일,부산광역시 남구 대연동,경상사고,0,0,1,0,차대차 - 측면충돌,안전운전불이행,건조,맑음,단일로 - 기타,승용,남,57세,상해없음,승용,여,37세,경상
2020071400100512,2020년 7월 14일 19시,화요일,부산광역시 부산진구 부전동,경상사고,0,0,1,0,차대사람 - 기타,안전운전불이행,건조,맑음,단일로 - 기타,승용,남,30세,상해없음,보행자,여,27세,경상
2020071400100537,2020년 7월 14일 20시,화요일,부산광역시 해운대구 재송동,경상사고,0,0,3,0,차대차 - 추돌,안전거리미확보,건조,맑음,단일로 - 기타,승합,남,59세,상해없음,승용,남,51세,경상
2020071400100538,2020년 7월 14일 20시,화요일,부산광역시 해운대구 좌동,경상사고,0,0,1,0,차대사람 - 횡단중,안전운전불이행,건조,맑음,단일로 - 기타,이륜,남,32세,상해없음,보행자,여,17세,경상
2020071400100567,2020년 7월 14일 21시,화요일,부산광역시 금정구 부곡동,부상신고사고,0,0,0,1,차대사람 - 기타,안전운전불이행,건조,맑음,기타 - 기타,승용,남,21세,상해없음,보행자,남,54세,부상신고
2020071400100595,2020년 7월 14일 22시,화요일,부산광역시 사상구 삼락동,부상신고사고,0,0,0,1,차대차 - 측면충돌,안전운전불이행,건조,맑음,단일로 - 기타,승용,여,55세,상해없음,화물,남,47세,부상신고
2020071400100630,2020년 7월 14일 23시,화요일,부산광역시 해운대구 재송동,중상사고,0,1,0,0,차대사람 - 횡단중,보행자보호의무위반,건조,맑음,교차로 - 교차로부근,이륜,남,27세,상해없음,보행자,남,61세,중상
2020071500100002,2020년 7월 15일 00시,수요일,부산광역시 북구 만덕동,경상사고,0,0,2,0,차대차 - 기타,신호위반,건조,맑음,교차로 - 교차로안,승용,남,69세,상해없음,이륜,남,28세,경상
2020071500100030,2020년 7월 15일 03시,수요일,부산광역시 동래구 안락동,중상사고,0,1,0,0,차대사람 - 차도통행중,안전운전불이행,건조,맑음,단일로 - 기타,승용,남,31세,상해없음,보행자,남,66세,중상
2020071500100091,2020년 7월 15일 08시,수요일,부산광역시 사하구 장림동,경상사고,0,0,1,0,차대차 - 측면충돌,안전운전불이행,건조,맑음,단일로 - 기타,건설기계,남,66세,상해없음,이륜,남,52세,경상
2020071500100124,2020년 7월 15일 09시,수요일,부산광역시 수영구 광안동,경상사고,0,0,1,0,차대차 - 측면충돌,안전운전불이행,건조,맑음,단일로 - 기타,승용,남,41세,상해없음,승용,남,38세,경상
2020071500100162,2020년 7월 15일 10시,수요일,부산광역시 동구 초량동,중상사고,0,1,7,1,차대차 - 기타,안전거리미확보,건조,맑음,단일로 - 기타,승합,남,35세,상해없음,승합,남,43세,부상신고
2020071500100188,2020년 7월 15일 11시,수요일,부산광역시 남구 대연동,중상사고,0,1,0,0,차대사람 - 횡단중,보행자보호의무위반,건조,맑음,교차로 - 교차로안,승용,여,59세,상해없음,보행자,여,73세,중상
2020071500100217,2020년 7월 15일 12시,수요일,부산광역시 수영구 민락동,중상사고,0,1,0,0,차대사람 - 기타,안전운전불이행,건조,맑음,교차로 - 교차로안,승용,남,21세,상해없음,보행자,남,80세,중상
2020071500100218,2020년 7월 15일 12시,수요일,부산광역시 강서구 범방동,중상사고,0,2,0,0,차대차 - 추돌,안전거리미확보,젖음/습기,비,교차로 - 교차로부근,화물,남,61세,중상,화물,남,55세,중상
2020071500100251,2020년 7월 15일 13시,수요일,부산광역시 서구 암남동,경상사고,0,0,1,0,차대차 - 측면충돌,안전운전불이행,건조,맑음,단일로 - 기타,승용,남,36세,상해없음,자전거,남,82세,경상
2020071500100252,2020년 7월 15일 13시,수요일,부산광역시 동래구 사직동,경상사고,0,0,1,0,차대사람 - 기타,안전운전불이행,건조,맑음,단일로 - 기타,승합,남,38세,기타불명,보행자,여,28세,경상
2020071500100253,2020년 7월 15일 13시,수요일,부산광역시 부산진구 가야동,경상사고,0,0,1,0,차대차 - 기타,안전거리미확보,건조,맑음,기타 - 기타,승용,여,33세,상해없음,승합,남,53세,상해없음
2020071500100290,2020년 7월 15일 14시,수요일,부산광역시 부산진구 범천동,경상사고,0,0,4,1,차대차 - 추돌,안전거리미확보,젖음/습기,비,단일로 - 기타,이륜,남,17세,부상신고,승용,남,34세,경상
2020071500100358,2020년 7월 15일 16시,수요일,부산광역시 수영구 남천동,부상신고사고,0,0,0,1,차대사람 - 기타,안전운전불이행,건조,맑음,단일로 - 기타,승용,여,45세,상해없음,보행자,여,15세,부상신고
2020071500100359,2020년 7월 15일 16시,수요일,부산광역시 수영구 남천동,중상사고,0,1,0,0,차대차 - 측면충돌,안전운전불이행,건조,맑음,단일로 - 기타,승용,남,57세,상해없음,승합,남,25세,중상
2020071500100360,2020년 7월 15일 16시,수요일,부산광역시 동래구 사직동,경상사고,0,0,1,0,차대사람 - 횡단중,안전운전불이행,건조,맑음,단일로 - 기타,승용,남,57세,상해없음,보행자,여,9세,경상
2020071500100361,2020년 7월 15일 16시,수요일,부산광역시 해운대구 반여동,중상사고,0,1,0,0,차대사람 - 기타,안전운전불이행,건조,맑음,단일로 - 기타,승용,남,44세,상해없음,보행자,여,65세,중상
2020071500100362,2020년 7월 15일 16시,수요일,부산광역시 사상구 괘법동,경상사고,0,0,1,0,차대사람 - 기타,교차로운행방법위반,건조,맑음,교차로 - 교차로안,화물,남,35세,상해없음,보행자,남,64세,경상
2020071500100399,2020년 7월 15일 17시,수요일,부산광역시 서구 남부민동,경상사고,0,0,2,0,차대차 - 측면충돌,기타,건조,맑음,단일로 - 기타,승용,남,54세,경상,화물,남,55세,상해없음
2020071500100400,2020년 7월 15일 17시,수요일,부산광역시 강서구 생곡동,경상사고,0,0,2,0,차대차 - 측면충돌,안전운전불이행,건조,맑음,단일로 - 기타,승합,남,59세,상해없음,승용,남,34세,경상
2020071500100452,2020년 7월 15일 18시,수요일,부산광역시 해운대구 재송동,경상사고,0,0,1,0,차대차 - 추돌,안전운전불이행,건조,흐림,단일로 - 기타,승용,남,30세,상해없음,승용,남,30세,경상
2020071500100453,2020년 7월 15일 18시,수요일,부산광역시 강서구 신호동,경상사고,0,0,1,0,차대차 - 측면충돌,안전운전불이행,건조,맑음,교차로 - 교차로부근,승합,남,30세,상해없음,승용,남,35세,경상
2020071500100503,2020년 7월 15일 19시,수요일,부산광역시 서구 충무동1가,경상사고,0,0,2,0,차대차 - 측면충돌,차로위반,건조,맑음,단일로 - 기타,원동기,남,65세,경상,승용,여,22세,경상
2020071500100504,2020년 7월 15일 19시,수요일,부산광역시 수영구 광안동,경상사고,0,0,1,0,차대차 - 기타,안전운전불이행,건조,맑음,교차로 - 교차로안,승용,남,54세,상해없음,이륜,남,24세,경상
2020071500100505,2020년 7월 15일 19시,수요일,부산광역시 해운대구 반여동,중상사고,0,1,0,0,차대사람 - 차도통행중,안전운전불이행,건조,맑음,단일로 - 기타,승용,남,39세,상해없음,보행자,여,68세,중상
2020071500100538,2020년 7월 15일 20시,수요일,부산광역시 금정구 구서동,경상사고,0,0,3,0,차대차 - 측면충돌,신호위반,건조,맑음,교차로 - 교차로안,승용,남,62세,상해없음,승용,남,57세,경상
2020071500100539,2020년 7월 15일 20시,수요일,부산광역시 연제구 거제동,경상사고,0,0,1,0,차대사람 - 길가장자리구역통행중,안전운전불이행,건조,맑음,단일로 - 기타,승용,여,25세,상해없음,보행자,남,65세,경상
2020071500100569,2020년 7월 15일 21시,수요일,부산광역시 북구 구포동,경상사고,0,0,1,0,차대차 - 측면충돌,안전거리미확보,건조,맑음,단일로 - 기타,승용,여,55세,상해없음,승합,남,39세,경상
2020071500100597,2020년 7월 15일 22시,수요일,부산광역시 사하구 하단동,중상사고,0,1,0,0,차대사람 - 차도통행중,안전운전불이행,건조,맑음,단일로 - 기타,승용,남,65세,상해없음,보행자,여,57세,중상
2020071500100618,2020년 7월 15일 23시,수요일,부산광역시 연제구 거제동,중상사고,0,1,0,0,차대차 - 기타,안전운전불이행,건조,맑음,단일로 - 기타,승용,남,63세,중상,승합,남,67세,기타불명
2020071600100003,2020년 7월 16일 00시,목요일,부산광역시 연제구 연산동,경상사고,0,0,1,0,차대차 - 기타,안전운전불이행,건조,맑음,단일로 - 기타,이륜,남,35세,상해없음,승용,여,45세,경상
2020071600100019,2020년 7월 16일 01시,목요일,부산광역시 사하구 괴정동,경상사고,0,0,1,0,차대차 - 기타,안전운전불이행,건조,맑음,단일로 - 지하차도(도로)내,승용,남,39세,상해없음,이륜,남,40세,경상
2020071600100036,2020년 7월 16일 03시,목요일,부산광역시 해운대구 재송동,경상사고,0,0,1,0,차대차 - 측면충돌,안전운전불이행,건조,맑음,단일로 - 기타,승용,남,33세,상해없음,승용,남,21세,경상
2020071600100047,2020년 7월 16일 05시,목요일,부산광역시 부산진구 부전동,경상사고,0,0,1,0,차대차 - 추돌,안전운전불이행,건조,맑음,단일로 - 기타,승용,남,34세,상해없음,승용,남,65세,상해없음
2020071600100054,2020년 7월 16일 06시,목요일,부산광역시 금정구 금사동,경상사고,0,0,1,0,차대차 - 기타,신호위반,건조,맑음,교차로 - 교차로안,승용,남,41세,상해없음,승용,남,53세,경상
2020071600100072,2020년 7월 16일 07시,목요일,부산광역시 북구 화명동,중상사고,0,1,0,0,차대차 - 기타,안전운전불이행,건조,맑음,교차로 - 교차로안,승용,남,45세,상해없음,이륜,남,42세,중상
2020071600100095,2020년 7월 16일 08시,목요일,부산광역시 중구 중앙동4가,경상사고,0,0,1,0,차대사람 - 길가장자리구역통행중,안전운전불이행,건조,맑음,단일로 - 기타,승합,남,40세,상해없음,보행자,여,55세,경상
2020071600100096,2020년 7월 16일 08시,목요일,부산광역시 수영구 광안동,경상사고,0,0,1,0,차대사람 - 기타,안전운전불이행,건조,맑음,단일로 - 기타,승용,여,63세,상해없음,보행자,남,20세,경상
2020071600100097,2020년 7월 16일 08시,목요일,부산광역시 부산진구 전포동,경상사고,0,0,1,0,차대차 - 측면충돌,안전운전불이행,건조,맑음,교차로 - 교차로안,승용,남,41세,상해없음,승용,여,52세,경상
2020071600100098,2020년 7월 16일 08시,목요일,부산광역시 강서구 대저1동,경상사고,0,0,1,0,차대차 - 기타,안전운전불이행,건조,맑음,교차로 - 교차로부근,승합,남,59세,상해없음,승용,남,53세,경상
2020071600100099,2020년 7월 16일 08시,목요일,부산광역시 사상구 주례동,중상사고,0,1,0,0,차대차 - 정면충돌,안전운전불이행,건조,맑음,교차로 - 교차로안,승용,남,64세,상해없음,원동기,남,36세,중상
2020071600100100,2020년 7월 16일 08시,목요일,부산광역시 기장군 기장읍,중상사고,0,1,0,0,차대차 - 측면충돌,신호위반,건조,맑음,교차로 - 교차로횡단보도내,이륜,남,28세,상해없음,자전거,남,79세,중상
2020071600100209,2020년 7월 16일 11시,목요일,부산광역시 동구 초량동,중상사고,0,1,0,0,차량단독 - 기타,안전운전불이행,건조,맑음,단일로 - 기타,승합,남,60세,상해없음,,,,
2020071600100210,2020년 7월 16일 11시,목요일,부산광역시 수영구 광안동,부상신고사고,0,0,0,1,차대사람 - 기타,교차로운행방법위반,건조,맑음,교차로 - 교차로안,화물,남,58세,상해없음,보행자,남,30세,부상신고
2020071600100211,2020년 7월 16일 11시,목요일,부산광역시 동래구 명륜동,경상사고,0,0,1,1,차대차 - 측면충돌,안전운전불이행,건조,맑음,단일로 - 기타,화물,남,53세,부상신고,승용,여,52세,경상
2020071600100212,2020년 7월 16일 11시,목요일,부산광역시 부산진구 범천동,경상사고,0,0,1,0,차대사람 - 기타,안전운전불이행,건조,맑음,단일로 - 기타,기타불명,기타불명,미분류,기타불명,보행자,남,60세,경상
2020071600100241,2020년 7월 16일 12시,목요일,부산광역시 북구 구포동,경상사고,0,0,1,0,차대차 - 기타,안전거리미확보,건조,맑음,단일로 - 기타,승용,남,65세,상해없음,승용,남,49세,경상
2020071600100275,2020년 7월 16일 13시,목요일,부산광역시 북구 화명동,중상사고,0,1,0,0,차대사람 - 횡단중,보행자보호의무위반,건조,맑음,단일로 - 지하차도(도로)내,승용,남,26세,상해없음,보행자,여,73세,중상
2020071600100276,2020년 7월 16일 13시,목요일,부산광역시 북구 만덕동,경상사고,0,0,1,0,차대차 - 측면충돌,신호위반,건조,맑음,교차로 - 교차로안,승용,남,50세,상해없음,승용,남,27세,경상
2020071600100277,2020년 7월 16일 13시,목요일,부산광역시 사하구 하단동,중상사고,0,1,0,0,차대사람 - 횡단중,보행자보호의무위반,건조,맑음,교차로 - 교차로횡단보도내,화물,남,59세,상해없음,보행자,여,43세,중상
2020071600100312,2020년 7월 16일 14시,목요일,부산광역시 서구 서대신동2가,부상신고사고,0,0,0,1,차대사람 - 횡단중,안전운전불이행,건조,맑음,단일로 - 기타,승용,여,29세,상해없음,보행자,여,84세,부상신고
2020071600100313,2020년 7월 16일 14시,목요일,부산광역시 동래구 수안동,경상사고,0,0,1,0,차대차 - 기타,안전거리미확보,건조,맑음,단일로 - 기타,화물,남,30세,상해없음,승용,남,65세,경상
2020071600100314,2020년 7월 16일 14시,목요일,부산광역시 사상구 주례동,경상사고,0,0,2,0,차대차 - 추돌,안전운전불이행,건조,맑음,단일로 - 기타,승용,남,59세,상해없음,승용,남,40세,경상
2020071600100315,2020년 7월 16일 14시,목요일,부산광역시 금정구 노포동,중상사고,0,1,0,0,차대차 - 측면충돌,안전거리미확보,건조,맑음,단일로 - 기타,승용,여,55세,상해없음,승용,여,48세,중상
2020071600100352,2020년 7월 16일 15시,목요일,부산광역시 연제구 거제동,경상사고,0,0,1,2,차대차 - 측면충돌,교차로운행방법위반,건조,맑음,교차로 - 교차로안,승용,남,33세,경상,승용,남,25세,부상신고
2020071600100393,2020년 7월 16일 16시,목요일,부산광역시 수영구 망미동,부상신고사고,0,0,0,1,차대사람 - 기타,불법유턴,건조,맑음,교차로 - 교차로안,승용,남,67세,상해없음,보행자,여,17세,부상신고
2020071600100431,2020년 7월 16일 17시,목요일,부산광역시 동래구 온천동,경상사고,0,0,1,0,차대차 - 기타,안전거리미확보,건조,맑음,단일로 - 기타,건설기계,남,68세,상해없음,승용,남,46세,경상
2020071600100432,2020년 7월 16일 17시,목요일,부산광역시 동래구 온천동,경상사고,0,0,1,0,차대차 - 기타,안전운전불이행,건조,맑음,교차로 - 교차로부근,승용,남,71세,상해없음,승합,남,48세,상해없음
2020071600100492,2020년 7월 16일 18시,목요일,부산광역시 동래구 안락동,경상사고,0,0,1,0,차대차 - 기타,안전운전불이행,건조,맑음,단일로 - 기타,승용,여,52세,상해없음,승용,여,33세,경상
2020071600100544,2020년 7월 16일 19시,목요일,부산광역시 동구 초량동,중상사고,0,1,0,0,차대차 - 측면충돌,안전운전불이행,건조,맑음,교차로 - 교차로안,승용,여,58세,상해없음,이륜,남,57세,중상
2020071600100545,2020년 7월 16일 19시,목요일,부산광역시 강서구 명지동,경상사고,0,0,1,0,차대차 - 추돌,안전운전불이행,건조,맑음,교차로 - 교차로부근,승용,여,38세,상해없음,승용,남,37세,경상
2020071600100564,2020년 7월 16일 20시,목요일,부산광역시 중구 중앙동3가,중상사고,0,1,0,0,차대차 - 기타,교차로운행방법위반,건조,맑음,교차로 - 교차로안,이륜,남,66세,중상,승용,남,42세,상해없음
2020071600100565,2020년 7월 16일 20시,목요일,부산광역시 북구 덕천동,경상사고,0,0,1,0,차대사람 - 기타,기타,건조,맑음,교차로 - 교차로부근,승용,남,32세,상해없음,보행자,여,72세,경상
2020071600100566,2020년 7월 16일 20시,목요일,부산광역시 북구 화명동,중상사고,0,1,0,1,차대사람 - 기타,안전운전불이행,건조,맑음,단일로 - 기타,원동기,남,18세,부상신고,보행자,남,9세,중상
2020071600100567,2020년 7월 16일 20시,목요일,부산광역시 사하구 괴정동,경상사고,0,0,1,0,차대사람 - 차도통행중,안전운전불이행,건조,맑음,단일로 - 지하차도(도로)내,승용,남,66세,상해없음,보행자,여,17세,경상
2020071600100568,2020년 7월 16일 20시,목요일,부산광역시 강서구 범방동,중상사고,0,1,0,0,차대차 - 측면충돌,안전거리미확보,건조,맑음,단일로 - 기타,특수,남,47세,상해없음,승용,여,54세,중상
2020071600100594,2020년 7월 16일 21시,목요일,부산광역시 사하구 괴정동,경상사고,0,0,1,0,차대사람 - 기타,안전운전불이행,건조,맑음,단일로 - 기타,승용,여,38세,상해없음,보행자,여,16세,경상
2020071600100627,2020년 7월 16일 22시,목요일,부산광역시 부산진구 가야동,경상사고,0,0,2,0,차대차 - 측면충돌,신호위반,건조,흐림,교차로 - 교차로안,이륜,남,45세,경상,승용,남,27세,경상
2020071600100628,2020년 7월 16일 22시,목요일,부산광역시 사상구 학장동,부상신고사고,0,0,0,2,차대차 - 측면충돌,안전운전불이행,건조,흐림,교차로 - 교차로안,승용,여,51세,상해없음,화물,남,64세,부상신고
2020071700100032,2020년 7월 17일 04시,금요일,부산광역시 동래구 온천동,중상사고,0,1,2,0,차대차 - 정면충돌,중앙선침범,건조,맑음,단일로 - 기타,승용,여,23세,경상,승용,남,64세,중상
2020071700100033,2020년 7월 17일 04시,금요일,부산광역시 부산진구 연지동,경상사고,0,0,1,0,차대차 - 정면충돌,중앙선침범,건조,맑음,단일로 - 기타,화물,남,53세,상해없음,승용,남,65세,경상
2020071700100034,2020년 7월 17일 04시,금요일,부산광역시 사상구 감전동,중상사고,0,1,0,0,차량단독 - 공작물충돌,안전운전불이행,건조,맑음,단일로 - 고가도로위,화물,남,57세,중상,,,,
2020071700100067,2020년 7월 17일 07시,금요일,부산광역시 해운대구 중동,중상사고,0,1,0,0,차대사람 - 기타,안전운전불이행,건조,맑음,교차로 - 교차로안,승용,남,69세,상해없음,보행자,여,48세,중상
2020071700100068,2020년 7월 17일 07시,금요일,부산광역시 사하구 괴정동,경상사고,0,0,1,0,차대사람 - 기타,안전운전불이행,건조,맑음,교차로 - 교차로안,승용,남,58세,상해없음,보행자,남,41세,경상
2020071700100086,2020년 7월 17일 08시,금요일,부산광역시 수영구 남천동,부상신고사고,0,0,0,1,차대차 - 기타,안전운전불이행,건조,맑음,교차로 - 교차로부근,승용,남,66세,상해없음,승용,남,26세,부상신고
2020071700100087,2020년 7월 17일 08시,금요일,부산광역시 북구 만덕동,경상사고,0,0,1,0,차대차 - 기타,차로위반,건조,맑음,단일로 - 기타,건설기계,남,46세,상해없음,승용,여,55세,경상
2020071700100088,2020년 7월 17일 08시,금요일,부산광역시 부산진구 부전동,경상사고,0,0,1,0,차대사람 - 횡단중,안전운전불이행,건조,맑음,단일로 - 기타,승용,남,62세,상해없음,보행자,남,21세,경상
2020071700100090,2020년 7월 17일 08시,금요일,부산광역시 강서구 명지동,중상사고,0,1,0,0,차대차 - 측면충돌,신호위반,건조,맑음,교차로 - 교차로부근,이륜,남,27세,상해없음,승용,남,55세,중상