사고번호,사고일시,요일,시군구,사고내용,사망자수,중상자수,경상자수,부상신고자수,사고유형,법규위반,노면상태,기상상태,도로형태,가해운전자 차종,가해운전자 성별,가해운전자 연령,가해운전자 상해정도,피해운전자 차종,피해운전자 성별,피해운전자 연령,피해운전자 상해정도
2020072100100062,2020년 7월 21일 05시,화요일,부산광역시 강서구 명지동,경상사고,0,0,1,0,차대차 - 기타,신호위반,젖음/습기,비,교차로 - 교차로부근,승용,여,64세,상해없음,화물,남,47세,상해없음
2020072100100082,2020년 7월 21일 07시,화요일,부산광역시 해운대구 송정동,경상사고,0,0,1,0,차대차 - 추돌,안전운전불이행,건조,맑음,교차로 - 교차로안,승합,남,55세,상해없음,화물,남,53세,상해없음
2020072100100083,2020년 7월 21일 07시,화요일,부산광역시 금정구 금사동,중상사고,0,1,0,0,차대사람 - 기타,교차로운행방법위반,건조,맑음,교차로 - 교차로안,승용,여,60세,상해없음,보행자,남,71세,중상
2020072100100084,2020년 7월 21일 07시,화요일,부산광역시 사상구 모라동,경상사고,0,0,5,2,차대차 - 측면충돌,안전운전불이행,건조,맑음,단일로 - 기타,승합,남,63세,상해없음,화물,남,48세,경상
2020072100100098,2020년 7월 21일 08시,화요일,부산광역시 남구 문현동,경상사고,0,0,1,0,차대차 - 추돌,안전거리미확보,건조,맑음,교차로 - 교차로안,승용,여,41세,상해없음,승용,여,55세,경상
2020072100100099,2020년 7월 21일 08시,화요일,부산광역시 북구 구포동,경상사고,0,0,1,0,차대차 - 측면충돌,안전운전불이행,건조,맑음,단일로 - 기타,승합,남,63세,상해없음,승용,여,26세,경상
2020072100100100,2020년 7월 21일 08시,화요일,부산광역시 해운대구 우동,중상사고,0,1,0,0,차량단독 - 기타,안전운전불이행,건조,맑음,단일로 - 기타,승합,남,47세,상해없음,,,,
2020072100100130,2020년 7월 21일 09시,화요일,부산광역시 서구 부민동3가,중상사고,0,1,0,0,차량단독 - 기타,안전운전불이행,건조,맑음,교차로 - 교차로부근,승합,남,38세,상해없음,,,,
2020072100100155,2020년 7월 21일 10시,화요일,부산광역시 서구 동대신동2가,중상사고,0,1,0,0,차대차 - 측면충돌,안전운전불이행,건조,맑음,단일로 - 기타,화물,남,71세,상해없음,이륜,남,59세,중상
2020072100100156,2020년 7월 21일 10시,화요일,부산광역시 강서구 대저1동,중상사고,0,1,0,0,차대차 - 측면충돌,직진우회전진행방해,건조,맑음,교차로 - 교차로안,화물,남,68세,상해없음,자전거,여,80세,중상
2020072100100157,2020년 7월 21일 10시,화요일,부산광역시 강서구 송정동,중상사고,0,1,0,0,차대차 - 측면충돌,안전거리미확보,건조,맑음,단일로 - 기타,건설기계,남,63세,상해없음,특수,남,73세,중상
2020072100100191,2020년 7월 21일 11시,화요일,부산광역시 중구 동광동5가,중상사고,0,1,0,0,차대사람 - 횡단중,안전운전불이행,건조,맑음,단일로 - 기타,승용,남,65세,상해없음,보행자,남,70세,중상
2020072100100192,2020년 7월 21일 11시,화요일,부산광역시 동구 범일동,경상사고,0,0,1,0,차대차 - 측면충돌,안전거리미확보,건조,맑음,단일로 - 기타,화물,남,53세,상해없음,이륜,남,57세,경상
2020072100100193,2020년 7월 21일 11시,화요일,부산광역시 북구 만덕동,중상사고,0,1,0,0,차대사람 - 기타,안전운전불이행,건조,맑음,단일로 - 기타,승용,여,47세,상해없음,보행자,남,49세,중상
2020072100100194,2020년 7월 21일 11시,화요일,부산광역시 해운대구 우동,경상사고,0,0,1,0,차대차 - 측면충돌,안전거리미확보,건조,맑음,교차로 - 교차로부근,승용,여,29세,상해없음,승용,남,32세,경상
2020072100100195,2020년 7월 21일 11시,화요일,부산광역시 강서구 명지동,경상사고,0,0,1,0,차대차 - 측면충돌,신호위반,건조,맑음,단일로 - 기타,승용,여,51세,상해없음,승용,여,53세,경상
2020072100100239,2020년 7월 21일 12시,화요일,부산광역시 연제구 거제동,경상사고,0,0,2,0,차대차 - 기타,교차로운행방법위반,건조,맑음,교차로 - 교차로안,승용,남,51세,상해없음,승용,남,36세,경상
2020072100100240,2020년 7월 21일 12시,화요일,부산광역시 강서구 송정동,중상사고,0,1,1,0,차대차 - 추돌,안전운전불이행,건조,맑음,교차로 - 교차로부근,승용,남,45세,상해없음,승용,여,40세,중상
2020072100100267,2020년 7월 21일 13시,화요일,부산광역시 해운대구 우동,경상사고,0,0,1,0,차대사람 - 기타,안전운전불이행,기타,기타,기타 - 기타,승용,기타불명,미분류,기타불명,보행자,남,19세,경상
2020072100100268,2020년 7월 21일 13시,화요일,부산광역시 금정구 부곡동,경상사고,0,0,1,0,차대사람 - 기타,안전운전불이행,건조,맑음,교차로 - 교차로안,승용,남,65세,상해없음,보행자,여,41세,경상
2020072100100306,2020년 7월 21일 14시,화요일,부산광역시 북구 덕천동,중상사고,0,1,0,0,차대사람 - 기타,중앙선침범,건조,맑음,교차로 - 교차로안,승용,남,68세,상해없음,보행자,여,86세,중상
2020072100100347,2020년 7월 21일 15시,화요일,부산광역시 부산진구 양정동,중상사고,0,1,0,0,차대차 - 기타,안전운전불이행,건조,맑음,단일로 - 기타,승용,남,40세,상해없음,자전거,남,37세,중상
2020072100100380,2020년 7월 21일 16시,화요일,부산광역시 중구 보수동3가,경상사고,0,0,1,0,차대차 - 추돌,안전운전불이행,건조,맑음,교차로 - 교차로부근,승용,여,46세,상해없음,승용,남,28세,경상
2020072100100381,2020년 7월 21일 16시,화요일,부산광역시 사하구 신평동,경상사고,0,0,1,0,차대차 - 추돌,안전운전불이행,건조,맑음,교차로 - 교차로안,승용,남,61세,상해없음,원동기,남,44세,경상
2020072100100382,2020년 7월 21일 16시,화요일,부산광역시 강서구 대저2동,경상사고,0,0,1,0,차대차 - 기타,기타,건조,맑음,교차로 - 교차로안,화물,남,67세,상해없음,화물,남,55세,경상
2020072100100419,2020년 7월 21일 17시,화요일,부산광역시 강서구 구랑동,중상사고,0,1,0,0,차대차 - 기타,안전운전불이행,건조,맑음,교차로 - 교차로부근,승용,여,52세,중상,특수,남,31세,기타불명
2020072100100459,2020년 7월 21일 18시,화요일,부산광역시 해운대구 좌동,경상사고,0,0,1,0,차대차 - 측면충돌,교차로운행방법위반,건조,맑음,교차로 - 교차로안,승용,여,49세,상해없음,이륜,남,43세,경상
2020072100100460,2020년 7월 21일 18시,화요일,부산광역시 해운대구 좌동,경상사고,0,0,1,0,차대차 - 추돌,안전거리미확보,건조,맑음,단일로 - 기타,승용,남,56세,상해없음,승용,남,29세,경상
2020072100100461,2020년 7월 21일 18시,화요일,부산광역시 금정구 구서동,경상사고,0,0,1,0,차대사람 - 기타,안전운전불이행,건조,맑음,교차로 - 교차로안,승용,남,56세,상해없음,보행자,여,65세,경상
2020072100100462,2020년 7월 21일 18시,화요일,부산광역시 수영구 수영동,경상사고,0,0,1,0,차대사람 - 횡단중,보행자보호의무위반,건조,맑음,단일로 - 기타,이륜,남,20세,상해없음,보행자,여,74세,경상
2020072100100463,2020년 7월 21일 18시,화요일,부산광역시 강서구 송정동,경상사고,0,0,1,0,차대차 - 기타,신호위반,건조,맑음,교차로 - 교차로안,승용,남,53세,상해없음,승용,남,20세,경상
2020072100100505,2020년 7월 21일 19시,화요일,부산광역시 동래구 안락동,부상신고사고,0,0,0,1,차대사람 - 기타,안전운전불이행,젖음/습기,맑음,단일로 - 지하차도(도로)내,승합,남,42세,상해없음,보행자,여,20세,부상신고
2020072100100506,2020년 7월 21일 19시,화요일,부산광역시 해운대구 우동,중상사고,0,1,0,0,차대차 - 측면충돌,안전거리미확보,건조,맑음,단일로 - 기타,승용,남,46세,상해없음,이륜,남,39세,중상
2020072100100538,2020년 7월 21일 20시,화요일,부산광역시 북구 만덕동,경상사고,0,0,1,0,차대차 - 추돌,안전운전불이행,건조,맑음,단일로 - 기타,이륜,남,21세,상해없음,승용,남,55세,경상
2020072100100539,2020년 7월 21일 20시,화요일,부산광역시 부산진구 개금동,중상사고,0,1,1,0,차대차 - 추돌,안전운전불이행,젖음/습기,비,단일로 - 기타,승용,남,68세,상해없음,승용,남,57세,중상
2020072100100590,2020년 7월 21일 22시,화요일,부산광역시 사하구 신평동,경상사고,0,0,1,0,차대차 - 추돌,안전운전불이행,건조,맑음,교차로 - 교차로부근,승용,여,56세,상해없음,승용,여,32세,경상
2020072100100616,2020년 7월 21일 23시,화요일,부산광역시 해운대구 우동,경상사고,0,0,3,0,차대차 - 기타,안전거리미확보,건조,맑음,단일로 - 교량,승용,여,55세,상해없음,승용,남,22세,경상
2020072100100617,2020년 7월 21일 23시,화요일,부산광역시 금정구 남산동,중상사고,0,1,0,0,차대사람 - 기타,안전운전불이행,젖음/습기,비,단일로 - 기타,승용,남,65세,상해없음,보행자,남,60세,중상
2020072200100004,2020년 7월 22일 00시,수요일,부산광역시 남구 문현동,경상사고,0,0,2,0,차대차 - 측면충돌,신호위반,건조,맑음,교차로 - 교차로안,승용,남,21세,상해없음,승용,남,45세,경상
2020072200100005,2020년 7월 22일 00시,수요일,부산광역시 영도구 영선동3가,경상사고,0,0,1,0,차대차 - 기타,안전운전불이행,건조,맑음,단일로 - 기타,승용,남,48세,상해없음,승용,남,63세,상해없음
2020072200100017,2020년 7월 22일 01시,수요일,부산광역시 해운대구 우동,경상사고,0,0,1,1,차대차 - 측면충돌,중앙선침범,건조,맑음,단일로 - 기타,이륜,남,17세,상해없음,승용,남,45세,경상
2020072200100018,2020년 7월 22일 01시,수요일,부산광역시 연제구 연산동,중상사고,0,1,0,0,차대차 - 정면충돌,신호위반,건조,맑음,교차로 - 교차로안,특수,남,20세,상해없음,승용,남,35세,중상
2020072200100037,2020년 7월 22일 03시,수요일,부산광역시 서구 서대신동1가,경상사고,0,0,1,0,차대차 - 측면충돌,신호위반,젖음/습기,비,교차로 - 교차로안,화물,남,44세,상해없음,화물,남,68세,경상
2020072200100038,2020년 7월 22일 03시,수요일,부산광역시 해운대구 우동,중상사고,0,1,0,0,차대사람 - 기타,보행자보호의무위반,젖음/습기,비,단일로 - 기타,승용,남,37세,상해없음,보행자,여,37세,중상
2020072200100039,2020년 7월 22일 03시,수요일,부산광역시 부산진구 가야동,경상사고,0,0,1,0,차대차 - 추돌,안전운전불이행,젖음/습기,비,교차로 - 교차로안,이륜,남,17세,경상,승용,남,70세,상해없음
2020072200100048,2020년 7월 22일 04시,수요일,부산광역시 부산진구 부전동,경상사고,0,0,5,0,차대차 - 추돌,안전운전불이행,건조,맑음,단일로 - 기타,승용,남,37세,상해없음,승용,남,66세,경상
2020072200100049,2020년 7월 22일 04시,수요일,부산광역시 연제구 거제동,경상사고,0,0,2,0,차대차 - 추돌,안전운전불이행,젖음/습기,비,교차로 - 교차로부근,승용,남,33세,기타불명,승용,남,67세,경상
2020072200100084,2020년 7월 22일 07시,수요일,부산광역시 동래구 온천동,경상사고,0,0,1,0,차대차 - 측면충돌,차로위반,젖음/습기,비,교차로 - 교차로부근,승용,여,40세,상해없음,승용,여,63세,경상
2020072200100085,2020년 7월 22일 07시,수요일,부산광역시 사하구 장림동,중상사고,0,3,2,0,차대차 - 정면충돌,중앙선침범,젖음/습기,비,단일로 - 기타,승용,남,56세,상해없음,승용,남,33세,경상
2020072200100086,2020년 7월 22일 07시,수요일,부산광역시 강서구 미음동,중상사고,0,1,0,0,차대차 - 추돌,안전거리미확보,젖음/습기,비,단일로 - 기타,화물,남,77세,상해없음,승용,남,41세,중상
2020072200100113,2020년 7월 22일 08시,수요일,부산광역시 동구 범일동,경상사고,0,0,1,0,차대차 - 추돌,안전운전불이행,젖음/습기,비,단일로 - 고가도로위,승용,남,40세,상해없음,승용,여,34세,경상
2020072200100114,2020년 7월 22일 08시,수요일,부산광역시 해운대구 중동,경상사고,0,0,1,0,차대차 - 측면충돌,안전운전불이행,젖음/습기,비,교차로 - 교차로안,승용,여,47세,상해없음,승용,남,26세,경상
2020072200100115,2020년 7월 22일 08시,수요일,부산광역시 부산진구 당감동,경상사고,0,0,1,0,차대차 - 측면충돌,안전거리미확보,젖음/습기,비,단일로 - 기타,승용,남,70세,상해없음,이륜,남,41세,경상
2020072200100160,2020년 7월 22일 09시,수요일,부산광역시 부산진구 부암동,경상사고,0,0,1,0,차대차 - 기타,안전거리미확보,젖음/습기,비,단일로 - 기타,승용,여,47세,상해없음,이륜,남,29세,경상
2020072200100161,2020년 7월 22일 09시,수요일,부산광역시 연제구 연산동,경상사고,0,0,1,0,차대차 - 추돌,안전운전불이행,젖음/습기,비,교차로 - 교차로부근,승용,여,41세,상해없음,승용,여,41세,경상
2020072200100162,2020년 7월 22일 09시,수요일,부산광역시 사상구 모라동,경상사고,0,0,1,1,차대차 - 측면충돌,안전거리미확보,젖음/습기,비,단일로 - 기타,승용,여,63세,부상신고,승용,남,58세,경상
2020072200100200,2020년 7월 22일 10시,수요일,부산광역시 영도구 남항동3가,경상사고,0,0,3,0,차대차 - 측면충돌,안전거리미확보,젖음/습기,비,단일로 - 기타,화물,남,45세,상해없음,승용,남,35세,경상
2020072200100201,2020년 7월 22일 10시,수요일,부산광역시 해운대구 송정동,경상사고,0,0,1,0,차대차 - 정면충돌,중앙선침범,젖음/습기,비,단일로 - 기타,승용,여,57세,상해없음,승용,남,44세,경상
2020072200100202,2020년 7월 22일 10시,수요일,부산광역시 수영구 망미동,경상사고,0,0,1,0,차대차 - 기타,차로위반,젖음/습기,비,교차로 - 교차로부근,승용,남,77세,상해없음,승용,여,63세,경상
2020072200100203,2020년 7월 22일 10시,수요일,부산광역시 강서구 대저1동,경상사고,0,0,1,0,차대차 - 기타,안전운전불이행,젖음/습기,비,단일로 - 기타,화물,남,59세,상해없음,화물,남,41세,경상
2020072200100233,2020년 7월 22일 11시,수요일,부산광역시 해운대구 중동,경상사고,0,0,1,0,차대차 - 측면충돌,안전운전불이행,건조,맑음,단일로 - 기타,승용,남,56세,상해없음,화물,남,34세,경상
2020072200100234,2020년 7월 22일 11시,수요일,부산광역시 부산진구 부전동,경상사고,0,0,1,0,차대차 - 측면충돌,안전운전불이행,건조,맑음,미분류 - 미분류,승용,남,62세,상해없음,승용,남,25세,경상
2020072200100235,2020년 7월 22일 11시,수요일,부산광역시 금정구 서동,중상사고,0,1,0,0,차대사람 - 기타,보행자보호의무위반,건조,맑음,단일로 - 기타,이륜,남,63세,상해없음,보행자,여,82세,중상
2020072200100264,2020년 7월 22일 12시,수요일,부산광역시 금정구 남산동,경상사고,0,0,1,0,차대사람 - 차도통행중,안전운전불이행,건조,맑음,단일로 - 터널,승용,남,72세,상해없음,보행자,남,34세,경상
2020072200100265,2020년 7월 22일 12시,수요일,부산광역시 연제구 거제동,중상사고,0,1,0,0,차대사람 - 횡단중,보행자보호의무위반,기타,흐림,교차로 - 교차로안,승용,여,53세,상해없음,보행자,여,63세,중상
2020072200100291,2020년 7월 22일 13시,수요일,부산광역시 동구 범일동,경상사고,0,0,1,0,차대차 - 기타,안전운전불이행,건조,맑음,단일로 - 기타,승용,여,63세,상해없음,승용,여,48세,경상
2020072200100292,2020년 7월 22일 13시,수요일,부산광역시 해운대구 재송동,경상사고,0,0,1,0,차대차 - 측면충돌,안전거리미확보,젖음/습기,흐림,단일로 - 기타,승용,남,66세,상해없음,승용,여,37세,경상
2020072200100293,2020년 7월 22일 13시,수요일,부산광역시 부산진구 부전동,경상사고,0,0,1,0,차대사람 - 기타,안전운전불이행,건조,맑음,교차로 - 교차로안,화물,남,38세,상해없음,보행자,여,24세,경상
2020072200100294,2020년 7월 22일 13시,수요일,부산광역시 연제구 거제동,경상사고,0,0,1,0,차대사람 - 기타,안전운전불이행,젖음/습기,비,단일로 - 기타,승용,여,27세,상해없음,보행자,남,59세,경상
2020072200100295,2020년 7월 22일 13시,수요일,부산광역시 연제구 거제동,경상사고,0,0,1,0,차대차 - 추돌,안전운전불이행,건조,맑음,단일로 - 기타,승합,남,53세,상해없음,승용,남,28세,경상
2020072200100296,2020년 7월 22일 13시,수요일,부산광역시 강서구 송정동,경상사고,0,0,1,0,차대차 - 측면충돌,직진우회전진행방해,건조,맑음,교차로 - 교차로안,승용,남,61세,상해없음,화물,남,36세,경상
2020072200100321,2020년 7월 22일 14시,수요일,부산광역시 금정구 두구동,경상사고,0,0,1,0,차량단독 - 전도전복 - 전도,안전운전불이행,젖음/습기,비,단일로 - 기타,화물,남,60세,경상,,,,
2020072200100360,2020년 7월 22일 15시,수요일,부산광역시 남구 용호동,부상신고사고,0,0,0,1,차대차 - 기타,안전운전불이행,건조,맑음,교차로 - 교차로부근,승용,여,56세,부상신고,승용,남,62세,상해없음
2020072200100361,2020년 7월 22일 15시,수요일,부산광역시 부산진구 가야동,경상사고,0,0,1,0,차대차 - 측면충돌,교차로운행방법위반,건조,맑음,교차로 - 교차로안,승합,여,50세,상해없음,승용,여,49세,경상
2020072200100362,2020년 7월 22일 15시,수요일,부산광역시 남구 문현동,경상사고,0,0,1,0,차대차 - 측면충돌,안전운전불이행,건조,맑음,단일로 - 기타,승용,남,60세,상해없음,화물,남,34세,경상
2020072200100363,2020년 7월 22일 15시,수요일,부산광역시 사하구 감천동,중상사고,0,1,1,0,차대차 - 기타,과속,젖음/습기,비,단일로 - 기타,승용,남,47세,중상,화물,남,50세,경상
2020072200100364,2020년 7월 22일 15시,수요일,부산광역시 강서구 성북동,경상사고,0,0,2,0,차대차 - 측면충돌,직진우회전진행방해,젖음/습기,흐림,교차로 - 교차로안,승용,남,73세,상해없음,승용,여,55세,경상
2020072200100428,2020년 7월 22일 17시,수요일,부산광역시 동래구 낙민동,중상사고,0,1,0,0,차대사람 - 횡단중,보행자보호의무위반,젖음/습기,비,단일로 - 기타,승용,남,58세,상해없음,보행자,여,65세,중상
2020072200100475,2020년 7월 22일 18시,수요일,부산광역시 부산진구 연지동,경상사고,0,0,1,0,차대차 - 정면충돌,직진우회전진행방해,건조,맑음,교차로 - 교차로안,승용,여,48세,상해없음,승용,남,49세,경상
2020072200100476,2020년 7월 22일 18시,수요일,부산광역시 연제구 연산동,경상사고,0,0,1,0,차대차 - 기타,차로위반,건조,맑음,단일로 - 기타,승용,남,50세,상해없음,승용,여,50세,경상
2020072200100477,2020년 7월 22일 18시,수요일,부산광역시 연제구 연산동,부상신고사고,0,0,0,3,차대차 - 측면충돌,안전거리미확보,건조,맑음,단일로 - 기타,화물,남,66세,상해없음,승용,남,45세,부상신고
2020072200100478,2020년 7월 22일 18시,수요일,부산광역시 사상구 학장동,부상신고사고,0,0,0,1,차대사람 - 기타,안전운전불이행,건조,맑음,단일로 - 기타,승용,남,58세,상해없음,보행자,남,51세,부상신고
2020072200100525,2020년 7월 22일 19시,수요일,부산광역시 부산진구 범천동,경상사고,0,0,1,0,차대차 - 기타,안전거리미확보,건조,맑음,교차로 - 교차로부근,승용,남,60세,상해없음,승용,남,27세,경상
2020072200100564,2020년 7월 22일 20시,수요일,부산광역시 남구 대연동,경상사고,0,0,1,0,차대차 - 기타,기타,젖음/습기,비,교차로 - 교차로부근,승합,남,39세,상해없음,승용,여,62세,상해없음
2020072200100565,2020년 7월 22일 20시,수요일,부산광역시 연제구 거제동,경상사고,0,0,2,0,차대차 - 기타,안전운전불이행,젖음/습기,비,교차로 - 교차로안,승용,여,48세,상해없음,승용,여,54세,경상
2020072200100566,2020년 7월 22일 20시,수요일,부산광역시 사상구 덕포동,경상사고,0,0,1,0,차대사람 - 보도통행중,신호위반,건조,흐림,교차로 - 교차로횡단보도내,승용,남,70세,상해없음,보행자,여,30세,경상
2020072200100595,2020년 7월 22일 21시,수요일,부산광역시 수영구 남천동,중상사고,0,1,0,0,차대차 - 측면충돌,안전운전불이행,젖음/습기,비,단일로 - 기타,승용,여,40세,상해없음,승용,여,48세,중상
2020072200100597,2020년 7월 22일 21시,수요일,부산광역시 부산진구 부전동,중상사고,0,1,1,0,차대사람 - 기타,안전운전불이행,젖음/습기,비,기타 - 기타,이륜,남,30세,상해없음,보행자,남,52세,경상
2020072200100622,2020년 7월 22일 22시,수요일,부산광역시 동래구 사직동,경상사고,0,0,1,0,차대차 - 측면충돌,안전운전불이행,젖음/습기,비,교차로 - 교차로안,승용,남,55세,상해없음,승용,여,22세,경상
2020072200100623,2020년 7월 22일 22시,수요일,부산광역시 연제구 연산동,경상사고,0,0,2,0,차대차 - 측면충돌,신호위반,젖음/습기,비,교차로 - 교차로안,승용,남,39세,상해없음,승용,남,73세,경상
2020072200100624,2020년 7월 22일 22시,수요일,부산광역시 사상구 모라동,중상사고,0,1,0,0,차대사람 - 횡단중,안전운전불이행,건조,맑음,단일로 - 기타,승용,여,62세,상해없음,보행자,남,69세,중상
2020072200100625,2020년 7월 22일 22시,수요일,부산광역시 기장군 일광면,경상사고,0,0,1,0,차대사람 - 기타,안전운전불이행,기타,기타,주차장 - 주차장,승용,남,25세,상해없음,보행자,남,29세,경상
2020072200100654,2020년 7월 22일 23시,수요일,부산광역시 연제구 연산동,경상사고,0,0,1,0,차대차 - 기타,안전거리미확보,젖음/습기,비,교차로 - 교차로부근,승용,남,76세,상해없음,승용,여,45세,경상
2020072200100655,2020년 7월 22일 23시,수요일,부산광역시 사상구 학장동,경상사고,0,0,4,0,차대차 - 추돌,안전운전불이행,건조,맑음,단일로 - 기타,승용,남,56세,상해없음,승용,남,43세,경상
2020072300100053,2020년 7월 23일 05시,목요일,부산광역시 수영구 남천동,사망사고,1,0,0,0,차대사람 - 차도통행중,안전운전불이행,젖음/습기,흐림,교차로 - 교차로횡단보도내,승용,남,60세,상해없음,보행자,여,83세,사망
2020072300100065,2020년 7월 23일 06시,목요일,부산광역시 기장군 철마면,경상사고,0,0,1,0,차대차 - 측면충돌,신호위반,건조,맑음,교차로 - 교차로안,승용,남,65세,상해없음,승용,남,68세,경상
2020072300100073,2020년 7월 23일 07시,목요일,부산광역시 사상구 학장동,경상사고,0,0,1,0,차대사람 - 길가장자리구역통행중,안전운전불이행,젖음/습기,비,기타 - 기타,승합,남,44세,상해없음,보행자,남,48세,경상
2020072300100100,2020년 7월 23일 08시,목요일,부산광역시 해운대구 반여동,경상사고,0,0,1,0,차대차 - 측면충돌,안전거리미확보,건조,맑음,단일로 - 기타,승용,남,70세,상해없음,승용,남,63세,경상
2020072300100101,2020년 7월 23일 08시,목요일,부산광역시 사하구 괴정동,경상사고,0,0,1,1,차대차 - 측면충돌,안전운전불이행,건조,맑음,교차로 - 교차로안,화물,남,44세,부상신고,승용,남,39세,경상
2020072300100102,2020년 7월 23일 08시,목요일,부산광역시 사상구 괘법동,중상사고,0,1,0,0,차대사람 - 차도통행중,안전운전불이행,젖음/습기,비,교차로 - 교차로부근,승용,남,29세,상해없음,보행자,남,85세,중상
2020072300100135,2020년 7월 23일 09시,목요일,부산광역시 강서구 명지동,경상사고,0,0,2,0,차대차 - 추돌,안전거리미확보,젖음/습기,비,단일로 - 기타,승용,남,57세,상해없음,승용,여,49세,경상
2020072300100188,2020년 7월 23일 11시,목요일,부산광역시 남구 대연동,중상사고,0,1,0,0,차대사람 - 횡단중,안전운전불이행,건조,맑음,교차로 - 교차로안,승용,여,62세,상해없음,보행자,남,56세,중상
2020072300100189,2020년 7월 23일 11시,목요일,부산광역시 영도구 청학동,경상사고,0,0,1,0,차대차 - 후진중충돌,안전운전불이행,건조,맑음,단일로 - 기타,승용,여,47세,상해없음,이륜,남,32세,경상
2020072300100242,2020년 7월 23일 13시,목요일,부산광역시 동래구 사직동,경상사고,0,0,1,0,차량단독 - 기타,기타,젖음/습기,비,단일로 - 기타,승합,남,47세,상해없음,,,,
2020072300100243,2020년 7월 23일 13시,목요일,부산광역시 동래구 명장동,경상사고,0,0,2,0,차대차 - 추돌,안전운전불이행,젖음/습기,맑음,교차로 - 교차로부근,화물,남,69세,상해없음,승용,남,69세,경상
2020072300100274,2020년 7월 23일 14시,목요일,부산광역시 중구 영주동,경상사고,0,0,1,0,차대차 - 후진중충돌,안전운전불이행,젖음/습기,비,단일로 - 기타,화물,남,41세,상해없음,이륜,남,48세,경상
2020072300100275,2020년 7월 23일 14시,목요일,부산광역시 부산진구 범천동,경상사고,0,0,1,0,차대사람 - 횡단중,보행자보호의무위반,건조,맑음,단일로 - 기타,승용,여,43세,상해없음,보행자,여,61세,경상
2020072300100276,2020년 7월 23일 14시,목요일,부산광역시 연제구 연산동,경상사고,0,0,2,0,차대차 - 기타,안전거리미확보,젖음/습기,비,단일로 - 기타,승용,남,61세,상해없음,승용,남,32세,경상
2020072300100302,2020년 7월 23일 15시,목요일,부산광역시 북구 덕천동,중상사고,0,1,1,0,차대차 - 추돌,안전거리미확보,젖음/습기,비,교차로 - 교차로안,화물,남,47세,경상,승용,여,56세,중상
2020072300100380,2020년 7월 23일 17시,목요일,부산광역시 영도구 동삼동,중상사고,0,1,0,0,차대차 - 측면충돌,직진우회전진행방해,젖음/습기,비,교차로 - 교차로안,승용,남,58세,상해없음,이륜,남,23세,중상
2020072300100381,2020년 7월 23일 17시,목요일,부산광역시 사상구 모라동,중상사고,0,1,0,0,차대차 - 정면충돌,안전운전불이행,건조,맑음,단일로 - 지하차도(도로)내,승용,남,39세,상해없음,승용,남,42세,중상
2020072300100424,2020년 7월 23일 18시,목요일,부산광역시 동래구 사직동,경상사고,0,0,1,0,차대차 - 기타,기타,건조,맑음,단일로 - 기타,승용,여,47세,상해없음,이륜,남,24세,경상
2020072300100425,2020년 7월 23일 18시,목요일,부산광역시 사하구 당리동,중상사고,0,1,0,0,차대차 - 기타,안전운전불이행,건조,맑음,교차로 - 교차로안,승용,여,62세,상해없음,승용,남,34세,중상
2020072300100475,2020년 7월 23일 19시,목요일,부산광역시 해운대구 송정동,경상사고,0,0,1,0,차대차 - 후진중충돌,안전운전불이행,젖음/습기,비,기타 - 기타,승용,남,27세,상해없음,승용,남,65세,상해없음
2020072300100476,2020년 7월 23일 19시,목요일,부산광역시 사하구 다대동,경상사고,0,0,1,1,차대차 - 추돌,안전운전불이행,젖음/습기,비,교차로 - 교차로부근,승용,남,54세,상해없음,승용,남,73세,경상
2020072300100477,2020년 7월 23일 19시,목요일,부산광역시 사상구 주례동,경상사고,0,0,1,0,차대사람 - 횡단중,안전운전불이행,젖음/습기,비,교차로 - 교차로안,승용,남,58세,상해없음,보행자,남,23세,경상
2020072300100478,2020년 7월 23일 19시,목요일,부산광역시 사상구 엄궁동,부상신고사고,0,0,0,1,차대차 - 측면충돌,안전운전불이행,젖음/습기,비,교차로 - 교차로안,승용,여,36세,상해없음,승용,남,65세,부상신고
2020072300100479,2020년 7월 23일 19시,목요일,부산광역시 기장군 정관읍,경상사고,0,0,1,1,차대차 - 측면충돌,안전운전불이행,젖음/습기,비,교차로 - 교차로안,이륜,남,24세,부상신고,승용,여,40세,경상
2020072300100480,2020년 7월 23일 19시,목요일,부산광역시 기장군 기장읍,경상사고,0,0,1,0,차대차 - 기타,차로위반,젖음/습기,비,단일로 - 기타,승용,남,66세,상해없음,이륜,남,35세,경상
2020072300100527,2020년 7월 23일 20시,목요일,부산광역시 동래구 안락동,경상사고,0,0,1,0,차대차 - 측면충돌,안전운전불이행,젖음/습기,비,교차로 - 교차로안,승용,남,56세,상해없음,이륜,남,41세,경상
2020072300100528,2020년 7월 23일 20시,목요일,부산광역시 영도구 동삼동,중상사고,0,1,0,0,차대차 - 추돌,안전거리미확보,젖음/습기,비,단일로 - 기타,승용,남,51세,상해없음,이륜,남,28세,중상
2020072300100582,2020년 7월 23일 21시,목요일,부산광역시 영도구 청학동,경상사고,0,0,1,0,차대차 - 기타,신호위반,젖음/습기,비,교차로 - 교차로안,승용,남,25세,상해없음,특수,남,50세,경상