사고번호,사고일시,요일,시군구,사고내용,사망자수,중상자수,경상자수,부상신고자수,사고유형,법규위반,노면상태,기상상태,도로형태,가해운전자 차종,가해운전자 성별,가해운전자 연령,가해운전자 상해정도,피해운전자 차종,피해운전자 성별,피해운전자 연령,피해운전자 상해정도
2020072300100583,2020년 7월 23일 21시,목요일,부산광역시 연제구 거제동,경상사고,0,0,1,0,차대차 - 추돌,안전운전불이행,젖음/습기,비,단일로 - 기타,승용,여,47세,상해없음,승용,여,54세,경상
2020072300100584,2020년 7월 23일 21시,목요일,부산광역시 수영구 광안동,경상사고,0,0,1,0,차대차 - 추돌,안전거리미확보,젖음/습기,비,단일로 - 기타,승용,남,50세,상해없음,승용,여,38세,경상
2020072300100630,2020년 7월 23일 22시,목요일,부산광역시 동구 범일동,경상사고,0,0,1,0,차대차 - 측면충돌,안전운전불이행,젖음/습기,비,교차로 - 교차로안,승용,여,54세,상해없음,승용,남,22세,경상
2020072300100631,2020년 7월 23일 22시,목요일,부산광역시 북구 구포동,경상사고,0,0,2,0,차대차 - 추돌,안전운전불이행,젖음/습기,비,단일로 - 기타,이륜,남,55세,상해없음,승용,남,29세,경상
2020072300100632,2020년 7월 23일 22시,목요일,부산광역시 북구 화명동,경상사고,0,0,2,0,차대차 - 후진중충돌,안전운전불이행,침수,비,단일로 - 기타,승용,남,63세,상해없음,승용,여,52세,경상
2020072300100633,2020년 7월 23일 22시,목요일,부산광역시 부산진구 개금동,중상사고,0,1,1,0,차대차 - 측면충돌,신호위반,건조,맑음,교차로 - 교차로안,승용,남,58세,상해없음,승용,남,49세,상해없음
2020072300100634,2020년 7월 23일 22시,목요일,부산광역시 금정구 금사동,경상사고,0,0,1,0,차대차 - 기타,안전운전불이행,젖음/습기,비,단일로 - 교량,승용,남,23세,상해없음,승용,남,31세,경상
2020072300100635,2020년 7월 23일 22시,목요일,부산광역시 수영구 망미동,중상사고,0,1,0,0,차대사람 - 횡단중,안전운전불이행,젖음/습기,비,단일로 - 기타,승용,여,48세,상해없음,보행자,남,65세,중상
2020072300100636,2020년 7월 23일 22시,목요일,부산광역시 연제구 거제동,부상신고사고,0,0,0,2,차대차 - 추돌,안전거리미확보,젖음/습기,비,교차로 - 교차로부근,승용,여,20세,상해없음,승용,남,63세,상해없음
2020072300100677,2020년 7월 23일 23시,목요일,부산광역시 동구 초량동,중상사고,0,1,0,0,차대차 - 기타,안전운전불이행,젖음/습기,비,단일로 - 기타,승용,남,79세,상해없음,이륜,남,40세,중상
2020072300100678,2020년 7월 23일 23시,목요일,부산광역시 부산진구 양정동,중상사고,0,1,1,0,차대차 - 정면충돌,신호위반,젖음/습기,비,교차로 - 교차로안,승용,남,55세,상해없음,승용,남,51세,경상
2020072300100679,2020년 7월 23일 23시,목요일,부산광역시 금정구 금사동,경상사고,0,0,1,0,차대사람 - 횡단중,보행자보호의무위반,젖음/습기,비,교차로 - 교차로횡단보도내,승용,남,52세,상해없음,보행자,여,54세,경상
2020072300100680,2020년 7월 23일 23시,목요일,부산광역시 강서구 범방동,중상사고,0,1,0,0,차대차 - 추돌,안전운전불이행,젖음/습기,비,교차로 - 교차로부근,승용,남,60세,상해없음,승용,남,47세,중상
2020072300100681,2020년 7월 23일 23시,목요일,부산광역시 금정구 노포동,중상사고,0,1,0,0,차대차 - 추돌,안전운전불이행,젖음/습기,비,단일로 - 기타,승용,남,64세,상해없음,승용,남,65세,중상
2020072400100004,2020년 7월 24일 00시,금요일,부산광역시 동구 초량동,경상사고,0,0,1,0,차대사람 - 기타,안전운전불이행,젖음/습기,비,단일로 - 기타,승용,남,42세,상해없음,보행자,남,52세,경상
2020072400100026,2020년 7월 24일 01시,금요일,부산광역시 금정구 구서동,중상사고,0,1,0,0,차대차 - 추돌,안전운전불이행,젖음/습기,비,단일로 - 기타,승용,남,47세,상해없음,승용,남,59세,중상
2020072400100027,2020년 7월 24일 01시,금요일,부산광역시 사상구 모라동,중상사고,0,1,0,0,차대사람 - 기타,안전운전불이행,젖음/습기,비,기타 - 기타,승용,남,62세,상해없음,보행자,남,34세,중상
2020072400100041,2020년 7월 24일 03시,금요일,부산광역시 부산진구 범천동,경상사고,0,0,2,0,차대차 - 추돌,안전운전불이행,건조,맑음,교차로 - 교차로부근,승용,남,28세,상해없음,승용,남,57세,경상
2020072400100072,2020년 7월 24일 07시,금요일,부산광역시 사상구 감전동,부상신고사고,0,0,0,1,차대차 - 기타,안전운전불이행,젖음/습기,흐림,단일로 - 기타,이륜,남,69세,부상신고,승용,남,49세,기타불명
2020072400100073,2020년 7월 24일 07시,금요일,부산광역시 사상구 괘법동,경상사고,0,0,1,0,차대사람 - 기타,안전운전불이행,건조,맑음,단일로 - 기타,승용,남,45세,상해없음,보행자,남,51세,경상
2020072400100088,2020년 7월 24일 08시,금요일,부산광역시 연제구 거제동,중상사고,0,1,0,0,차대차 - 측면충돌,안전운전불이행,건조,맑음,단일로 - 기타,승용,남,37세,상해없음,이륜,남,76세,중상
2020072400100204,2020년 7월 24일 12시,금요일,부산광역시 동구 수정동,경상사고,0,0,2,0,차대차 - 기타,안전운전불이행,건조,맑음,단일로 - 기타,승용,여,36세,상해없음,승합,남,50세,경상
2020072400100205,2020년 7월 24일 12시,금요일,부산광역시 기장군 기장읍,경상사고,0,0,1,0,차대사람 - 횡단중,보행자보호의무위반,건조,맑음,교차로 - 교차로횡단보도내,승용,남,19세,상해없음,보행자,여,23세,경상
2020072400100237,2020년 7월 24일 13시,금요일,부산광역시 부산진구 가야동,중상사고,0,1,0,0,차대차 - 기타,안전운전불이행,건조,맑음,교차로 - 교차로부근,승용,남,75세,상해없음,이륜,남,63세,중상
2020072400100238,2020년 7월 24일 13시,금요일,부산광역시 금정구 부곡동,부상신고사고,0,0,0,1,차대사람 - 기타,안전운전불이행,건조,맑음,단일로 - 기타,승용,남,58세,상해없음,보행자,남,22세,부상신고
2020072400100258,2020년 7월 24일 14시,금요일,부산광역시 금정구 부곡동,경상사고,0,0,3,0,차대차 - 기타,차로위반,건조,맑음,단일로 - 기타,화물,남,70세,상해없음,승용,남,58세,경상
2020072400100259,2020년 7월 24일 14시,금요일,부산광역시 사상구 감전동,경상사고,0,0,1,0,차대사람 - 기타,안전운전불이행,건조,맑음,단일로 - 기타,승용,남,30세,상해없음,보행자,남,70세,경상
2020072400100329,2020년 7월 24일 16시,금요일,부산광역시 수영구 수영동,경상사고,0,0,1,0,차대사람 - 길가장자리구역통행중,안전운전불이행,건조,흐림,교차로 - 교차로부근,화물,남,55세,상해없음,보행자,남,81세,경상
2020072400100330,2020년 7월 24일 16시,금요일,부산광역시 강서구 송정동,경상사고,0,0,1,0,차대차 - 기타,신호위반,건조,맑음,교차로 - 교차로안,승용,여,31세,상해없음,특수,남,55세,경상
2020072400100410,2020년 7월 24일 18시,금요일,부산광역시 남구 대연동,부상신고사고,0,0,0,1,차대사람 - 길가장자리구역통행중,안전운전불이행,건조,맑음,교차로 - 교차로부근,승용,여,65세,상해없음,보행자,여,9세,부상신고
2020072400100411,2020년 7월 24일 18시,금요일,부산광역시 수영구 남천동,중상사고,0,1,0,0,차대차 - 측면충돌,안전운전불이행,건조,맑음,교차로 - 교차로부근,승용,남,42세,상해없음,이륜,남,62세,중상
2020072400100499,2020년 7월 24일 20시,금요일,부산광역시 동래구 사직동,경상사고,0,0,2,0,차대차 - 추돌,안전운전불이행,건조,흐림,단일로 - 기타,승용,남,52세,상해없음,승용,여,38세,경상
2020072400100547,2020년 7월 24일 21시,금요일,부산광역시 해운대구 재송동,경상사고,0,0,1,1,차대사람 - 횡단중,신호위반,젖음/습기,비,단일로 - 기타,이륜,남,17세,부상신고,보행자,여,9세,경상
2020072400100548,2020년 7월 24일 21시,금요일,부산광역시 사하구 장림동,사망사고,1,1,0,0,차대사람 - 횡단중,안전운전불이행,젖음/습기,비,단일로 - 기타,이륜,남,18세,중상,보행자,남,73세,사망
2020072400100549,2020년 7월 24일 21시,금요일,부산광역시 사하구 신평동,중상사고,0,1,0,0,차대차 - 추돌,안전운전불이행,젖음/습기,비,교차로 - 교차로부근,승용,남,59세,상해없음,승용,남,26세,중상
2020072400100590,2020년 7월 24일 22시,금요일,부산광역시 부산진구 부전동,경상사고,0,0,1,2,차대차 - 기타,신호위반,젖음/습기,비,교차로 - 교차로부근,승용,남,62세,상해없음,승용,남,67세,경상
2020072400100632,2020년 7월 24일 23시,금요일,부산광역시 부산진구 당감동,경상사고,0,0,1,0,차량단독 - 공작물충돌,안전운전불이행,젖음/습기,비,기타 - 기타,승용,남,61세,경상,,,,
2020072500100029,2020년 7월 25일 01시,토요일,부산광역시 금정구 부곡동,경상사고,0,0,1,0,차대차 - 후진중충돌,안전운전불이행,젖음/습기,비,단일로 - 기타,승용,남,49세,상해없음,승용,남,24세,상해없음
2020072500100053,2020년 7월 25일 02시,토요일,부산광역시 서구 서대신동2가,경상사고,0,0,1,0,차대차 - 추돌,안전운전불이행,건조,맑음,교차로 - 교차로부근,승용,남,45세,상해없음,승용,남,69세,상해없음
2020072500100054,2020년 7월 25일 02시,토요일,부산광역시 동래구 온천동,경상사고,0,0,2,0,차대차 - 기타,안전운전불이행,젖음/습기,비,단일로 - 기타,승용,남,39세,상해없음,승용,남,26세,경상
2020072500100066,2020년 7월 25일 03시,토요일,부산광역시 수영구 남천동,부상신고사고,0,0,0,1,차량단독 - 기타,안전운전불이행,젖음/습기,비,기타 - 기타,기타불명,기타불명,미분류,기타불명,,,,
2020072500100067,2020년 7월 25일 03시,토요일,부산광역시 북구 덕천동,경상사고,0,0,1,0,차대차 - 측면충돌,신호위반,건조,맑음,교차로 - 교차로안,승용,남,27세,상해없음,화물,남,66세,경상
2020072500100090,2020년 7월 25일 05시,토요일,부산광역시 사상구 학장동,경상사고,0,0,2,0,차량단독 - 공작물충돌,안전운전불이행,젖음/습기,비,단일로 - 고가도로위,승용,남,57세,경상,,,,
2020072500100102,2020년 7월 25일 06시,토요일,부산광역시 북구 구포동,경상사고,0,0,1,0,차대사람 - 기타,안전운전불이행,건조,맑음,교차로 - 교차로안,승용,남,59세,상해없음,보행자,여,50세,경상
2020072500100125,2020년 7월 25일 08시,토요일,부산광역시 서구 암남동,경상사고,0,0,1,0,차대차 - 기타,교차로운행방법위반,건조,흐림,교차로 - 교차로안,승용,남,44세,상해없음,승용,남,35세,경상
2020072500100126,2020년 7월 25일 08시,토요일,부산광역시 금정구 금사동,부상신고사고,0,0,0,1,차량단독 - 공작물충돌,안전운전불이행,건조,맑음,단일로 - 고가도로위,승용,남,26세,부상신고,,,,
2020072500100150,2020년 7월 25일 09시,토요일,부산광역시 부산진구 부전동,경상사고,0,0,1,0,차대차 - 기타,안전운전불이행,건조,맑음,단일로 - 기타,승용,남,47세,상해없음,이륜,남,36세,경상
2020072500100176,2020년 7월 25일 10시,토요일,부산광역시 연제구 연산동,경상사고,0,0,1,0,차대차 - 후진중충돌,안전운전불이행,건조,맑음,단일로 - 기타,화물,남,51세,상해없음,승용,남,66세,상해없음
2020072500100177,2020년 7월 25일 10시,토요일,부산광역시 연제구 거제동,중상사고,0,1,0,0,차대사람 - 기타,안전운전불이행,건조,맑음,단일로 - 기타,화물,남,52세,상해없음,보행자,남,69세,중상
2020072500100235,2020년 7월 25일 12시,토요일,부산광역시 중구 동광동5가,중상사고,0,1,1,0,차대차 - 측면충돌,안전운전불이행,건조,맑음,교차로 - 교차로안,승용,여,50세,상해없음,이륜,남,69세,경상
2020072500100236,2020년 7월 25일 12시,토요일,부산광역시 부산진구 전포동,경상사고,0,0,1,0,차량단독 - 기타,안전운전불이행,건조,흐림,교차로 - 교차로안,승용,남,76세,상해없음,,,,
2020072500100272,2020년 7월 25일 13시,토요일,부산광역시 부산진구 부암동,경상사고,0,0,2,0,차대차 - 추돌,안전운전불이행,건조,흐림,단일로 - 기타,승용,남,26세,상해없음,승용,남,28세,경상
2020072500100273,2020년 7월 25일 13시,토요일,부산광역시 사하구 하단동,경상사고,0,0,1,0,차대차 - 추돌,안전운전불이행,건조,맑음,단일로 - 기타,승용,남,71세,상해없음,승용,여,53세,경상
2020072500100315,2020년 7월 25일 14시,토요일,부산광역시 사상구 모라동,경상사고,0,0,2,0,차대차 - 후진중충돌,안전운전불이행,건조,맑음,단일로 - 기타,승용,남,66세,기타불명,승용,남,40세,경상
2020072500100316,2020년 7월 25일 14시,토요일,부산광역시 사상구 모라동,중상사고,0,1,1,0,차대차 - 측면충돌,교차로운행방법위반,건조,맑음,교차로 - 교차로안,승합,남,59세,상해없음,승용,여,70세,중상
2020072500100349,2020년 7월 25일 15시,토요일,부산광역시 사하구 하단동,경상사고,0,0,1,0,차대차 - 기타,안전운전불이행,건조,맑음,교차로 - 교차로안,승용,남,59세,상해없음,승용,남,49세,경상
2020072500100456,2020년 7월 25일 18시,토요일,부산광역시 해운대구 우동,경상사고,0,0,1,0,차대차 - 측면충돌,안전운전불이행,건조,맑음,단일로 - 기타,승용,남,41세,상해없음,승용,남,30세,경상
2020072500100525,2020년 7월 25일 20시,토요일,부산광역시 서구 서대신동1가,경상사고,0,0,1,0,차량단독 - 기타,기타,젖음/습기,흐림,단일로 - 기타,승합,남,55세,상해없음,,,,
2020072500100526,2020년 7월 25일 20시,토요일,부산광역시 동래구 온천동,경상사고,0,0,1,0,차대차 - 기타,기타,건조,맑음,단일로 - 기타,승용,남,55세,상해없음,이륜,남,40세,경상
2020072500100527,2020년 7월 25일 20시,토요일,부산광역시 해운대구 재송동,경상사고,0,0,1,0,차대차 - 측면충돌,안전운전불이행,건조,맑음,교차로 - 교차로안,승용,남,54세,상해없음,승용,남,49세,경상
2020072500100597,2020년 7월 25일 22시,토요일,부산광역시 동구 초량동,중상사고,0,3,9,2,차대차 - 기타,안전거리미확보,건조,맑음,기타 - 기타,승합,남,58세,상해없음,승합,남,61세,상해없음
2020072500100598,2020년 7월 25일 22시,토요일,부산광역시 해운대구 반송동,경상사고,0,0,1,0,차대차 - 기타,안전운전불이행,건조,맑음,단일로 - 기타,이륜,남,48세,경상,승용,남,21세,상해없음
2020072500100599,2020년 7월 25일 22시,토요일,부산광역시 사하구 하단동,경상사고,0,0,2,0,차대차 - 기타,신호위반,건조,맑음,교차로 - 교차로부근,승용,남,34세,상해없음,이륜,남,29세,경상
2020072600100004,2020년 7월 26일 00시,일요일,부산광역시 동래구 안락동,중상사고,0,2,0,0,차대차 - 추돌,안전운전불이행,건조,맑음,교차로 - 교차로부근,승용,남,48세,상해없음,승용,남,64세,상해없음
2020072600100035,2020년 7월 26일 02시,일요일,부산광역시 사하구 괴정동,경상사고,0,0,1,0,차량단독 - 기타,안전운전불이행,건조,맑음,단일로 - 기타,승용,남,70세,상해없음,,,,
2020072600100055,2020년 7월 26일 04시,일요일,부산광역시 서구 남부민동,중상사고,0,1,0,0,차대차 - 정면충돌,안전운전불이행,건조,맑음,교차로 - 교차로안,승용,남,58세,상해없음,이륜,남,54세,중상
2020072600100070,2020년 7월 26일 06시,일요일,부산광역시 해운대구 우동,경상사고,0,0,2,0,차대차 - 추돌,안전운전불이행,건조,맑음,단일로 - 기타,승용,남,24세,상해없음,승용,남,38세,경상
2020072600100071,2020년 7월 26일 06시,일요일,부산광역시 기장군 일광면,중상사고,0,1,0,0,차대사람 - 기타,안전운전불이행,건조,맑음,교차로 - 교차로부근,승용,남,24세,상해없음,보행자,여,65세,중상
2020072600100078,2020년 7월 26일 07시,일요일,부산광역시 강서구 강동동,경상사고,0,0,1,0,차대차 - 측면충돌,안전운전불이행,건조,맑음,교차로 - 교차로안,승용,남,70세,상해없음,화물,남,65세,경상
2020072600100087,2020년 7월 26일 08시,일요일,부산광역시 해운대구 중동,경상사고,0,0,1,0,차대사람 - 횡단중,안전운전불이행,건조,맑음,교차로 - 교차로부근,승용,여,56세,상해없음,보행자,여,53세,경상
2020072600100131,2020년 7월 26일 11시,일요일,부산광역시 수영구 민락동,경상사고,0,0,1,0,차대사람 - 기타,안전운전불이행,건조,맑음,교차로 - 교차로안,승용,여,46세,상해없음,보행자,남,51세,경상
2020072600100133,2020년 7월 26일 11시,일요일,부산광역시 기장군 장안읍,경상사고,0,0,1,0,차대차 - 정면충돌,교차로운행방법위반,건조,맑음,교차로 - 교차로안,이륜,남,72세,경상,화물,남,59세,상해없음
2020072600100184,2020년 7월 26일 13시,일요일,부산광역시 북구 구포동,중상사고,0,1,0,0,차대차 - 기타,안전운전불이행,건조,맑음,교차로 - 교차로안,승용,남,52세,상해없음,승용,여,62세,중상
2020072600100212,2020년 7월 26일 14시,일요일,부산광역시 부산진구 부전동,경상사고,0,0,2,0,차대차 - 측면충돌,안전운전불이행,건조,맑음,단일로 - 기타,승합,남,48세,상해없음,이륜,남,21세,경상
2020072600100213,2020년 7월 26일 14시,일요일,부산광역시 금정구 두구동,부상신고사고,0,0,0,1,차대차 - 기타,안전운전불이행,건조,맑음,교차로 - 교차로안,이륜,남,82세,부상신고,승용,남,36세,상해없음
2020072600100214,2020년 7월 26일 14시,일요일,부산광역시 연제구 거제동,부상신고사고,0,0,0,1,차대사람 - 기타,안전운전불이행,건조,맑음,단일로 - 기타,자전거,남,11세,부상신고,보행자,남,76세,상해없음
2020072600100215,2020년 7월 26일 14시,일요일,부산광역시 기장군 정관읍,경상사고,0,0,2,0,차대차 - 추돌,안전운전불이행,건조,맑음,단일로 - 기타,승용,남,42세,상해없음,승용,여,38세,경상
2020072600100251,2020년 7월 26일 15시,일요일,부산광역시 금정구 서동,중상사고,0,1,0,0,차대사람 - 기타,안전운전불이행,건조,맑음,단일로 - 기타,승용,남,51세,상해없음,보행자,여,82세,중상
2020072600100286,2020년 7월 26일 16시,일요일,부산광역시 수영구 광안동,경상사고,0,0,2,0,차대차 - 추돌,안전운전불이행,건조,맑음,단일로 - 기타,승용,여,41세,기타불명,승용,남,29세,경상
2020072600100338,2020년 7월 26일 18시,일요일,부산광역시 남구 감만동,경상사고,0,0,1,0,차대사람 - 기타,안전운전불이행,건조,맑음,기타 - 기타,승용,여,50세,상해없음,보행자,여,69세,경상
2020072600100339,2020년 7월 26일 18시,일요일,부산광역시 동래구 온천동,중상사고,0,1,0,0,차대차 - 기타,기타,건조,맑음,단일로 - 기타,승용,여,68세,중상,화물,남,59세,기타불명
2020072600100340,2020년 7월 26일 18시,일요일,부산광역시 해운대구 우동,경상사고,0,0,2,0,차대차 - 측면충돌,안전거리미확보,건조,맑음,교차로 - 교차로안,승용,여,24세,기타불명,승용,남,30세,경상
2020072600100341,2020년 7월 26일 18시,일요일,부산광역시 부산진구 범천동,경상사고,0,0,2,0,차대차 - 기타,신호위반,건조,맑음,교차로 - 교차로안,승용,남,39세,경상,승용,남,28세,경상
2020072600100373,2020년 7월 26일 19시,일요일,부산광역시 남구 대연동,중상사고,0,1,0,0,차대차 - 기타,안전운전불이행,건조,맑음,기타 - 기타,승용,남,67세,상해없음,이륜,남,45세,중상
2020072600100374,2020년 7월 26일 19시,일요일,부산광역시 북구 구포동,중상사고,0,1,1,0,차대차 - 기타,안전운전불이행,건조,맑음,단일로 - 기타,승용,남,69세,상해없음,승용,남,29세,경상
2020072700100002,2020년 7월 27일 00시,월요일,부산광역시 서구 남부민동,경상사고,0,0,2,0,차대차 - 측면충돌,안전운전불이행,건조,맑음,단일로 - 기타,승용,남,40세,경상,승용,남,57세,경상
2020072700100009,2020년 7월 27일 01시,월요일,부산광역시 동구 좌천동,부상신고사고,0,0,0,1,차량단독 - 기타,안전운전불이행,건조,흐림,단일로 - 기타,이륜,남,62세,부상신고,,,,
2020072700100018,2020년 7월 27일 03시,월요일,부산광역시 동구 수정동,경상사고,0,0,1,0,차대차 - 측면충돌,중앙선침범,건조,맑음,단일로 - 기타,승용,남,33세,상해없음,승용,남,48세,경상
2020072700100033,2020년 7월 27일 05시,월요일,부산광역시 남구 용당동,경상사고,0,0,1,0,차대차 - 측면충돌,안전운전불이행,건조,맑음,교차로 - 교차로안,승용,여,56세,경상,건설기계,남,65세,기타불명
2020072700100056,2020년 7월 27일 07시,월요일,부산광역시 북구 덕천동,경상사고,0,0,1,0,차대차 - 측면충돌,안전거리미확보,건조,맑음,단일로 - 기타,승용,남,59세,상해없음,승용,남,46세,경상
2020072700100057,2020년 7월 27일 07시,월요일,부산광역시 강서구 지사동,경상사고,0,0,1,0,차대차 - 후진중충돌,안전운전불이행,건조,맑음,단일로 - 기타,승용,남,39세,상해없음,승용,남,31세,경상
2020072700100084,2020년 7월 27일 08시,월요일,부산광역시 영도구 봉래동3가,경상사고,0,0,1,0,차대차 - 측면충돌,안전거리미확보,건조,맑음,단일로 - 기타,승용,여,55세,상해없음,승용,남,29세,경상
2020072700100085,2020년 7월 27일 08시,월요일,부산광역시 해운대구 좌동,경상사고,0,0,1,0,차대차 - 추돌,안전운전불이행,건조,맑음,단일로 - 기타,승용,여,42세,상해없음,승용,남,44세,경상
2020072700100086,2020년 7월 27일 08시,월요일,부산광역시 부산진구 양정동,경상사고,0,0,1,0,차대사람 - 기타,안전운전불이행,젖음/습기,비,단일로 - 기타,화물,남,82세,상해없음,보행자,남,55세,경상
2020072700100087,2020년 7월 27일 08시,월요일,부산광역시 부산진구 양정동,경상사고,0,0,2,0,차대차 - 측면충돌,기타,건조,맑음,교차로 - 교차로안,승용,남,35세,경상,승용,여,52세,경상
2020072700100088,2020년 7월 27일 08시,월요일,부산광역시 사하구 하단동,경상사고,0,0,2,0,차대차 - 추돌,안전운전불이행,건조,맑음,단일로 - 기타,승용,남,29세,상해없음,승용,여,43세,경상
2020072700100123,2020년 7월 27일 09시,월요일,부산광역시 수영구 광안동,경상사고,0,0,1,0,차대차 - 측면충돌,안전운전불이행,건조,맑음,교차로 - 교차로안,승용,여,55세,상해없음,이륜,남,48세,경상
2020072700100124,2020년 7월 27일 09시,월요일,부산광역시 영도구 영선동3가,경상사고,0,0,2,0,차대차 - 측면충돌,안전운전불이행,건조,맑음,교차로 - 교차로안,승용,여,56세,상해없음,승용,남,49세,경상
2020072700100125,2020년 7월 27일 09시,월요일,부산광역시 금정구 두구동,경상사고,0,0,2,0,차대차 - 측면충돌,안전거리미확보,건조,맑음,단일로 - 기타,승용,남,57세,상해없음,화물,남,50세,경상
2020072700100126,2020년 7월 27일 09시,월요일,부산광역시 강서구 대저1동,중상사고,0,1,0,0,차대차 - 기타,안전운전불이행,젖음/습기,비,단일로 - 기타,승용,남,57세,상해없음,승용,여,61세,중상
2020072700100164,2020년 7월 27일 10시,월요일,부산광역시 부산진구 양정동,경상사고,0,0,1,0,차대사람 - 횡단중,안전운전불이행,건조,맑음,교차로 - 교차로안,승용,여,59세,상해없음,보행자,여,79세,경상
2020072700100192,2020년 7월 27일 11시,월요일,부산광역시 서구 암남동,경상사고,0,0,1,0,차대차 - 추돌,안전거리미확보,젖음/습기,비,교차로 - 교차로부근,승용,남,71세,상해없음,승합,남,37세,경상
2020072700100193,2020년 7월 27일 11시,월요일,부산광역시 사하구 신평동,중상사고,0,1,1,0,차대차 - 측면충돌,안전운전불이행,젖음/습기,흐림,단일로 - 기타,화물,남,53세,상해없음,승용,남,68세,중상
2020072700100234,2020년 7월 27일 12시,월요일,부산광역시 해운대구 좌동,경상사고,0,0,1,0,차대차 - 측면충돌,안전운전불이행,건조,흐림,교차로 - 교차로안,승용,여,42세,상해없음,개인형이동수단(PM),남,44세,경상
2020072700100235,2020년 7월 27일 12시,월요일,부산광역시 부산진구 부전동,중상사고,0,1,0,0,차대사람 - 기타,안전운전불이행,건조,맑음,단일로 - 기타,승합,남,39세,상해없음,보행자,여,70세,중상
2020072700100236,2020년 7월 27일 12시,월요일,부산광역시 금정구 남산동,경상사고,0,0,3,0,차대차 - 기타,안전운전불이행,건조,맑음,교차로 - 교차로부근,화물,남,51세,상해없음,승용,여,65세,경상
2020072700100237,2020년 7월 27일 12시,월요일,부산광역시 금정구 장전동,경상사고,0,0,1,0,차대사람 - 횡단중,안전운전불이행,건조,맑음,교차로 - 교차로안,승용,남,22세,상해없음,보행자,여,26세,경상
2020072700100266,2020년 7월 27일 13시,월요일,부산광역시 동래구 명륜동,경상사고,0,0,1,0,차대차 - 기타,안전운전불이행,건조,맑음,단일로 - 기타,승용,남,72세,상해없음,승용,남,68세,상해없음
2020072700100267,2020년 7월 27일 13시,월요일,부산광역시 영도구 동삼동,경상사고,0,0,1,0,차대차 - 기타,안전운전불이행,젖음/습기,흐림,단일로 - 기타,이륜,남,62세,경상,승합,남,24세,상해없음
2020072700100268,2020년 7월 27일 13시,월요일,부산광역시 금정구 구서동,중상사고,0,1,0,0,차대사람 - 보도통행중,안전운전불이행,건조,맑음,교차로 - 교차로안,승용,남,50세,상해없음,보행자,여,77세,중상
2020072700100345,2020년 7월 27일 15시,월요일,부산광역시 서구 서대신동2가,경상사고,0,0,2,0,차대차 - 측면충돌,안전운전불이행,젖음/습기,비,단일로 - 기타,화물,남,60세,상해없음,승용,남,51세,경상
2020072700100347,2020년 7월 27일 15시,월요일,부산광역시 금정구 장전동,중상사고,0,2,0,1,차대차 - 기타,교차로운행방법위반,건조,맑음,교차로 - 교차로횡단보도내,승용,여,24세,부상신고,승용,여,49세,중상
2020072700100348,2020년 7월 27일 15시,월요일,부산광역시 사상구 모라동,경상사고,0,0,2,0,차대차 - 측면충돌,안전운전불이행,건조,맑음,교차로 - 교차로안,화물,남,65세,경상,화물,남,48세,경상
2020072700100386,2020년 7월 27일 16시,월요일,부산광역시 해운대구 재송동,중상사고,0,1,0,0,차대차 - 측면충돌,안전운전불이행,젖음/습기,비,단일로 - 기타,승용,여,49세,상해없음,이륜,남,35세,중상
2020072700100387,2020년 7월 27일 16시,월요일,부산광역시 사상구 엄궁동,경상사고,0,0,1,0,차대사람 - 차도통행중,안전운전불이행,젖음/습기,비,단일로 - 지하차도(도로)내,승용,여,54세,상해없음,보행자,여,47세,경상
2020072700100420,2020년 7월 27일 17시,월요일,부산광역시 강서구 대저1동,경상사고,0,0,1,0,차대차 - 추돌,안전운전불이행,젖음/습기,비,단일로 - 기타,승용,남,23세,상해없음,승용,남,47세,경상
2020072700100463,2020년 7월 27일 18시,월요일,부산광역시 남구 문현동,경상사고,0,0,1,0,차대차 - 기타,신호위반,건조,맑음,교차로 - 교차로안,승용,여,48세,상해없음,승용,남,41세,경상
2020072700100493,2020년 7월 27일 19시,월요일,부산광역시 남구 우암동,중상사고,0,1,0,0,차대차 - 기타,안전운전불이행,건조,맑음,단일로 - 기타,특수,남,52세,상해없음,승용,남,47세,상해없음
2020072700100494,2020년 7월 27일 19시,월요일,부산광역시 동래구 온천동,경상사고,0,0,1,0,차대차 - 측면충돌,신호위반,젖음/습기,맑음,단일로 - 기타,승용,남,41세,상해없음,이륜,남,29세,경상
2020072700100525,2020년 7월 27일 20시,월요일,부산광역시 부산진구 양정동,중상사고,0,1,0,0,차대사람 - 횡단중,안전운전불이행,젖음/습기,비,교차로 - 교차로안,승용,여,70세,상해없음,보행자,여,60세,중상
2020072700100526,2020년 7월 27일 20시,월요일,부산광역시 금정구 남산동,경상사고,0,0,2,1,차대차 - 정면충돌,안전운전불이행,젖음/습기,비,교차로 - 교차로안,원동기,남,31세,부상신고,승용,남,68세,경상
2020072700100527,2020년 7월 27일 20시,월요일,부산광역시 사상구 감전동,경상사고,0,0,1,0,차대차 - 기타,차로위반,건조,맑음,단일로 - 교량,승용,여,49세,상해없음,승용,남,35세,경상
2020072700100528,2020년 7월 27일 20시,월요일,부산광역시 금정구 구서동,중상사고,0,1,3,0,차대차 - 측면충돌,중앙선침범,젖음/습기,비,단일로 - 기타,화물,남,48세,상해없음,승용,남,42세,경상