사고번호,사고일시,요일,시군구,사고내용,사망자수,중상자수,경상자수,부상신고자수,사고유형,법규위반,노면상태,기상상태,도로형태,가해운전자 차종,가해운전자 성별,가해운전자 연령,가해운전자 상해정도,피해운전자 차종,피해운전자 성별,피해운전자 연령,피해운전자 상해정도
2020080900100143,2020년 8월 9일 12시,일요일,부산광역시 금정구 서동,경상사고,0,0,1,0,차대차 - 기타,신호위반,건조,맑음,교차로 - 교차로부근,이륜,남,24세,상해없음,승합,남,55세,경상
2020080900100162,2020년 8월 9일 13시,일요일,부산광역시 기장군 기장읍,경상사고,0,0,3,0,차대차 - 추돌,안전운전불이행,건조,맑음,교차로 - 교차로부근,승용,남,66세,상해없음,승용,남,67세,경상
2020080900100198,2020년 8월 9일 14시,일요일,부산광역시 해운대구 좌동,경상사고,0,0,1,0,차대차 - 기타,안전운전불이행,젖음/습기,흐림,단일로 - 기타,승용,남,34세,상해없음,승용,여,42세,경상
2020080900100199,2020년 8월 9일 14시,일요일,부산광역시 부산진구 당감동,경상사고,0,0,1,0,차대차 - 추돌,안전거리미확보,젖음/습기,비,단일로 - 기타,승용,남,24세,상해없음,승용,남,49세,경상
2020080900100222,2020년 8월 9일 15시,일요일,부산광역시 부산진구 부전동,경상사고,0,0,1,0,차대차 - 기타,안전거리미확보,건조,맑음,교차로 - 교차로안,승용,남,57세,상해없음,이륜,남,27세,상해없음
2020080900100223,2020년 8월 9일 15시,일요일,부산광역시 기장군 정관읍,부상신고사고,0,0,0,4,차대차 - 기타,신호위반,젖음/습기,비,교차로 - 교차로안,이륜,남,67세,상해없음,승용,남,36세,부상신고
2020080900100247,2020년 8월 9일 16시,일요일,부산광역시 중구 중앙동6가,중상사고,0,1,1,0,차대차 - 측면충돌,차로위반,건조,맑음,단일로 - 기타,승용,남,29세,상해없음,승용,남,61세,중상
2020080900100248,2020년 8월 9일 16시,일요일,부산광역시 북구 만덕동,경상사고,0,0,1,0,차대차 - 측면충돌,안전운전불이행,건조,맑음,교차로 - 교차로안,화물,남,59세,상해없음,승용,여,42세,경상
2020080900100249,2020년 8월 9일 16시,일요일,부산광역시 동래구 명륜동,부상신고사고,0,0,0,1,차대차 - 추돌,과속,젖음/습기,비,교차로 - 교차로부근,이륜,남,39세,부상신고,승용,여,47세,상해없음
2020080900100250,2020년 8월 9일 16시,일요일,부산광역시 해운대구 중동,경상사고,0,0,3,0,차대차 - 기타,안전운전불이행,젖음/습기,비,단일로 - 기타,승용,남,79세,상해없음,승용,여,59세,경상
2020080900100251,2020년 8월 9일 16시,일요일,부산광역시 부산진구 개금동,경상사고,0,0,1,0,차대차 - 측면충돌,안전운전불이행,건조,맑음,교차로 - 교차로안,승합,남,52세,상해없음,자전거,남,11세,경상
2020080900100252,2020년 8월 9일 16시,일요일,부산광역시 기장군 기장읍,중상사고,0,1,1,0,차대차 - 기타,신호위반,젖음/습기,흐림,교차로 - 교차로안,승용,여,55세,상해없음,승용,여,48세,중상
2020080900100283,2020년 8월 9일 17시,일요일,부산광역시 동구 좌천동,경상사고,0,0,1,0,차대차 - 기타,안전거리미확보,젖음/습기,비,단일로 - 기타,승용,남,37세,상해없음,승용,남,61세,경상
2020080900100284,2020년 8월 9일 17시,일요일,부산광역시 동구 좌천동,중상사고,0,1,0,0,차대차 - 기타,안전운전불이행,건조,흐림,단일로 - 기타,화물,남,57세,상해없음,승용,남,28세,중상
2020080900100285,2020년 8월 9일 17시,일요일,부산광역시 해운대구 좌동,경상사고,0,0,3,0,차대차 - 측면충돌,안전운전불이행,건조,맑음,교차로 - 교차로부근,승용,남,68세,상해없음,승용,여,27세,경상
2020080900100286,2020년 8월 9일 17시,일요일,부산광역시 연제구 연산동,경상사고,0,0,1,0,차대차 - 측면충돌,안전운전불이행,젖음/습기,비,단일로 - 기타,이륜,남,22세,경상,승용,남,66세,상해없음
2020080900100316,2020년 8월 9일 18시,일요일,부산광역시 영도구 청학동,중상사고,0,1,1,0,차대사람 - 기타,기타,젖음/습기,흐림,교차로 - 교차로안,이륜,남,64세,기타불명,보행자,여,57세,중상
2020080900100343,2020년 8월 9일 19시,일요일,부산광역시 북구 화명동,경상사고,0,0,3,0,차대차 - 정면충돌,안전운전불이행,건조,맑음,교차로 - 교차로안,이륜,여,25세,경상,승용,남,31세,경상
2020080900100345,2020년 8월 9일 19시,일요일,부산광역시 부산진구 부전동,경상사고,0,0,1,0,차대차 - 측면충돌,신호위반,젖음/습기,비,교차로 - 교차로안,승용,남,39세,상해없음,이륜,남,20세,경상
2020080900100375,2020년 8월 9일 20시,일요일,부산광역시 사하구 괴정동,중상사고,0,1,0,0,차대차 - 추돌,안전운전불이행,젖음/습기,비,교차로 - 교차로부근,승용,남,39세,상해없음,이륜,남,18세,중상
2020080900100402,2020년 8월 9일 21시,일요일,부산광역시 해운대구 반여동,부상신고사고,0,0,0,1,차량단독 - 도로외이탈 - 기타,안전운전불이행,젖음/습기,비,교차로 - 교차로부근,승용,여,41세,부상신고,,,,
2020080900100403,2020년 8월 9일 21시,일요일,부산광역시 사상구 학장동,경상사고,0,0,1,0,차대차 - 기타,안전운전불이행,건조,맑음,기타 - 기타,승용,남,42세,상해없음,승용,남,29세,경상
2020080900100426,2020년 8월 9일 22시,일요일,부산광역시 북구 덕천동,경상사고,0,0,1,0,차대차 - 기타,안전운전불이행,젖음/습기,비,단일로 - 기타,사륜오토바이(ATV),남,53세,상해없음,승용,여,29세,경상
2020080900100427,2020년 8월 9일 22시,일요일,부산광역시 동래구 명륜동,경상사고,0,0,1,0,차대차 - 측면충돌,안전운전불이행,젖음/습기,비,단일로 - 기타,승용,남,68세,상해없음,승용,여,24세,경상
2020080900100428,2020년 8월 9일 22시,일요일,부산광역시 연제구 연산동,경상사고,0,0,1,0,차대차 - 추돌,교차로운행방법위반,젖음/습기,비,교차로 - 교차로안,이륜,남,54세,상해없음,이륜,남,24세,경상
2020081000100004,2020년 8월 10일 00시,월요일,부산광역시 강서구 명지동,중상사고,0,1,0,0,차대차 - 기타,신호위반,젖음/습기,비,교차로 - 교차로안,화물,남,59세,상해없음,화물,남,63세,중상
2020081000100041,2020년 8월 10일 07시,월요일,부산광역시 북구 덕천동,중상사고,0,1,0,0,차대사람 - 횡단중,보행자보호의무위반,건조,맑음,단일로 - 지하차도(도로)내,이륜,남,35세,상해없음,보행자,여,77세,중상
2020081000100042,2020년 8월 10일 07시,월요일,부산광역시 사하구 신평동,경상사고,0,0,1,0,차대차 - 기타,신호위반,건조,맑음,교차로 - 교차로부근,승합,남,54세,상해없음,승용,여,54세,경상
2020081000100043,2020년 8월 10일 07시,월요일,부산광역시 연제구 연산동,중상사고,0,1,0,0,차대차 - 추돌,안전거리미확보,건조,맑음,교차로 - 교차로부근,승용,남,34세,상해없음,승용,여,36세,중상
2020081000100060,2020년 8월 10일 08시,월요일,부산광역시 중구 남포동6가,중상사고,0,1,0,0,차대사람 - 기타,기타,젖음/습기,비,단일로 - 기타,승용,남,58세,상해없음,보행자,여,35세,중상
2020081000100061,2020년 8월 10일 08시,월요일,부산광역시 동래구 명륜동,부상신고사고,0,0,0,1,차대차 - 추돌,기타,건조,맑음,단일로 - 기타,승용,남,50세,상해없음,승용,남,50세,부상신고
2020081000100062,2020년 8월 10일 08시,월요일,부산광역시 해운대구 반여동,중상사고,0,1,0,0,차대사람 - 기타,안전운전불이행,건조,맑음,단일로 - 기타,화물,남,48세,상해없음,보행자,여,71세,중상
2020081000100063,2020년 8월 10일 08시,월요일,부산광역시 금정구 회동동,경상사고,0,0,1,0,차대차 - 추돌,안전운전불이행,건조,맑음,단일로 - 기타,승용,남,55세,상해없음,승용,여,31세,경상
2020081000100064,2020년 8월 10일 08시,월요일,부산광역시 기장군 장안읍,경상사고,0,0,3,1,차대차 - 측면충돌,교차로운행방법위반,건조,맑음,교차로 - 교차로안,승합,남,42세,경상,건설기계,남,57세,경상
2020081000100141,2020년 8월 10일 10시,월요일,부산광역시 영도구 영선동4가,중상사고,0,1,0,0,차량단독 - 공작물충돌,안전운전불이행,건조,맑음,단일로 - 기타,승용,남,71세,상해없음,,,,
2020081000100142,2020년 8월 10일 10시,월요일,부산광역시 강서구 화전동,중상사고,0,1,0,0,차대차 - 측면충돌,신호위반,젖음/습기,비,교차로 - 교차로안,화물,남,54세,상해없음,화물,남,50세,중상
2020081000100143,2020년 8월 10일 10시,월요일,부산광역시 사상구 모라동,부상신고사고,0,0,0,1,차대사람 - 기타,안전운전불이행,건조,맑음,단일로 - 기타,승용,남,60세,상해없음,보행자,남,49세,부상신고
2020081000100163,2020년 8월 10일 11시,월요일,부산광역시 동래구 온천동,경상사고,0,0,1,0,차대차 - 기타,안전운전불이행,젖음/습기,흐림,교차로 - 교차로부근,승용,남,75세,상해없음,자전거,남,61세,경상
2020081000100164,2020년 8월 10일 11시,월요일,부산광역시 연제구 거제동,경상사고,0,0,1,0,차대차 - 기타,교차로운행방법위반,젖음/습기,비,교차로 - 교차로안,승용,남,52세,상해없음,승용,남,65세,경상
2020081000100191,2020년 8월 10일 12시,월요일,부산광역시 동구 수정동,경상사고,0,0,1,0,차대사람 - 보도통행중,기타,건조,맑음,단일로 - 기타,원동기,남,72세,상해없음,보행자,여,19세,경상
2020081000100192,2020년 8월 10일 12시,월요일,부산광역시 남구 우암동,중상사고,0,1,0,0,차대차 - 기타,기타,건조,맑음,단일로 - 기타,화물,남,60세,상해없음,화물,남,46세,중상
2020081000100193,2020년 8월 10일 12시,월요일,부산광역시 동래구 온천동,중상사고,0,1,0,0,차대차 - 측면충돌,신호위반,젖음/습기,비,교차로 - 교차로안,승용,여,50세,상해없음,이륜,남,38세,중상
2020081000100194,2020년 8월 10일 12시,월요일,부산광역시 강서구 신호동,경상사고,0,0,1,0,차대차 - 기타,안전운전불이행,젖음/습기,흐림,교차로 - 교차로부근,이륜,남,36세,상해없음,승용,여,39세,경상
2020081000100230,2020년 8월 10일 13시,월요일,부산광역시 동구 좌천동,경상사고,0,0,2,0,차대차 - 추돌,안전거리미확보,건조,맑음,단일로 - 터널,화물,남,28세,상해없음,승용,남,50세,경상
2020081000100231,2020년 8월 10일 13시,월요일,부산광역시 사하구 괴정동,경상사고,0,0,1,0,차대차 - 기타,안전운전불이행,젖음/습기,비,교차로 - 교차로부근,이륜,남,59세,경상,승용,남,64세,상해없음
2020081000100265,2020년 8월 10일 14시,월요일,부산광역시 동구 초량동,중상사고,0,1,0,0,차대사람 - 횡단중,보행자보호의무위반,젖음/습기,비,교차로 - 교차로횡단보도내,승용,남,62세,상해없음,보행자,남,65세,중상
2020081000100332,2020년 8월 10일 16시,월요일,부산광역시 동래구 사직동,경상사고,0,0,1,0,차량단독 - 공작물충돌,안전운전불이행,건조,맑음,단일로 - 기타,승용,여,41세,경상,,,,
2020081000100364,2020년 8월 10일 17시,월요일,부산광역시 동래구 온천동,경상사고,0,0,1,0,차대사람 - 횡단중,보행자보호의무위반,젖음/습기,비,교차로 - 교차로횡단보도내,승용,남,67세,상해없음,보행자,여,67세,경상
2020081000100405,2020년 8월 10일 18시,월요일,부산광역시 남구 대연동,경상사고,0,0,6,0,차대차 - 측면충돌,안전운전불이행,젖음/습기,비,단일로 - 기타,승용,여,55세,경상,승용,남,35세,경상
2020081000100406,2020년 8월 10일 18시,월요일,부산광역시 해운대구 반여동,경상사고,0,0,1,0,차대차 - 기타,안전운전불이행,젖음/습기,비,교차로 - 교차로부근,화물,남,32세,기타불명,승용,남,64세,경상
2020081000100434,2020년 8월 10일 19시,월요일,부산광역시 동래구 명륜동,경상사고,0,0,1,0,차대차 - 추돌,안전거리미확보,건조,맑음,단일로 - 기타,승용,남,60세,상해없음,승용,남,67세,경상
2020081000100435,2020년 8월 10일 19시,월요일,부산광역시 해운대구 우동,경상사고,0,0,1,0,차대차 - 기타,안전운전불이행,젖음/습기,흐림,교차로 - 교차로안,이륜,남,56세,경상,승용,여,57세,상해없음
2020081000100436,2020년 8월 10일 19시,월요일,부산광역시 해운대구 우동,경상사고,0,0,1,0,차대차 - 측면충돌,신호위반,젖음/습기,비,교차로 - 교차로안,승용,여,22세,상해없음,승용,남,27세,경상
2020081000100471,2020년 8월 10일 20시,월요일,부산광역시 부산진구 전포동,중상사고,0,1,0,0,차대사람 - 횡단중,보행자보호의무위반,건조,맑음,교차로 - 교차로안,승용,남,75세,상해없음,보행자,여,70세,중상
2020081000100501,2020년 8월 10일 21시,월요일,부산광역시 북구 덕천동,경상사고,0,0,2,0,차대차 - 정면충돌,신호위반,젖음/습기,흐림,단일로 - 기타,승용,여,44세,경상,승용,남,36세,경상
2020081000100502,2020년 8월 10일 21시,월요일,부산광역시 해운대구 반여동,경상사고,0,0,2,0,차대차 - 추돌,안전운전불이행,젖음/습기,비,단일로 - 기타,승용,남,43세,상해없음,승용,남,43세,경상
2020081000100539,2020년 8월 10일 22시,월요일,부산광역시 중구 영주동,경상사고,0,0,1,0,차대차 - 기타,신호위반,건조,맑음,교차로 - 교차로안,승용,남,35세,상해없음,승용,남,27세,경상
2020081000100540,2020년 8월 10일 22시,월요일,부산광역시 기장군 정관읍,경상사고,0,0,1,0,차대사람 - 횡단중,신호위반,젖음/습기,비,교차로 - 교차로횡단보도내,승용,여,58세,상해없음,보행자,여,56세,경상
2020081000100574,2020년 8월 10일 23시,월요일,부산광역시 동래구 수안동,중상사고,0,1,0,0,차대차 - 측면충돌,신호위반,젖음/습기,흐림,교차로 - 교차로안,승용,남,59세,상해없음,승합,남,62세,중상
2020081100100008,2020년 8월 11일 00시,화요일,부산광역시 해운대구 좌동,경상사고,0,0,1,0,차대차 - 측면충돌,기타,건조,맑음,교차로 - 교차로안,승합,남,58세,상해없음,승용,남,50세,경상
2020081100100025,2020년 8월 11일 01시,화요일,부산광역시 부산진구 범천동,경상사고,0,0,3,0,차대차 - 추돌,안전운전불이행,건조,맑음,단일로 - 기타,승용,남,27세,상해없음,승용,남,34세,상해없음
2020081100100054,2020년 8월 11일 04시,화요일,부산광역시 동래구 온천동,경상사고,0,0,1,0,차대차 - 기타,교차로운행방법위반,건조,맑음,교차로 - 교차로안,승용,남,55세,상해없음,승용,남,60세,경상
2020081100100055,2020년 8월 11일 04시,화요일,부산광역시 연제구 연산동,부상신고사고,0,0,0,1,차대사람 - 차도통행중,안전운전불이행,건조,흐림,교차로 - 교차로부근,승용,남,57세,상해없음,보행자,남,24세,부상신고
2020081100100061,2020년 8월 11일 05시,화요일,부산광역시 사상구 주례동,중상사고,0,1,0,0,차대사람 - 차도통행중,안전운전불이행,건조,맑음,교차로 - 교차로부근,기타불명,기타불명,미분류,기타불명,보행자,여,81세,중상
2020081100100085,2020년 8월 11일 07시,화요일,부산광역시 영도구 동삼동,경상사고,0,0,1,0,차대차 - 추돌,안전운전불이행,건조,맑음,단일로 - 기타,승용,남,57세,상해없음,승용,여,31세,경상
2020081100100111,2020년 8월 11일 08시,화요일,부산광역시 서구 동대신동1가,경상사고,0,0,1,0,차대차 - 측면충돌,차로위반,건조,흐림,교차로 - 교차로부근,승용,여,65세,상해없음,승용,여,47세,경상
2020081100100152,2020년 8월 11일 09시,화요일,부산광역시 해운대구 재송동,중상사고,0,1,0,0,차대사람 - 차도통행중,중앙선침범,건조,맑음,교차로 - 교차로부근,승용,여,50세,상해없음,보행자,남,88세,중상
2020081100100221,2020년 8월 11일 11시,화요일,부산광역시 서구 부용동2가,경상사고,0,0,1,0,차대차 - 측면충돌,교차로운행방법위반,건조,맑음,교차로 - 교차로안,승용,남,92세,상해없음,승용,남,26세,경상
2020081100100222,2020년 8월 11일 11시,화요일,부산광역시 동래구 사직동,경상사고,0,0,1,0,차량단독 - 기타,안전운전불이행,건조,맑음,교차로 - 교차로안,승용,여,64세,상해없음,,,,
2020081100100223,2020년 8월 11일 11시,화요일,부산광역시 해운대구 좌동,경상사고,0,0,1,0,차대차 - 측면충돌,안전운전불이행,건조,맑음,교차로 - 교차로안,승용,여,41세,상해없음,승용,여,37세,경상
2020081100100224,2020년 8월 11일 11시,화요일,부산광역시 금정구 서동,경상사고,0,0,1,0,차대차 - 추돌,안전거리미확보,젖음/습기,비,단일로 - 기타,승용,남,64세,상해없음,화물,남,36세,경상
2020081100100225,2020년 8월 11일 11시,화요일,부산광역시 사상구 주례동,경상사고,0,0,1,0,차대차 - 측면충돌,안전운전불이행,건조,맑음,교차로 - 교차로부근,승용,남,70세,상해없음,승용,남,68세,경상
2020081100100278,2020년 8월 11일 13시,화요일,부산광역시 부산진구 당감동,경상사고,0,0,1,1,차대차 - 측면충돌,신호위반,젖음/습기,비,교차로 - 교차로부근,이륜,남,57세,부상신고,승용,남,24세,경상
2020081100100279,2020년 8월 11일 13시,화요일,부산광역시 연제구 연산동,경상사고,0,0,1,0,차대차 - 기타,교차로운행방법위반,젖음/습기,비,교차로 - 교차로안,승용,여,45세,상해없음,승용,남,28세,경상
2020081100100314,2020년 8월 11일 14시,화요일,부산광역시 남구 감만동,경상사고,0,0,2,0,차대차 - 기타,교차로운행방법위반,젖음/습기,비,교차로 - 교차로안,승용,여,31세,경상,특수,남,36세,상해없음
2020081100100315,2020년 8월 11일 14시,화요일,부산광역시 수영구 남천동,중상사고,0,1,1,0,차대차 - 측면충돌,안전운전불이행,젖음/습기,비,교차로 - 교차로안,화물,남,36세,중상,승용,여,51세,경상
2020081100100316,2020년 8월 11일 14시,화요일,부산광역시 동래구 사직동,경상사고,0,0,1,0,차대차 - 기타,기타,젖음/습기,흐림,단일로 - 기타,승용,여,54세,상해없음,이륜,남,55세,경상
2020081100100317,2020년 8월 11일 14시,화요일,부산광역시 영도구 동삼동,경상사고,0,0,1,0,차대차 - 기타,안전운전불이행,젖음/습기,비,단일로 - 기타,이륜,남,49세,상해없음,이륜,남,23세,경상
2020081100100318,2020년 8월 11일 14시,화요일,부산광역시 사하구 장림동,경상사고,0,0,1,0,차대사람 - 기타,안전운전불이행,건조,맑음,교차로 - 교차로안,승용,남,59세,상해없음,보행자,남,12세,경상
2020081100100319,2020년 8월 11일 14시,화요일,부산광역시 사하구 하단동,경상사고,0,0,1,0,차대차 - 추돌,직진우회전진행방해,건조,맑음,교차로 - 교차로안,승용,남,73세,경상,승용,여,39세,상해없음
2020081100100383,2020년 8월 11일 16시,화요일,부산광역시 북구 화명동,경상사고,0,0,1,0,차대사람 - 기타,기타,젖음/습기,비,교차로 - 교차로부근,승용,남,46세,상해없음,보행자,남,91세,경상
2020081100100384,2020년 8월 11일 16시,화요일,부산광역시 부산진구 가야동,경상사고,0,0,1,0,차대차 - 기타,안전거리미확보,젖음/습기,비,단일로 - 기타,승용,여,55세,상해없음,승용,여,61세,경상
2020081100100385,2020년 8월 11일 16시,화요일,부산광역시 연제구 연산동,중상사고,0,1,2,0,차대차 - 기타,안전운전불이행,건조,맑음,단일로 - 기타,승용,남,70세,중상,승용,여,43세,상해없음
2020081100100386,2020년 8월 11일 16시,화요일,부산광역시 기장군 장안읍,경상사고,0,0,2,0,차대차 - 추돌,안전운전불이행,젖음/습기,비,교차로 - 교차로부근,기타불명,기타불명,미분류,기타불명,승용,남,66세,경상
2020081100100420,2020년 8월 11일 17시,화요일,부산광역시 강서구 명지동,경상사고,0,0,5,0,차대차 - 기타,신호위반,건조,맑음,교차로 - 교차로안,승용,남,54세,상해없음,승용,남,56세,경상
2020081100100421,2020년 8월 11일 17시,화요일,부산광역시 강서구 구랑동,경상사고,0,0,1,0,차대차 - 측면충돌,안전거리미확보,젖음/습기,비,교차로 - 교차로부근,승용,여,57세,경상,특수,남,50세,상해없음
2020081100100422,2020년 8월 11일 17시,화요일,부산광역시 사상구 학장동,경상사고,0,0,1,0,차량단독 - 기타,기타,건조,맑음,단일로 - 지하차도(도로)내,승합,남,40세,상해없음,,,,
2020081100100449,2020년 8월 11일 18시,화요일,부산광역시 남구 대연동,경상사고,0,0,1,0,차대사람 - 횡단중,보행자보호의무위반,젖음/습기,비,기타 - 기타,승용,남,58세,상해없음,보행자,여,11세,경상
2020081100100451,2020년 8월 11일 18시,화요일,부산광역시 부산진구 부암동,경상사고,0,0,2,0,차대차 - 추돌,안전거리미확보,건조,맑음,단일로 - 기타,승용,남,29세,상해없음,승용,여,43세,경상
2020081100100452,2020년 8월 11일 18시,화요일,부산광역시 부산진구 전포동,경상사고,0,0,1,0,차대차 - 기타,안전거리미확보,침수,비,교차로 - 교차로안,승용,여,52세,상해없음,이륜,남,27세,경상
2020081100100496,2020년 8월 11일 19시,화요일,부산광역시 동래구 사직동,경상사고,0,0,1,0,차대차 - 측면충돌,안전운전불이행,젖음/습기,비,교차로 - 교차로부근,이륜,기타불명,미분류,기타불명,이륜,남,37세,경상
2020081100100497,2020년 8월 11일 19시,화요일,부산광역시 해운대구 중동,경상사고,0,0,1,0,차대사람 - 횡단중,기타,젖음/습기,비,교차로 - 교차로안,승용,여,52세,상해없음,보행자,여,52세,경상
2020081100100498,2020년 8월 11일 19시,화요일,부산광역시 사하구 하단동,중상사고,0,1,0,0,차량단독 - 기타,안전운전불이행,젖음/습기,비,단일로 - 기타,승용,남,58세,상해없음,,,,
2020081100100499,2020년 8월 11일 19시,화요일,부산광역시 사상구 감전동,경상사고,0,0,1,0,차대차 - 측면충돌,차로위반,건조,맑음,교차로 - 교차로부근,승용,남,59세,기타불명,승용,남,40세,경상
2020081100100556,2020년 8월 11일 21시,화요일,부산광역시 해운대구 좌동,중상사고,0,1,0,0,차대사람 - 횡단중,보행자보호의무위반,건조,맑음,교차로 - 교차로횡단보도내,승용,남,80세,상해없음,보행자,여,56세,중상
2020081100100557,2020년 8월 11일 21시,화요일,부산광역시 해운대구 좌동,중상사고,0,1,0,0,차대사람 - 횡단중,보행자보호의무위반,건조,맑음,교차로 - 교차로횡단보도내,승용,여,48세,상해없음,보행자,여,48세,중상
2020081100100558,2020년 8월 11일 21시,화요일,부산광역시 금정구 부곡동,경상사고,0,0,1,0,차대차 - 측면충돌,신호위반,건조,맑음,교차로 - 교차로안,승용,남,66세,상해없음,승용,남,38세,경상
2020081100100559,2020년 8월 11일 21시,화요일,부산광역시 수영구 망미동,경상사고,0,0,1,0,차대사람 - 기타,기타,건조,흐림,단일로 - 기타,승용,남,53세,상해없음,보행자,남,39세,경상
2020081100100610,2020년 8월 11일 23시,화요일,부산광역시 사상구 학장동,부상신고사고,0,0,0,1,차대차 - 기타,안전운전불이행,건조,맑음,교차로 - 교차로안,승용,남,19세,상해없음,이륜,남,18세,부상신고
2020081200100004,2020년 8월 12일 00시,수요일,부산광역시 부산진구 개금동,중상사고,0,1,0,0,차대차 - 측면충돌,신호위반,젖음/습기,흐림,단일로 - 기타,승용,남,65세,상해없음,원동기,남,30세,중상
2020081200100005,2020년 8월 12일 00시,수요일,부산광역시 사하구 괴정동,중상사고,0,1,0,0,차대차 - 측면충돌,직진우회전진행방해,젖음/습기,기타,교차로 - 교차로안,승용,남,43세,상해없음,이륜,남,35세,중상
2020081200100022,2020년 8월 12일 02시,수요일,부산광역시 사하구 구평동,경상사고,0,0,1,0,차대차 - 추돌,안전운전불이행,젖음/습기,비,단일로 - 기타,승용,남,66세,상해없음,승용,남,22세,경상
2020081200100041,2020년 8월 12일 05시,수요일,부산광역시 동구 초량동,경상사고,0,0,1,0,차대차 - 기타,안전운전불이행,건조,맑음,교차로 - 교차로안,승용,남,64세,상해없음,승용,남,66세,상해없음
2020081200100042,2020년 8월 12일 05시,수요일,부산광역시 수영구 망미동,경상사고,0,0,1,0,차대차 - 기타,안전운전불이행,건조,흐림,단일로 - 기타,승용,남,58세,경상,승용,남,71세,상해없음
2020081200100061,2020년 8월 12일 07시,수요일,부산광역시 기장군 장안읍,중상사고,0,1,0,0,차대차 - 추돌,차로위반,건조,맑음,단일로 - 기타,승용,여,54세,상해없음,건설기계,남,38세,중상
2020081200100085,2020년 8월 12일 08시,수요일,부산광역시 동래구 사직동,경상사고,0,0,1,0,차대차 - 측면충돌,안전거리미확보,건조,맑음,교차로 - 교차로안,승용,남,65세,상해없음,승용,남,77세,상해없음
2020081200100086,2020년 8월 12일 08시,수요일,부산광역시 해운대구 우동,경상사고,0,0,1,0,차대차 - 추돌,안전거리미확보,건조,맑음,단일로 - 기타,승용,여,71세,기타불명,승용,남,41세,경상
2020081200100087,2020년 8월 12일 08시,수요일,부산광역시 강서구 녹산동,경상사고,0,0,4,0,차대차 - 측면충돌,안전운전불이행,젖음/습기,비,단일로 - 기타,화물,남,58세,상해없음,화물,남,45세,경상
2020081200100134,2020년 8월 12일 09시,수요일,부산광역시 연제구 거제동,중상사고,0,1,0,0,차대차 - 측면충돌,신호위반,건조,맑음,교차로 - 교차로부근,승용,여,52세,상해없음,승용,남,61세,중상
2020081200100162,2020년 8월 12일 10시,수요일,부산광역시 해운대구 우동,경상사고,0,0,1,0,차대차 - 추돌,안전운전불이행,건조,맑음,단일로 - 기타,화물,남,59세,상해없음,승용,여,43세,경상
2020081200100198,2020년 8월 12일 11시,수요일,부산광역시 기장군 일광면,경상사고,0,0,1,0,차대차 - 측면충돌,교차로운행방법위반,젖음/습기,흐림,단일로 - 기타,승용,남,62세,상해없음,특수,남,56세,경상
2020081200100233,2020년 8월 12일 12시,수요일,부산광역시 금정구 부곡동,경상사고,0,0,1,0,차대차 - 측면충돌,안전운전불이행,건조,맑음,교차로 - 교차로부근,승용,여,24세,상해없음,이륜,남,45세,경상
2020081200100262,2020년 8월 12일 13시,수요일,부산광역시 사하구 신평동,중상사고,0,1,0,0,차대차 - 기타,안전운전불이행,젖음/습기,맑음,단일로 - 기타,승용,남,74세,상해없음,이륜,남,37세,중상
2020081200100263,2020년 8월 12일 13시,수요일,부산광역시 연제구 연산동,경상사고,0,0,1,0,차대차 - 기타,안전운전불이행,젖음/습기,비,단일로 - 기타,화물,남,55세,상해없음,이륜,남,33세,경상
2020081200100302,2020년 8월 12일 14시,수요일,부산광역시 강서구 송정동,중상사고,0,1,0,0,차대차 - 측면충돌,안전거리미확보,건조,맑음,단일로 - 기타,화물,남,61세,상해없음,승용,남,40세,중상
2020081200100331,2020년 8월 12일 15시,수요일,부산광역시 동래구 온천동,중상사고,0,1,0,0,차대차 - 측면충돌,안전운전불이행,건조,맑음,단일로 - 기타,승용,남,42세,상해없음,승용,여,71세,중상
2020081200100369,2020년 8월 12일 16시,수요일,부산광역시 해운대구 중동,경상사고,0,0,3,0,차대차 - 기타,안전거리미확보,건조,맑음,단일로 - 기타,승용,남,80세,상해없음,승용,여,47세,경상
2020081200100370,2020년 8월 12일 16시,수요일,부산광역시 해운대구 재송동,경상사고,0,0,1,0,차대차 - 측면충돌,안전거리미확보,건조,맑음,단일로 - 기타,승용,여,37세,기타불명,특수,남,71세,경상
2020081200100371,2020년 8월 12일 16시,수요일,부산광역시 금정구 부곡동,경상사고,0,0,1,0,차량단독 - 기타,안전운전불이행,건조,맑음,단일로 - 기타,승합,남,47세,상해없음,,,,
2020081200100411,2020년 8월 12일 17시,수요일,부산광역시 남구 감만동,경상사고,0,0,1,0,차대차 - 기타,교차로운행방법위반,건조,맑음,교차로 - 교차로안,특수,남,59세,상해없음,특수,남,55세,경상
2020081200100412,2020년 8월 12일 17시,수요일,부산광역시 북구 금곡동,경상사고,0,0,1,0,차대차 - 기타,안전운전불이행,건조,맑음,기타 - 기타,승용,남,63세,상해없음,원동기,남,20세,경상
2020081200100413,2020년 8월 12일 17시,수요일,부산광역시 금정구 금사동,부상신고사고,0,0,0,1,차대사람 - 횡단중,안전운전불이행,건조,맑음,기타 - 기타,승용,남,55세,상해없음,보행자,여,57세,부상신고