사고번호,사고일시,요일,시군구,사고내용,사망자수,중상자수,경상자수,부상신고자수,사고유형,법규위반,노면상태,기상상태,도로형태,가해운전자 차종,가해운전자 성별,가해운전자 연령,가해운전자 상해정도,피해운전자 차종,피해운전자 성별,피해운전자 연령,피해운전자 상해정도
2020081200100414,2020년 8월 12일 17시,수요일,부산광역시 사하구 다대동,경상사고,0,0,1,0,차량단독 - 전도전복 - 전도,안전운전불이행,젖음/습기,맑음,단일로 - 기타,이륜,남,39세,경상,,,,
2020081200100415,2020년 8월 12일 17시,수요일,부산광역시 사상구 엄궁동,중상사고,0,1,1,0,차대차 - 측면충돌,중앙선침범,건조,맑음,단일로 - 기타,이륜,남,23세,중상,승용,남,50세,경상
2020081200100457,2020년 8월 12일 18시,수요일,부산광역시 서구 서대신동2가,경상사고,0,0,1,0,차대사람 - 기타,안전운전불이행,젖음/습기,흐림,단일로 - 기타,승용,여,49세,상해없음,보행자,남,40세,경상
2020081200100458,2020년 8월 12일 18시,수요일,부산광역시 남구 대연동,중상사고,0,1,0,0,차대차 - 측면충돌,안전거리미확보,건조,맑음,단일로 - 기타,승용,여,36세,상해없음,화물,남,58세,중상
2020081200100499,2020년 8월 12일 19시,수요일,부산광역시 남구 용호동,경상사고,0,0,1,0,차대차 - 기타,안전운전불이행,건조,맑음,단일로 - 기타,승용,여,62세,상해없음,승용,여,46세,경상
2020081200100500,2020년 8월 12일 19시,수요일,부산광역시 사상구 모라동,경상사고,0,0,1,0,차대사람 - 기타,기타,건조,맑음,단일로 - 기타,승용,여,52세,상해없음,보행자,남,61세,경상
2020081200100522,2020년 8월 12일 20시,수요일,부산광역시 동래구 수안동,중상사고,0,1,0,0,차대차 - 측면충돌,교차로운행방법위반,건조,맑음,교차로 - 교차로안,승용,남,61세,상해없음,이륜,남,42세,중상
2020081200100523,2020년 8월 12일 20시,수요일,부산광역시 동래구 온천동,중상사고,0,1,0,0,차대차 - 후진중충돌,안전운전불이행,건조,맑음,교차로 - 교차로부근,승용,남,54세,상해없음,승용,남,37세,중상
2020081200100524,2020년 8월 12일 20시,수요일,부산광역시 부산진구 범천동,중상사고,0,1,0,0,차대차 - 측면충돌,안전운전불이행,건조,맑음,단일로 - 기타,승합,남,56세,상해없음,승용,남,55세,중상
2020081200100551,2020년 8월 12일 21시,수요일,부산광역시 사하구 신평동,중상사고,0,1,0,0,차대차 - 기타,안전거리미확보,건조,맑음,교차로 - 교차로부근,승용,여,39세,기타불명,승용,남,70세,중상
2020081200100552,2020년 8월 12일 21시,수요일,부산광역시 사상구 괘법동,경상사고,0,0,1,0,차대차 - 측면충돌,교차로운행방법위반,건조,맑음,교차로 - 교차로안,승용,남,56세,상해없음,이륜,남,34세,경상
2020081200100581,2020년 8월 12일 22시,수요일,부산광역시 동래구 온천동,경상사고,0,0,1,0,차대사람 - 횡단중,보행자보호의무위반,건조,맑음,단일로 - 기타,승용,남,55세,상해없음,보행자,남,63세,경상
2020081200100583,2020년 8월 12일 22시,수요일,부산광역시 사상구 주례동,중상사고,0,1,0,0,차대사람 - 횡단중,안전운전불이행,건조,맑음,단일로 - 기타,승용,남,61세,상해없음,보행자,남,58세,중상
2020081200100584,2020년 8월 12일 22시,수요일,부산광역시 기장군 기장읍,경상사고,0,0,1,0,차대사람 - 차도통행중,안전운전불이행,건조,맑음,단일로 - 기타,승용,남,20세,상해없음,보행자,남,27세,경상
2020081200100585,2020년 8월 12일 22시,수요일,부산광역시 기장군 기장읍,경상사고,0,0,1,0,차대사람 - 기타,안전운전불이행,건조,맑음,교차로 - 교차로부근,승용,남,20세,상해없음,보행자,남,27세,경상
2020081200100608,2020년 8월 12일 23시,수요일,부산광역시 부산진구 당감동,경상사고,0,0,1,0,차대사람 - 횡단중,보행자보호의무위반,건조,맑음,단일로 - 지하차도(도로)내,이륜,남,58세,상해없음,보행자,여,27세,경상
2020081200100609,2020년 8월 12일 23시,수요일,부산광역시 사상구 덕포동,중상사고,0,1,0,0,차대차 - 정면충돌,신호위반,건조,맑음,교차로 - 교차로안,승용,남,32세,상해없음,이륜,남,23세,중상
2020081300100002,2020년 8월 13일 00시,목요일,부산광역시 사상구 덕포동,경상사고,0,0,1,0,차대차 - 추돌,안전운전불이행,건조,맑음,단일로 - 기타,승용,남,32세,상해없음,승용,남,59세,경상
2020081300100028,2020년 8월 13일 03시,목요일,부산광역시 기장군 정관읍,경상사고,0,0,1,0,차대차 - 측면충돌,안전운전불이행,건조,맑음,기타 - 기타,승용,남,47세,기타불명,승용,남,47세,경상
2020081300100030,2020년 8월 13일 04시,목요일,부산광역시 중구 보수동2가,부상신고사고,0,0,0,1,차대차 - 추돌,안전운전불이행,건조,맑음,단일로 - 기타,이륜,남,29세,부상신고,승용,남,29세,상해없음
2020081300100031,2020년 8월 13일 04시,목요일,부산광역시 남구 대연동,중상사고,0,1,0,0,차대차 - 정면충돌,신호위반,건조,흐림,단일로 - 기타,승용,여,34세,상해없음,승용,여,37세,중상
2020081300100035,2020년 8월 13일 05시,목요일,부산광역시 부산진구 부전동,중상사고,0,1,0,0,차량단독 - 전도전복 - 전도,안전운전불이행,건조,맑음,단일로 - 기타,이륜,남,25세,중상,,,,
2020081300100074,2020년 8월 13일 08시,목요일,부산광역시 해운대구 좌동,경상사고,0,0,1,0,차대차 - 측면충돌,신호위반,건조,맑음,교차로 - 교차로안,승용,남,28세,상해없음,승용,여,54세,경상
2020081300100075,2020년 8월 13일 08시,목요일,부산광역시 사하구 장림동,경상사고,0,0,1,0,차대차 - 기타,교차로운행방법위반,건조,맑음,교차로 - 교차로안,화물,남,38세,상해없음,승용,남,39세,경상
2020081300100107,2020년 8월 13일 09시,목요일,부산광역시 금정구 회동동,경상사고,0,0,1,0,차대차 - 기타,교차로운행방법위반,건조,맑음,교차로 - 교차로안,승용,남,48세,상해없음,이륜,남,75세,경상
2020081300100108,2020년 8월 13일 09시,목요일,부산광역시 기장군 장안읍,중상사고,0,2,1,0,차대차 - 추돌,안전거리미확보,건조,맑음,단일로 - 기타,화물,남,68세,중상,승용,남,46세,상해없음
2020081300100132,2020년 8월 13일 10시,목요일,부산광역시 강서구 대저2동,경상사고,0,0,1,0,차대차 - 기타,안전거리미확보,건조,맑음,교차로 - 교차로안,승용,남,71세,상해없음,화물,남,25세,경상
2020081300100170,2020년 8월 13일 11시,목요일,부산광역시 동구 초량동,중상사고,0,1,0,0,차대차 - 추돌,안전운전불이행,건조,맑음,단일로 - 기타,원동기,남,58세,중상,승용,남,71세,상해없음
2020081300100171,2020년 8월 13일 11시,목요일,부산광역시 해운대구 우동,부상신고사고,0,0,0,1,차대차 - 기타,안전운전불이행,건조,맑음,교차로 - 교차로부근,승용,여,67세,상해없음,이륜,남,39세,부상신고
2020081300100172,2020년 8월 13일 11시,목요일,부산광역시 연제구 거제동,경상사고,0,0,1,0,차대차 - 측면충돌,안전운전불이행,건조,맑음,단일로 - 기타,이륜,남,24세,상해없음,승용,남,56세,상해없음
2020081300100173,2020년 8월 13일 11시,목요일,부산광역시 사상구 주례동,중상사고,0,1,0,0,차대사람 - 보도통행중,기타,건조,맑음,단일로 - 기타,승용,남,26세,상해없음,보행자,여,72세,중상
2020081300100216,2020년 8월 13일 12시,목요일,부산광역시 부산진구 전포동,경상사고,0,0,1,0,차대차 - 추돌,안전운전불이행,건조,기타,단일로 - 기타,화물,남,63세,상해없음,승용,여,30세,경상
2020081300100217,2020년 8월 13일 12시,목요일,부산광역시 금정구 서동,부상신고사고,0,0,0,1,차대차 - 기타,안전운전불이행,건조,맑음,단일로 - 기타,이륜,남,16세,부상신고,승용,남,61세,상해없음
2020081300100243,2020년 8월 13일 13시,목요일,부산광역시 사하구 괴정동,경상사고,0,0,1,0,차대차 - 측면충돌,안전운전불이행,건조,맑음,단일로 - 기타,승용,여,53세,상해없음,승용,남,33세,경상
2020081300100244,2020년 8월 13일 13시,목요일,부산광역시 사상구 덕포동,경상사고,0,0,1,0,차대차 - 기타,차로위반,건조,맑음,단일로 - 기타,승용,남,69세,상해없음,승용,여,48세,상해없음
2020081300100279,2020년 8월 13일 14시,목요일,부산광역시 강서구 명지동,경상사고,0,0,3,0,차대차 - 추돌,안전운전불이행,건조,맑음,단일로 - 기타,화물,남,59세,상해없음,승용,여,51세,경상
2020081300100313,2020년 8월 13일 15시,목요일,부산광역시 동래구 사직동,경상사고,0,0,1,0,차대차 - 측면충돌,안전운전불이행,건조,맑음,교차로 - 교차로안,화물,남,51세,상해없음,이륜,남,57세,경상
2020081300100314,2020년 8월 13일 15시,목요일,부산광역시 해운대구 재송동,경상사고,0,0,1,0,차대차 - 기타,안전운전불이행,건조,맑음,단일로 - 교량,승용,남,74세,상해없음,승용,여,48세,상해없음
2020081300100363,2020년 8월 13일 16시,목요일,부산광역시 서구 서대신동3가,중상사고,0,1,0,0,차대사람 - 차도통행중,안전운전불이행,건조,맑음,단일로 - 기타,승용,남,49세,상해없음,보행자,남,22세,중상
2020081300100364,2020년 8월 13일 16시,목요일,부산광역시 수영구 남천동,경상사고,0,0,1,0,차대차 - 측면충돌,안전운전불이행,건조,맑음,단일로 - 기타,원동기,남,23세,경상,승용,남,54세,상해없음
2020081300100365,2020년 8월 13일 16시,목요일,부산광역시 북구 덕천동,중상사고,0,1,2,0,차대차 - 추돌,안전운전불이행,건조,맑음,교차로 - 교차로부근,화물,남,60세,상해없음,승용,남,26세,경상
2020081300100366,2020년 8월 13일 16시,목요일,부산광역시 사상구 감전동,중상사고,0,1,0,0,차량단독 - 기타,안전운전불이행,건조,맑음,단일로 - 기타,승합,남,52세,상해없음,,,,
2020081300100402,2020년 8월 13일 17시,목요일,부산광역시 수영구 남천동,경상사고,0,0,1,2,차대차 - 추돌,안전운전불이행,건조,맑음,단일로 - 기타,화물,남,61세,상해없음,승용,남,76세,부상신고
2020081300100403,2020년 8월 13일 17시,목요일,부산광역시 해운대구 우동,경상사고,0,0,1,0,차대차 - 측면충돌,교차로운행방법위반,건조,맑음,교차로 - 교차로안,승용,여,69세,상해없음,화물,남,30세,경상
2020081300100404,2020년 8월 13일 17시,목요일,부산광역시 부산진구 전포동,경상사고,0,0,1,1,차대차 - 측면충돌,교차로운행방법위반,건조,맑음,교차로 - 교차로안,승용,여,55세,부상신고,승용,남,48세,경상
2020081300100405,2020년 8월 13일 17시,목요일,부산광역시 사하구 다대동,중상사고,0,1,0,0,차대차 - 기타,안전운전불이행,건조,맑음,교차로 - 교차로안,승용,남,65세,상해없음,이륜,남,73세,중상
2020081300100438,2020년 8월 13일 18시,목요일,부산광역시 동래구 명장동,경상사고,0,0,2,0,차대차 - 기타,안전운전불이행,건조,맑음,교차로 - 교차로안,이륜,남,19세,경상,승용,남,46세,경상
2020081300100583,2020년 8월 13일 22시,목요일,부산광역시 서구 동대신동3가,사망사고,1,0,0,0,차대사람 - 횡단중,안전운전불이행,건조,맑음,교차로 - 교차로안,승합,남,50세,상해없음,보행자,여,57세,사망
2020081300100584,2020년 8월 13일 22시,목요일,부산광역시 부산진구 양정동,중상사고,0,1,0,0,차대사람 - 횡단중,신호위반,건조,맑음,단일로 - 기타,원동기,남,18세,상해없음,보행자,남,23세,중상
2020081300100585,2020년 8월 13일 22시,목요일,부산광역시 수영구 망미동,경상사고,0,0,1,0,차대차 - 측면충돌,신호위반,건조,맑음,교차로 - 교차로안,승용,남,27세,상해없음,승용,여,45세,경상
2020081300100619,2020년 8월 13일 23시,목요일,부산광역시 영도구 대교동2가,경상사고,0,0,1,0,차대차 - 정면충돌,안전거리미확보,건조,맑음,단일로 - 기타,승용,남,63세,상해없음,원동기,남,39세,경상
2020081400100007,2020년 8월 14일 00시,금요일,부산광역시 해운대구 반여동,부상신고사고,0,0,0,1,차량단독 - 공작물충돌,안전운전불이행,건조,맑음,단일로 - 기타,승용,남,47세,부상신고,,,,
2020081400100008,2020년 8월 14일 00시,금요일,부산광역시 부산진구 부전동,중상사고,0,3,0,0,차대차 - 측면충돌,신호위반,건조,맑음,교차로 - 교차로안,승용,여,31세,상해없음,승용,남,26세,중상
2020081400100009,2020년 8월 14일 00시,금요일,부산광역시 강서구 송정동,경상사고,0,0,1,0,차대차 - 추돌,안전운전불이행,건조,맑음,교차로 - 교차로부근,승용,여,39세,기타불명,승용,남,38세,경상
2020081400100080,2020년 8월 14일 07시,금요일,부산광역시 사하구 신평동,중상사고,0,1,0,0,차대차 - 추돌,차로위반,건조,맑음,교차로 - 교차로부근,화물,남,49세,상해없음,특수,남,60세,상해없음
2020081400100103,2020년 8월 14일 08시,금요일,부산광역시 해운대구 우동,부상신고사고,0,0,0,1,차대차 - 추돌,안전운전불이행,건조,맑음,교차로 - 교차로부근,이륜,남,32세,상해없음,자전거,남,49세,부상신고
2020081400100104,2020년 8월 14일 08시,금요일,부산광역시 부산진구 양정동,중상사고,0,1,0,0,차대사람 - 기타,안전운전불이행,건조,맑음,단일로 - 기타,화물,남,45세,상해없음,보행자,여,89세,중상
2020081400100105,2020년 8월 14일 08시,금요일,부산광역시 사상구 엄궁동,경상사고,0,0,1,0,차대차 - 기타,안전운전불이행,건조,맑음,교차로 - 교차로부근,승용,남,70세,상해없음,이륜,남,30세,경상
2020081400100134,2020년 8월 14일 09시,금요일,부산광역시 사하구 괴정동,경상사고,0,0,1,0,차대사람 - 기타,안전운전불이행,건조,맑음,교차로 - 교차로부근,승용,남,35세,상해없음,보행자,남,50세,경상
2020081400100167,2020년 8월 14일 10시,금요일,부산광역시 영도구 봉래동4가,부상신고사고,0,0,0,1,차대차 - 측면충돌,안전운전불이행,건조,맑음,단일로 - 기타,화물,남,53세,상해없음,이륜,남,26세,부상신고
2020081400100168,2020년 8월 14일 10시,금요일,부산광역시 부산진구 부전동,경상사고,0,0,1,0,차대차 - 기타,교차로운행방법위반,건조,맑음,기타 - 기타,승용,여,74세,상해없음,승용,여,54세,경상
2020081400100203,2020년 8월 14일 11시,금요일,부산광역시 부산진구 양정동,경상사고,0,0,1,0,차대사람 - 기타,안전운전불이행,건조,맑음,단일로 - 기타,승용,남,58세,상해없음,보행자,남,60세,경상
2020081400100204,2020년 8월 14일 11시,금요일,부산광역시 금정구 부곡동,중상사고,0,1,1,0,차대차 - 측면충돌,안전운전불이행,건조,맑음,교차로 - 교차로안,승용,남,34세,경상,이륜,남,28세,중상
2020081400100205,2020년 8월 14일 11시,금요일,부산광역시 사하구 장림동,중상사고,0,1,0,0,차대차 - 측면충돌,신호위반,건조,맑음,단일로 - 기타,이륜,남,17세,중상,승용,남,63세,상해없음
2020081400100206,2020년 8월 14일 11시,금요일,부산광역시 사하구 신평동,부상신고사고,0,0,0,1,차대차 - 측면충돌,안전운전불이행,건조,맑음,단일로 - 기타,승용,남,57세,상해없음,이륜,남,27세,부상신고
2020081400100207,2020년 8월 14일 11시,금요일,부산광역시 사상구 주례동,중상사고,0,1,0,0,차대차 - 기타,차로위반,건조,맑음,단일로 - 기타,승용,남,65세,상해없음,승합,남,63세,상해없음
2020081400100251,2020년 8월 14일 12시,금요일,부산광역시 동래구 명장동,경상사고,0,0,1,0,차대차 - 후진중충돌,안전운전불이행,건조,맑음,단일로 - 기타,승용,여,46세,기타불명,승용,여,44세,경상
2020081400100252,2020년 8월 14일 12시,금요일,부산광역시 해운대구 우동,경상사고,0,0,1,0,차대차 - 측면충돌,직진우회전진행방해,건조,맑음,교차로 - 교차로안,승합,여,55세,상해없음,이륜,남,28세,경상
2020081400100253,2020년 8월 14일 12시,금요일,부산광역시 해운대구 우동,경상사고,0,0,1,3,차대차 - 측면충돌,안전운전불이행,건조,맑음,교차로 - 교차로안,승용,여,46세,부상신고,승용,남,66세,경상
2020081400100254,2020년 8월 14일 12시,금요일,부산광역시 사하구 장림동,중상사고,0,1,1,0,차대차 - 추돌,신호위반,건조,맑음,교차로 - 교차로안,원동기,남,48세,중상,승용,남,36세,경상
2020081400100255,2020년 8월 14일 12시,금요일,부산광역시 연제구 연산동,경상사고,0,0,3,0,차대차 - 추돌,안전운전불이행,건조,맑음,교차로 - 교차로부근,화물,남,59세,상해없음,승용,남,48세,경상
2020081400100289,2020년 8월 14일 13시,금요일,부산광역시 연제구 거제동,중상사고,0,1,0,0,차대차 - 추돌,안전거리미확보,건조,맑음,단일로 - 기타,승용,남,78세,상해없음,승용,남,23세,중상
2020081400100333,2020년 8월 14일 14시,금요일,부산광역시 부산진구 부전동,경상사고,0,0,1,0,차대차 - 기타,안전운전불이행,건조,맑음,단일로 - 기타,이륜,남,38세,경상,화물,남,52세,상해없음
2020081400100334,2020년 8월 14일 14시,금요일,부산광역시 부산진구 부전동,부상신고사고,0,0,0,1,차대차 - 기타,안전거리미확보,건조,맑음,교차로 - 교차로부근,이륜,남,22세,부상신고,승용,남,36세,상해없음
2020081400100335,2020년 8월 14일 14시,금요일,부산광역시 연제구 거제동,중상사고,0,1,0,0,차대차 - 추돌,안전운전불이행,건조,맑음,단일로 - 기타,이륜,남,40세,중상,승용,남,62세,상해없음
2020081400100336,2020년 8월 14일 14시,금요일,부산광역시 수영구 망미동,경상사고,0,0,2,0,차대차 - 추돌,안전거리미확보,건조,맑음,단일로 - 기타,승용,여,72세,상해없음,승용,여,28세,경상
2020081400100338,2020년 8월 14일 14시,금요일,부산광역시 사상구 덕포동,중상사고,0,1,0,0,차대사람 - 기타,안전운전불이행,건조,맑음,단일로 - 기타,화물,남,35세,상해없음,보행자,남,61세,중상
2020081400100370,2020년 8월 14일 15시,금요일,부산광역시 남구 대연동,중상사고,0,1,0,0,차대사람 - 횡단중,보행자보호의무위반,건조,맑음,교차로 - 교차로횡단보도내,승용,남,64세,상해없음,보행자,여,78세,중상
2020081400100371,2020년 8월 14일 15시,금요일,부산광역시 동래구 명륜동,경상사고,0,0,1,0,차대차 - 기타,차로위반,건조,맑음,단일로 - 기타,승용,여,34세,상해없음,승용,남,62세,경상
2020081400100372,2020년 8월 14일 15시,금요일,부산광역시 해운대구 우동,중상사고,0,1,0,0,차대차 - 측면충돌,안전거리미확보,건조,맑음,교차로 - 교차로안,승합,남,48세,상해없음,자전거,남,45세,중상
2020081400100373,2020년 8월 14일 15시,금요일,부산광역시 부산진구 범천동,경상사고,0,0,1,0,차대차 - 측면충돌,안전거리미확보,건조,맑음,단일로 - 기타,승용,남,72세,상해없음,승용,남,27세,경상
2020081400100374,2020년 8월 14일 15시,금요일,부산광역시 연제구 거제동,경상사고,0,0,2,0,차대차 - 측면충돌,안전거리미확보,건조,맑음,교차로 - 교차로안,승용,남,43세,상해없음,승용,남,51세,경상
2020081400100405,2020년 8월 14일 16시,금요일,부산광역시 동래구 명륜동,경상사고,0,0,1,0,차대차 - 추돌,안전운전불이행,건조,맑음,단일로 - 기타,승용,남,34세,상해없음,승용,여,47세,경상
2020081400100406,2020년 8월 14일 16시,금요일,부산광역시 금정구 부곡동,경상사고,0,0,1,0,차대차 - 기타,안전운전불이행,건조,맑음,교차로 - 교차로안,자전거,남,10세,경상,승용,남,49세,상해없음
2020081400100453,2020년 8월 14일 17시,금요일,부산광역시 서구 동대신동1가,경상사고,0,0,1,1,차대차 - 측면충돌,안전거리미확보,건조,맑음,단일로 - 기타,원동기,남,19세,부상신고,승용,남,19세,상해없음
2020081400100454,2020년 8월 14일 17시,금요일,부산광역시 사하구 신평동,경상사고,0,0,1,0,차대차 - 후진중충돌,안전운전불이행,건조,맑음,단일로 - 기타,승용,남,75세,상해없음,승용,여,42세,경상
2020081400100455,2020년 8월 14일 17시,금요일,부산광역시 사상구 감전동,중상사고,0,1,0,0,차대차 - 기타,신호위반,건조,맑음,교차로 - 교차로부근,승용,남,70세,상해없음,자전거,남,57세,중상
2020081400100456,2020년 8월 14일 17시,금요일,부산광역시 사상구 감전동,중상사고,0,1,1,0,차대차 - 기타,안전운전불이행,건조,맑음,교차로 - 교차로부근,승용,남,30세,상해없음,이륜,남,18세,중상
2020081400100506,2020년 8월 14일 18시,금요일,부산광역시 영도구 청학동,경상사고,0,0,1,0,차대차 - 기타,안전운전불이행,건조,맑음,단일로 - 기타,승용,남,68세,상해없음,이륜,남,26세,경상
2020081400100507,2020년 8월 14일 18시,금요일,부산광역시 금정구 오륜동,경상사고,0,0,1,0,차대차 - 추돌,안전운전불이행,건조,맑음,단일로 - 터널,승용,남,17세,상해없음,승용,남,38세,경상
2020081400100508,2020년 8월 14일 18시,금요일,부산광역시 사하구 하단동,중상사고,0,1,0,0,차대차 - 기타,중앙선침범,건조,맑음,단일로 - 기타,승용,남,58세,상해없음,이륜,남,27세,중상
2020081400100509,2020년 8월 14일 18시,금요일,부산광역시 연제구 연산동,부상신고사고,0,0,0,3,차대차 - 추돌,안전운전불이행,건조,맑음,단일로 - 기타,승용,남,62세,상해없음,승용,남,41세,부상신고
2020081400100510,2020년 8월 14일 18시,금요일,부산광역시 사상구 학장동,경상사고,0,0,1,0,차대사람 - 기타,안전운전불이행,건조,맑음,단일로 - 기타,이륜,남,62세,상해없음,보행자,여,11세,경상
2020081400100551,2020년 8월 14일 19시,금요일,부산광역시 동구 초량동,경상사고,0,0,1,0,차대사람 - 기타,안전운전불이행,건조,맑음,단일로 - 기타,승합,남,44세,상해없음,보행자,여,30세,경상
2020081400100552,2020년 8월 14일 19시,금요일,부산광역시 서구 충무동1가,경상사고,0,0,4,0,차대차 - 측면충돌,안전운전불이행,건조,맑음,단일로 - 기타,승용,남,33세,상해없음,승용,남,49세,경상
2020081400100553,2020년 8월 14일 19시,금요일,부산광역시 금정구 회동동,경상사고,0,0,1,0,차대차 - 기타,안전거리미확보,건조,맑음,단일로 - 기타,특수,남,58세,상해없음,승용,남,40세,경상
2020081400100554,2020년 8월 14일 19시,금요일,부산광역시 금정구 구서동,경상사고,0,0,1,0,차대차 - 기타,교차로운행방법위반,건조,맑음,교차로 - 교차로안,화물,남,57세,상해없음,승용,남,34세,경상
2020081400100555,2020년 8월 14일 19시,금요일,부산광역시 강서구 명지동,경상사고,0,0,1,0,차대차 - 측면충돌,신호위반,건조,맑음,교차로 - 교차로부근,이륜,남,31세,상해없음,승용,남,53세,경상
2020081400100556,2020년 8월 14일 19시,금요일,부산광역시 사상구 괘법동,경상사고,0,0,2,0,차대차 - 측면충돌,교차로운행방법위반,건조,맑음,교차로 - 교차로안,승용,여,59세,상해없음,승용,남,36세,경상
2020081400100594,2020년 8월 14일 20시,금요일,부산광역시 기장군 기장읍,경상사고,0,0,1,0,차대차 - 측면충돌,안전거리미확보,건조,맑음,교차로 - 교차로안,승용,남,21세,상해없음,승용,여,27세,경상
2020081400100662,2020년 8월 14일 22시,금요일,부산광역시 부산진구 당감동,경상사고,0,0,1,0,차대차 - 측면충돌,안전운전불이행,건조,맑음,교차로 - 교차로부근,승용,남,70세,상해없음,이륜,남,32세,경상
2020081400100684,2020년 8월 14일 23시,금요일,부산광역시 동래구 명륜동,경상사고,0,0,1,0,차대사람 - 기타,안전운전불이행,건조,맑음,단일로 - 기타,승용,남,27세,상해없음,보행자,여,24세,경상
2020081500100009,2020년 8월 15일 00시,토요일,부산광역시 동래구 온천동,경상사고,0,0,2,0,차대차 - 기타,안전운전불이행,건조,맑음,단일로 - 기타,승용,남,22세,상해없음,승용,남,50세,경상
2020081500100032,2020년 8월 15일 01시,토요일,부산광역시 수영구 광안동,경상사고,0,0,3,0,차대차 - 추돌,안전거리미확보,건조,맑음,기타 - 기타,승용,여,25세,상해없음,승용,남,67세,경상
2020081500100062,2020년 8월 15일 03시,토요일,부산광역시 동래구 명륜동,경상사고,0,0,2,0,차대차 - 추돌,안전운전불이행,건조,맑음,교차로 - 교차로부근,승용,남,30세,상해없음,이륜,남,29세,경상
2020081500100063,2020년 8월 15일 03시,토요일,부산광역시 사상구 감전동,중상사고,0,1,0,0,차대사람 - 차도통행중,안전운전불이행,건조,맑음,단일로 - 기타,승용,남,28세,상해없음,보행자,여,59세,중상
2020081500100097,2020년 8월 15일 06시,토요일,부산광역시 서구 아미동2가,경상사고,0,0,1,1,차대차 - 측면충돌,직진우회전진행방해,건조,맑음,교차로 - 교차로안,승용,남,73세,부상신고,승용,여,62세,경상
2020081500100132,2020년 8월 15일 09시,토요일,부산광역시 중구 보수동2가,중상사고,0,1,0,0,차대차 - 측면충돌,교차로운행방법위반,건조,맑음,교차로 - 교차로부근,화물,남,56세,상해없음,이륜,남,60세,중상
2020081500100154,2020년 8월 15일 10시,토요일,부산광역시 수영구 광안동,경상사고,0,0,2,0,차대차 - 추돌,안전거리미확보,건조,맑음,단일로 - 기타,승용,남,21세,기타불명,승용,여,56세,경상
2020081500100155,2020년 8월 15일 10시,토요일,부산광역시 부산진구 부전동,중상사고,0,1,0,0,차대사람 - 기타,기타,건조,맑음,단일로 - 기타,승합,남,62세,상해없음,보행자,여,84세,중상
2020081500100156,2020년 8월 15일 10시,토요일,부산광역시 사상구 엄궁동,경상사고,0,0,1,0,차대차 - 추돌,안전운전불이행,건조,맑음,단일로 - 지하차도(도로)내,승용,남,40세,상해없음,승용,여,64세,경상
2020081500100180,2020년 8월 15일 11시,토요일,부산광역시 수영구 남천동,경상사고,0,0,1,0,차대차 - 기타,안전운전불이행,건조,맑음,교차로 - 교차로부근,승용,남,68세,상해없음,승용,남,35세,경상
2020081500100181,2020년 8월 15일 11시,토요일,부산광역시 사상구 학장동,경상사고,0,0,1,0,차대차 - 측면충돌,안전거리미확보,건조,맑음,단일로 - 지하차도(도로)내,승용,남,68세,상해없음,승용,남,41세,경상
2020081500100219,2020년 8월 15일 12시,토요일,부산광역시 부산진구 범전동,경상사고,0,0,1,0,차대사람 - 횡단중,안전운전불이행,건조,맑음,단일로 - 기타,승용,남,65세,상해없음,보행자,남,58세,경상
2020081500100220,2020년 8월 15일 12시,토요일,부산광역시 사하구 장림동,중상사고,0,1,0,0,차대차 - 기타,안전운전불이행,건조,맑음,단일로 - 지하차도(도로)내,이륜,남,74세,중상,승용,남,45세,상해없음
2020081500100252,2020년 8월 15일 13시,토요일,부산광역시 남구 용호동,경상사고,0,0,1,0,차대차 - 측면충돌,안전운전불이행,건조,맑음,단일로 - 기타,승용,여,60세,상해없음,승용,여,42세,경상
2020081500100285,2020년 8월 15일 14시,토요일,부산광역시 강서구 신호동,중상사고,0,1,0,0,차대차 - 추돌,안전거리미확보,건조,맑음,교차로 - 교차로부근,화물,남,49세,상해없음,이륜,남,52세,중상
2020081500100341,2020년 8월 15일 16시,토요일,부산광역시 중구 남포동5가,경상사고,0,0,1,0,차대사람 - 기타,안전운전불이행,건조,맑음,단일로 - 기타,승용,남,57세,상해없음,보행자,남,27세,경상
2020081500100342,2020년 8월 15일 16시,토요일,부산광역시 금정구 구서동,경상사고,0,0,1,0,차대차 - 기타,안전운전불이행,건조,맑음,기타 - 기타,승용,여,54세,상해없음,승용,남,41세,경상
2020081500100343,2020년 8월 15일 16시,토요일,부산광역시 연제구 거제동,부상신고사고,0,0,0,2,차대차 - 추돌,안전운전불이행,건조,맑음,교차로 - 교차로부근,승용,여,49세,상해없음,승용,남,47세,부상신고
2020081500100344,2020년 8월 15일 16시,토요일,부산광역시 기장군 일광면,경상사고,0,0,1,0,차대차 - 기타,안전운전불이행,건조,맑음,단일로 - 기타,승용,여,31세,상해없음,승용,남,35세,경상
2020081500100369,2020년 8월 15일 17시,토요일,부산광역시 부산진구 초읍동,중상사고,0,1,0,0,차대차 - 측면충돌,안전운전불이행,건조,맑음,교차로 - 교차로부근,승용,남,49세,상해없음,승용,남,67세,중상
2020081500100414,2020년 8월 15일 18시,토요일,부산광역시 연제구 연산동,중상사고,0,1,0,0,차대차 - 기타,신호위반,건조,맑음,교차로 - 교차로안,승용,여,54세,상해없음,승용,남,41세,중상