사고번호,사고일시,요일,시군구,사고내용,사망자수,중상자수,경상자수,부상신고자수,사고유형,법규위반,노면상태,기상상태,도로형태,가해운전자 차종,가해운전자 성별,가해운전자 연령,가해운전자 상해정도,피해운전자 차종,피해운전자 성별,피해운전자 연령,피해운전자 상해정도
2020081900100479,2020년 8월 19일 18시,수요일,부산광역시 사상구 엄궁동,중상사고,0,1,0,0,차대차 - 기타,차로위반,건조,맑음,단일로 - 기타,이륜,남,28세,상해없음,승용,남,37세,중상
2020081900100528,2020년 8월 19일 19시,수요일,부산광역시 영도구 대평동1가,중상사고,0,1,0,0,차대사람 - 기타,안전운전불이행,건조,맑음,단일로 - 기타,화물,남,62세,상해없음,보행자,여,61세,중상
2020081900100529,2020년 8월 19일 19시,수요일,부산광역시 기장군 기장읍,경상사고,0,0,5,0,차대차 - 기타,안전거리미확보,건조,맑음,단일로 - 기타,승용,남,23세,상해없음,승용,여,46세,경상
2020081900100630,2020년 8월 19일 22시,수요일,부산광역시 남구 문현동,경상사고,0,0,1,0,차대사람 - 길가장자리구역통행중,안전운전불이행,건조,맑음,교차로 - 교차로안,이륜,남,24세,상해없음,보행자,여,32세,경상
2020081900100631,2020년 8월 19일 22시,수요일,부산광역시 해운대구 우동,경상사고,0,0,1,0,차대사람 - 횡단중,신호위반,건조,맑음,교차로 - 교차로횡단보도내,승용,여,39세,상해없음,보행자,여,13세,경상
2020081900100632,2020년 8월 19일 22시,수요일,부산광역시 연제구 연산동,중상사고,0,1,0,0,차대차 - 기타,기타,건조,맑음,단일로 - 기타,승용,남,68세,상해없음,자전거,남,52세,중상
2020081900100633,2020년 8월 19일 22시,수요일,부산광역시 사상구 감전동,경상사고,0,0,1,0,차대차 - 측면충돌,안전거리미확보,건조,맑음,단일로 - 교량,기타불명,기타불명,미분류,기타불명,승용,남,24세,경상
2020081900100652,2020년 8월 19일 23시,수요일,부산광역시 남구 대연동,중상사고,0,1,3,0,차대차 - 추돌,안전거리미확보,건조,맑음,단일로 - 기타,승용,남,35세,상해없음,승용,남,48세,경상
2020082000100010,2020년 8월 20일 01시,목요일,부산광역시 금정구 장전동,중상사고,0,1,0,0,차대차 - 추돌,안전운전불이행,건조,맑음,단일로 - 기타,이륜,남,17세,상해없음,이륜,남,17세,중상
2020082000100040,2020년 8월 20일 06시,목요일,부산광역시 기장군 기장읍,경상사고,0,0,1,0,차대사람 - 횡단중,보행자보호의무위반,건조,맑음,교차로 - 교차로횡단보도내,승용,남,61세,상해없음,보행자,여,76세,경상
2020082000100064,2020년 8월 20일 07시,목요일,부산광역시 금정구 청룡동,경상사고,0,0,1,0,차대차 - 정면충돌,중앙선침범,건조,맑음,교차로 - 교차로안,승용,남,26세,상해없음,승용,여,27세,경상
2020082000100065,2020년 8월 20일 07시,목요일,부산광역시 사하구 신평동,경상사고,0,0,1,0,차대차 - 기타,안전운전불이행,건조,맑음,교차로 - 교차로안,승용,남,33세,상해없음,이륜,남,20세,경상
2020082000100093,2020년 8월 20일 08시,목요일,부산광역시 부산진구 개금동,중상사고,0,1,0,0,차대사람 - 기타,안전운전불이행,건조,맑음,단일로 - 기타,화물,남,39세,상해없음,보행자,남,48세,중상
2020082000100126,2020년 8월 20일 09시,목요일,부산광역시 영도구 대교동1가,중상사고,0,1,0,0,차량단독 - 기타,안전운전불이행,건조,맑음,단일로 - 기타,승합,남,54세,상해없음,,,,
2020082000100158,2020년 8월 20일 10시,목요일,부산광역시 서구 남부민동,중상사고,0,1,0,0,차대차 - 정면충돌,직진우회전진행방해,건조,맑음,교차로 - 교차로안,화물,남,26세,상해없음,원동기,남,43세,중상
2020082000100159,2020년 8월 20일 10시,목요일,부산광역시 수영구 민락동,경상사고,0,0,1,0,차대차 - 측면충돌,안전운전불이행,건조,맑음,교차로 - 교차로안,승용,남,53세,상해없음,승용,남,28세,경상
2020082000100160,2020년 8월 20일 10시,목요일,부산광역시 영도구 봉래동1가,경상사고,0,0,1,0,차대차 - 측면충돌,안전운전불이행,건조,맑음,단일로 - 기타,승용,남,68세,상해없음,승용,여,50세,경상
2020082000100161,2020년 8월 20일 10시,목요일,부산광역시 사상구 감전동,사망사고,1,0,0,0,차량단독 - 기타,안전운전불이행,건조,맑음,단일로 - 지하차도(도로)내,화물,남,33세,상해없음,,,,
2020082000100189,2020년 8월 20일 11시,목요일,부산광역시 북구 금곡동,중상사고,0,1,1,0,차대차 - 추돌,안전거리미확보,건조,맑음,단일로 - 기타,승용,남,63세,상해없음,승용,여,38세,중상
2020082000100190,2020년 8월 20일 11시,목요일,부산광역시 부산진구 범전동,경상사고,0,0,1,0,차대차 - 추돌,안전거리미확보,건조,맑음,단일로 - 기타,승용,남,44세,상해없음,승용,남,74세,경상
2020082000100192,2020년 8월 20일 11시,목요일,부산광역시 사하구 구평동,경상사고,0,0,2,0,차대차 - 추돌,안전운전불이행,건조,맑음,단일로 - 기타,화물,남,61세,상해없음,승용,남,52세,경상
2020082000100193,2020년 8월 20일 11시,목요일,부산광역시 연제구 연산동,중상사고,0,1,0,0,차대사람 - 기타,안전운전불이행,건조,맑음,교차로 - 교차로부근,화물,남,47세,상해없음,보행자,여,55세,중상
2020082000100194,2020년 8월 20일 11시,목요일,부산광역시 연제구 연산동,경상사고,0,0,1,0,차대차 - 기타,안전거리미확보,건조,맑음,교차로 - 교차로부근,승용,남,64세,기타불명,승합,남,51세,경상
2020082000100226,2020년 8월 20일 12시,목요일,부산광역시 해운대구 반송동,경상사고,0,0,1,0,차량단독 - 주/정차차량 충돌,안전운전불이행,건조,맑음,단일로 - 기타,승용,여,58세,경상,,,,
2020082000100227,2020년 8월 20일 12시,목요일,부산광역시 연제구 연산동,경상사고,0,0,1,0,차대차 - 기타,교차로운행방법위반,건조,맑음,교차로 - 교차로안,이륜,남,32세,경상,승용,남,45세,상해없음
2020082000100273,2020년 8월 20일 13시,목요일,부산광역시 동구 범일동,부상신고사고,0,0,0,1,차대사람 - 기타,안전운전불이행,건조,맑음,단일로 - 기타,승용,남,67세,상해없음,보행자,여,48세,부상신고
2020082000100274,2020년 8월 20일 13시,목요일,부산광역시 수영구 남천동,중상사고,0,1,0,0,차대사람 - 길가장자리구역통행중,안전운전불이행,건조,맑음,단일로 - 기타,승용,여,54세,상해없음,보행자,여,57세,중상
2020082000100275,2020년 8월 20일 13시,목요일,부산광역시 남구 대연동,경상사고,0,0,1,0,차대차 - 추돌,안전운전불이행,건조,맑음,교차로 - 교차로안,승용,남,67세,상해없음,승용,여,57세,경상
2020082000100276,2020년 8월 20일 13시,목요일,부산광역시 영도구 영선동1가,경상사고,0,0,1,0,차대차 - 기타,중앙선침범,건조,맑음,단일로 - 기타,자전거,남,63세,경상,승용,남,58세,상해없음
2020082000100277,2020년 8월 20일 13시,목요일,부산광역시 사하구 괴정동,중상사고,0,1,0,0,차대사람 - 기타,기타,건조,맑음,기타 - 기타,화물,남,48세,상해없음,보행자,여,41세,중상
2020082000100278,2020년 8월 20일 13시,목요일,부산광역시 연제구 연산동,부상신고사고,0,0,0,1,차대차 - 기타,중앙선침범,건조,맑음,교차로 - 교차로횡단보도내,자전거,남,52세,부상신고,승용,남,65세,상해없음
2020082000100279,2020년 8월 20일 13시,목요일,부산광역시 강서구 송정동,중상사고,0,1,0,0,차대차 - 기타,중앙선침범,건조,맑음,단일로 - 기타,승용,남,41세,상해없음,승용,여,50세,중상
2020082000100280,2020년 8월 20일 13시,목요일,부산광역시 강서구 신호동,경상사고,0,0,1,0,차대차 - 측면충돌,안전운전불이행,건조,맑음,교차로 - 교차로부근,승용,여,69세,상해없음,승용,남,28세,경상
2020082000100320,2020년 8월 20일 14시,목요일,부산광역시 북구 덕천동,중상사고,0,2,0,0,차대사람 - 길가장자리구역통행중,안전운전불이행,건조,맑음,단일로 - 지하차도(도로)내,승용,여,52세,상해없음,보행자,여,51세,중상
2020082000100321,2020년 8월 20일 14시,목요일,부산광역시 북구 화명동,중상사고,0,1,0,0,차대차 - 측면충돌,교차로운행방법위반,건조,맑음,교차로 - 교차로안,승용,남,21세,상해없음,이륜,남,29세,중상
2020082000100322,2020년 8월 20일 14시,목요일,부산광역시 금정구 구서동,경상사고,0,0,1,0,차대사람 - 횡단중,보행자보호의무위반,건조,맑음,교차로 - 교차로횡단보도내,승용,남,32세,상해없음,보행자,남,10세,경상
2020082000100358,2020년 8월 20일 15시,목요일,부산광역시 동래구 안락동,중상사고,0,1,1,0,차대차 - 측면충돌,신호위반,건조,맑음,교차로 - 교차로안,승용,여,56세,상해없음,승용,남,66세,중상
2020082000100359,2020년 8월 20일 15시,목요일,부산광역시 영도구 영선동1가,경상사고,0,0,1,0,차대차 - 후진중충돌,안전운전불이행,건조,맑음,단일로 - 기타,승합,남,63세,상해없음,승합,남,53세,경상
2020082000100360,2020년 8월 20일 15시,목요일,부산광역시 부산진구 전포동,경상사고,0,0,1,0,차대차 - 추돌,안전운전불이행,건조,맑음,단일로 - 기타,승용,남,43세,상해없음,승용,여,56세,경상
2020082000100361,2020년 8월 20일 15시,목요일,부산광역시 부산진구 가야동,경상사고,0,0,1,0,차대차 - 기타,안전거리미확보,건조,맑음,단일로 - 기타,승용,남,65세,상해없음,승합,남,43세,상해없음
2020082000100398,2020년 8월 20일 16시,목요일,부산광역시 중구 중앙동6가,경상사고,0,0,1,0,차대차 - 측면충돌,안전운전불이행,건조,맑음,단일로 - 기타,승용,남,63세,상해없음,이륜,남,60세,경상
2020082000100399,2020년 8월 20일 16시,목요일,부산광역시 동구 초량동,경상사고,0,0,2,0,차대차 - 측면충돌,중앙선침범,건조,맑음,단일로 - 기타,승용,남,62세,상해없음,승용,남,65세,경상
2020082000100428,2020년 8월 20일 17시,목요일,부산광역시 남구 대연동,중상사고,0,1,0,0,차량단독 - 공작물충돌,안전운전불이행,건조,맑음,기타 - 기타,승용,여,76세,상해없음,,,,
2020082000100429,2020년 8월 20일 17시,목요일,부산광역시 북구 구포동,경상사고,0,0,1,0,차대사람 - 길가장자리구역통행중,안전운전불이행,건조,맑음,단일로 - 지하차도(도로)내,승용,남,56세,상해없음,보행자,여,63세,경상
2020082000100430,2020년 8월 20일 17시,목요일,부산광역시 해운대구 우동,경상사고,0,0,1,0,차대사람 - 횡단중,안전운전불이행,건조,맑음,교차로 - 교차로안,승용,남,63세,상해없음,보행자,남,72세,경상
2020082000100431,2020년 8월 20일 17시,목요일,부산광역시 연제구 연산동,중상사고,0,1,0,0,차대사람 - 기타,안전운전불이행,건조,맑음,단일로 - 기타,화물,남,51세,상해없음,보행자,남,74세,중상
2020082000100475,2020년 8월 20일 18시,목요일,부산광역시 북구 덕천동,경상사고,0,0,1,0,차대사람 - 횡단중,신호위반,건조,맑음,단일로 - 지하차도(도로)내,이륜,남,45세,상해없음,보행자,여,73세,경상
2020082000100476,2020년 8월 20일 18시,목요일,부산광역시 동래구 온천동,경상사고,0,0,1,0,차대차 - 기타,안전운전불이행,건조,맑음,단일로 - 기타,자전거,여,68세,경상,승용,남,53세,상해없음
2020082000100477,2020년 8월 20일 18시,목요일,부산광역시 해운대구 우동,경상사고,0,0,2,0,차대차 - 측면충돌,안전운전불이행,건조,맑음,단일로 - 기타,승용,남,42세,상해없음,승용,남,57세,경상
2020082000100519,2020년 8월 20일 19시,목요일,부산광역시 부산진구 부전동,중상사고,0,1,0,0,차대차 - 추돌,안전운전불이행,건조,맑음,교차로 - 교차로부근,승용,남,30세,상해없음,승용,남,41세,상해없음
2020082000100520,2020년 8월 20일 19시,목요일,부산광역시 사상구 감전동,경상사고,0,0,1,0,차대차 - 측면충돌,차로위반,건조,맑음,단일로 - 기타,승용,남,32세,기타불명,승용,남,27세,경상
2020082000100556,2020년 8월 20일 20시,목요일,부산광역시 부산진구 부전동,중상사고,0,1,0,0,차대차 - 기타,신호위반,건조,맑음,교차로 - 교차로안,승용,여,28세,상해없음,이륜,남,25세,중상
2020082000100583,2020년 8월 20일 21시,목요일,부산광역시 해운대구 중동,경상사고,0,0,1,0,차량단독 - 기타,안전운전불이행,건조,맑음,단일로 - 기타,승합,남,50세,상해없음,,,,
2020082000100622,2020년 8월 20일 23시,목요일,부산광역시 동구 좌천동,중상사고,0,1,4,0,차대차 - 기타,신호위반,건조,맑음,교차로 - 교차로안,승용,남,57세,상해없음,승용,여,63세,경상
2020082000100623,2020년 8월 20일 23시,목요일,부산광역시 사상구 감전동,경상사고,0,0,2,0,차대차 - 추돌,안전운전불이행,건조,맑음,기타 - 기타,승용,남,66세,상해없음,승용,남,60세,경상
2020082100100005,2020년 8월 21일 00시,금요일,부산광역시 해운대구 재송동,경상사고,0,0,1,0,차대차 - 측면충돌,기타,건조,맑음,교차로 - 교차로안,승용,남,29세,경상,승용,남,62세,상해없음
2020082100100016,2020년 8월 21일 01시,금요일,부산광역시 부산진구 범천동,중상사고,0,2,0,0,차대차 - 추돌,안전운전불이행,건조,맑음,교차로 - 교차로부근,승용,남,66세,중상,승용,남,34세,상해없음
2020082100100031,2020년 8월 21일 03시,금요일,부산광역시 동래구 온천동,경상사고,0,0,1,0,차대차 - 기타,안전운전불이행,건조,맑음,단일로 - 기타,승용,남,59세,상해없음,승용,남,23세,경상
2020082100100051,2020년 8월 21일 06시,금요일,부산광역시 강서구 강동동,사망사고,1,0,0,0,차대차 - 측면충돌,안전운전불이행,건조,맑음,교차로 - 교차로안,승용,여,62세,상해없음,이륜,여,65세,사망
2020082100100072,2020년 8월 21일 07시,금요일,부산광역시 부산진구 전포동,경상사고,0,0,1,0,차대차 - 측면충돌,안전운전불이행,건조,맑음,기타 - 기타,승용,남,22세,상해없음,승용,남,29세,경상
2020082100100092,2020년 8월 21일 08시,금요일,부산광역시 사하구 하단동,경상사고,0,0,1,0,차대차 - 기타,안전거리미확보,건조,맑음,기타 - 기타,건설기계,남,65세,상해없음,승용,여,34세,경상
2020082100100123,2020년 8월 21일 09시,금요일,부산광역시 동구 초량동,중상사고,0,1,0,0,차대차 - 기타,차로위반,건조,맑음,교차로 - 교차로안,화물,남,59세,상해없음,이륜,남,23세,중상
2020082100100155,2020년 8월 21일 10시,금요일,부산광역시 사하구 괴정동,중상사고,0,1,1,0,차대차 - 측면충돌,신호위반,건조,맑음,교차로 - 교차로부근,승용,남,28세,상해없음,승용,여,40세,경상
2020082100100215,2020년 8월 21일 12시,금요일,부산광역시 중구 부평동4가,중상사고,0,1,0,0,차대차 - 후진중충돌,안전운전불이행,건조,맑음,단일로 - 지하차도(도로)내,화물,남,63세,상해없음,승용,여,45세,중상
2020082100100245,2020년 8월 21일 13시,금요일,부산광역시 강서구 녹산동,중상사고,0,3,3,0,차대차 - 측면충돌,신호위반,건조,맑음,교차로 - 교차로안,화물,남,50세,상해없음,승합,남,65세,중상
2020082100100280,2020년 8월 21일 14시,금요일,부산광역시 북구 금곡동,중상사고,0,1,1,0,차대차 - 기타,안전거리미확보,젖음/습기,비,단일로 - 기타,건설기계,남,44세,상해없음,승용,여,61세,경상
2020082100100281,2020년 8월 21일 14시,금요일,부산광역시 동래구 온천동,중상사고,0,1,0,0,차대사람 - 기타,안전운전불이행,건조,맑음,교차로 - 교차로안,화물,남,55세,상해없음,보행자,여,73세,중상
2020082100100282,2020년 8월 21일 14시,금요일,부산광역시 사하구 장림동,경상사고,0,0,1,0,차대차 - 기타,안전운전불이행,건조,맑음,교차로 - 교차로부근,승용,남,72세,상해없음,화물,남,38세,경상
2020082100100283,2020년 8월 21일 14시,금요일,부산광역시 강서구 송정동,경상사고,0,0,1,0,차대차 - 기타,신호위반,건조,맑음,교차로 - 교차로안,화물,남,70세,상해없음,승용,여,47세,경상
2020082100100284,2020년 8월 21일 14시,금요일,부산광역시 강서구 명지동,경상사고,0,0,1,0,차대차 - 기타,안전운전불이행,건조,맑음,교차로 - 교차로부근,승용,남,30세,기타불명,자전거,남,9세,경상
2020082100100319,2020년 8월 21일 15시,금요일,부산광역시 강서구 신호동,경상사고,0,0,1,0,차대차 - 추돌,안전운전불이행,건조,맑음,교차로 - 교차로안,승용,남,28세,상해없음,승용,남,38세,경상
2020082100100354,2020년 8월 21일 16시,금요일,부산광역시 기장군 일광면,경상사고,0,0,1,0,차대사람 - 횡단중,보행자보호의무위반,건조,맑음,단일로 - 기타,승용,여,18세,상해없음,보행자,남,7세,경상
2020082100100387,2020년 8월 21일 17시,금요일,부산광역시 동래구 온천동,경상사고,0,0,1,0,차대사람 - 기타,안전운전불이행,건조,맑음,단일로 - 기타,승합,남,50세,상해없음,보행자,여,52세,경상
2020082100100424,2020년 8월 21일 18시,금요일,부산광역시 해운대구 중동,경상사고,0,0,1,0,차대차 - 측면충돌,안전거리미확보,건조,맑음,교차로 - 교차로부근,승용,남,64세,기타불명,승용,여,47세,경상
2020082100100465,2020년 8월 21일 19시,금요일,부산광역시 중구 동광동3가,경상사고,0,0,2,0,차대차 - 측면충돌,안전거리미확보,건조,맑음,단일로 - 기타,승용,남,68세,상해없음,승용,남,33세,경상
2020082100100466,2020년 8월 21일 19시,금요일,부산광역시 동래구 온천동,중상사고,0,1,2,0,차대차 - 추돌,안전운전불이행,건조,맑음,교차로 - 교차로부근,승합,남,46세,상해없음,승용,남,52세,경상
2020082100100467,2020년 8월 21일 19시,금요일,부산광역시 해운대구 반여동,경상사고,0,0,1,0,차대차 - 측면충돌,안전운전불이행,건조,맑음,교차로 - 교차로안,승용,남,50세,상해없음,이륜,남,33세,경상
2020082100100468,2020년 8월 21일 19시,금요일,부산광역시 부산진구 당감동,중상사고,0,1,3,0,차대차 - 측면충돌,신호위반,건조,흐림,교차로 - 교차로안,승용,여,26세,상해없음,승합,남,34세,경상
2020082100100469,2020년 8월 21일 19시,금요일,부산광역시 사상구 괘법동,경상사고,0,0,1,0,차대사람 - 기타,안전운전불이행,건조,맑음,교차로 - 교차로부근,화물,남,49세,상해없음,보행자,남,52세,경상
2020082100100470,2020년 8월 21일 19시,금요일,부산광역시 사상구 괘법동,중상사고,0,1,0,0,차대사람 - 횡단중,신호위반,건조,맑음,단일로 - 기타,화물,여,51세,상해없음,보행자,여,75세,중상
2020082100100517,2020년 8월 21일 20시,금요일,부산광역시 금정구 구서동,경상사고,0,0,1,0,차대차 - 기타,안전운전불이행,건조,맑음,교차로 - 교차로안,승용,남,67세,상해없음,이륜,남,26세,경상
2020082100100518,2020년 8월 21일 20시,금요일,부산광역시 연제구 연산동,경상사고,0,0,1,0,차대차 - 기타,안전운전불이행,건조,맑음,교차로 - 교차로안,승용,남,54세,상해없음,승용,여,56세,경상
2020082100100555,2020년 8월 21일 21시,금요일,부산광역시 부산진구 연지동,경상사고,0,0,3,1,차대차 - 추돌,안전운전불이행,건조,맑음,기타 - 기타,승용,남,66세,상해없음,승용,남,52세,경상
2020082100100587,2020년 8월 21일 22시,금요일,부산광역시 부산진구 연지동,경상사고,0,0,2,0,차대차 - 추돌,안전거리미확보,건조,맑음,단일로 - 기타,승용,남,49세,상해없음,승용,남,55세,경상
2020082100100588,2020년 8월 21일 22시,금요일,부산광역시 사하구 하단동,경상사고,0,0,1,0,차대사람 - 길가장자리구역통행중,안전운전불이행,건조,맑음,단일로 - 기타,승용,남,49세,상해없음,보행자,남,48세,경상
2020082200100022,2020년 8월 22일 01시,토요일,부산광역시 서구 암남동,중상사고,0,1,1,0,차대차 - 측면충돌,중앙선침범,건조,맑음,단일로 - 기타,이륜,남,16세,경상,이륜,남,25세,중상
2020082200100023,2020년 8월 22일 01시,토요일,부산광역시 사하구 괴정동,중상사고,0,1,0,0,차대차 - 추돌,안전운전불이행,건조,맑음,교차로 - 교차로부근,승용,남,18세,상해없음,이륜,남,47세,중상
2020082200100037,2020년 8월 22일 02시,토요일,부산광역시 동구 범일동,경상사고,0,0,1,0,차대차 - 추돌,안전운전불이행,건조,맑음,단일로 - 기타,승용,남,50세,상해없음,승용,남,56세,경상
2020082200100050,2020년 8월 22일 03시,토요일,부산광역시 부산진구 개금동,경상사고,0,0,1,0,차대차 - 측면충돌,안전운전불이행,건조,맑음,교차로 - 교차로안,승용,남,56세,상해없음,화물,남,31세,경상
2020082200100075,2020년 8월 22일 06시,토요일,부산광역시 북구 구포동,중상사고,0,3,0,0,차량단독 - 공작물충돌,안전운전불이행,건조,맑음,단일로 - 지하차도(도로)내,이륜,남,17세,중상,,,,
2020082200100086,2020년 8월 22일 07시,토요일,부산광역시 동구 초량동,경상사고,0,0,1,0,차대차 - 추돌,안전거리미확보,건조,맑음,단일로 - 기타,승용,남,40세,상해없음,승용,여,61세,경상
2020082200100087,2020년 8월 22일 07시,토요일,부산광역시 영도구 청학동,중상사고,0,1,0,0,차대사람 - 길가장자리구역통행중,안전운전불이행,건조,맑음,교차로 - 교차로부근,승합,남,60세,상해없음,보행자,여,70세,중상
2020082200100129,2020년 8월 22일 09시,토요일,부산광역시 수영구 남천동,중상사고,0,2,0,0,차대차 - 측면충돌,교차로운행방법위반,건조,맑음,교차로 - 교차로부근,화물,남,36세,상해없음,개인형이동수단(PM),여,35세,중상
2020082200100130,2020년 8월 22일 09시,토요일,부산광역시 금정구 청룡동,경상사고,0,0,1,0,차대차 - 측면충돌,안전운전불이행,건조,맑음,교차로 - 교차로안,승용,여,45세,상해없음,승용,남,60세,상해없음
2020082200100166,2020년 8월 22일 10시,토요일,부산광역시 서구 암남동,중상사고,0,1,0,0,차대사람 - 횡단중,안전운전불이행,건조,맑음,단일로 - 기타,화물,남,64세,상해없음,보행자,여,16세,중상
2020082200100167,2020년 8월 22일 10시,토요일,부산광역시 영도구 봉래동2가,중상사고,0,2,0,0,차대차 - 측면충돌,신호위반,건조,맑음,단일로 - 기타,승용,남,77세,상해없음,승용,남,47세,중상
2020082200100168,2020년 8월 22일 10시,토요일,부산광역시 부산진구 전포동,중상사고,0,1,0,0,차대차 - 측면충돌,신호위반,건조,맑음,교차로 - 교차로안,승용,남,30세,상해없음,이륜,남,47세,중상
2020082200100170,2020년 8월 22일 10시,토요일,부산광역시 기장군 기장읍,경상사고,0,0,1,0,차대차 - 기타,안전운전불이행,건조,맑음,교차로 - 교차로부근,승용,남,59세,상해없음,승용,여,62세,경상
2020082200100188,2020년 8월 22일 11시,토요일,부산광역시 서구 부민동2가,경상사고,0,0,2,0,차대차 - 추돌,안전운전불이행,건조,맑음,단일로 - 기타,승용,여,59세,상해없음,승용,여,43세,경상
2020082200100189,2020년 8월 22일 11시,토요일,부산광역시 남구 문현동,경상사고,0,0,1,0,차대차 - 측면충돌,안전운전불이행,건조,맑음,단일로 - 기타,승용,남,45세,상해없음,승용,남,48세,경상
2020082200100190,2020년 8월 22일 11시,토요일,부산광역시 동래구 안락동,경상사고,0,0,1,0,차대차 - 기타,안전운전불이행,건조,맑음,단일로 - 기타,승합,남,72세,상해없음,자전거,남,52세,경상
2020082200100215,2020년 8월 22일 12시,토요일,부산광역시 동구 초량동,경상사고,0,0,1,0,차대사람 - 차도통행중,안전운전불이행,건조,맑음,단일로 - 기타,승용,여,38세,상해없음,보행자,남,28세,경상
2020082200100216,2020년 8월 22일 12시,토요일,부산광역시 부산진구 부전동,중상사고,0,1,0,0,차대차 - 측면충돌,신호위반,건조,맑음,단일로 - 기타,승용,남,47세,상해없음,원동기,남,56세,중상
2020082200100254,2020년 8월 22일 13시,토요일,부산광역시 수영구 남천동,경상사고,0,0,1,0,차대차 - 기타,안전거리미확보,건조,맑음,단일로 - 기타,승용,남,69세,상해없음,승용,여,45세,경상
2020082200100255,2020년 8월 22일 13시,토요일,부산광역시 부산진구 개금동,중상사고,0,1,0,0,차대차 - 측면충돌,교차로운행방법위반,건조,맑음,교차로 - 교차로안,승용,남,62세,상해없음,원동기,남,38세,중상
2020082200100289,2020년 8월 22일 14시,토요일,부산광역시 동래구 명장동,중상사고,0,1,0,0,차대차 - 후진중충돌,안전운전불이행,건조,맑음,교차로 - 교차로안,승용,남,50세,상해없음,이륜,남,52세,중상
2020082200100290,2020년 8월 22일 14시,토요일,부산광역시 강서구 송정동,중상사고,0,2,6,0,차대차 - 추돌,안전운전불이행,건조,맑음,단일로 - 기타,건설기계,남,50세,상해없음,승합,남,41세,경상
2020082200100335,2020년 8월 22일 15시,토요일,부산광역시 사하구 하단동,부상신고사고,0,0,0,1,차대차 - 기타,교차로운행방법위반,건조,맑음,교차로 - 교차로안,승용,남,59세,상해없음,이륜,남,46세,부상신고
2020082200100336,2020년 8월 22일 15시,토요일,부산광역시 기장군 정관읍,경상사고,0,0,1,0,차대차 - 추돌,안전거리미확보,건조,맑음,단일로 - 기타,이륜,남,45세,상해없음,승용,남,52세,상해없음
2020082200100383,2020년 8월 22일 16시,토요일,부산광역시 남구 문현동,경상사고,0,0,1,0,차대차 - 추돌,안전운전불이행,건조,맑음,단일로 - 기타,화물,남,49세,상해없음,승용,남,53세,경상
2020082200100384,2020년 8월 22일 16시,토요일,부산광역시 북구 덕천동,경상사고,0,0,1,0,차대차 - 측면충돌,안전운전불이행,건조,맑음,단일로 - 기타,원동기,남,25세,경상,승용,남,59세,상해없음
2020082200100412,2020년 8월 22일 17시,토요일,부산광역시 해운대구 중동,경상사고,0,0,1,0,차대사람 - 기타,안전운전불이행,건조,맑음,단일로 - 기타,승용,남,64세,상해없음,보행자,남,47세,경상
2020082200100413,2020년 8월 22일 17시,토요일,부산광역시 금정구 서동,경상사고,0,0,1,0,차대차 - 측면충돌,차로위반,건조,맑음,교차로 - 교차로부근,승용,남,54세,상해없음,승용,남,39세,경상
2020082200100414,2020년 8월 22일 17시,토요일,부산광역시 수영구 수영동,부상신고사고,0,0,0,1,차대사람 - 보도통행중,안전운전불이행,건조,맑음,단일로 - 기타,승용,여,50세,상해없음,보행자,여,78세,부상신고
2020082200100459,2020년 8월 22일 18시,토요일,부산광역시 중구 대청동4가,경상사고,0,0,1,0,차대차 - 측면충돌,차로위반,건조,맑음,단일로 - 기타,승용,남,57세,상해없음,이륜,남,19세,경상
2020082200100460,2020년 8월 22일 18시,토요일,부산광역시 사상구 감전동,경상사고,0,0,2,0,차대차 - 측면충돌,신호위반,건조,맑음,교차로 - 교차로안,승용,여,58세,상해없음,승용,남,38세,경상
2020082200100461,2020년 8월 22일 18시,토요일,부산광역시 기장군 일광면,경상사고,0,0,6,1,차대차 - 추돌,안전운전불이행,건조,맑음,단일로 - 기타,화물,남,23세,상해없음,승용,남,45세,경상
2020082200100494,2020년 8월 22일 19시,토요일,부산광역시 남구 문현동,중상사고,0,1,0,0,차대사람 - 보도통행중,보행자보호의무위반,건조,맑음,단일로 - 기타,승용,남,42세,상해없음,보행자,여,54세,중상
2020082200100495,2020년 8월 22일 19시,토요일,부산광역시 동래구 명장동,경상사고,0,0,1,0,차대차 - 측면충돌,교차로운행방법위반,건조,맑음,교차로 - 교차로부근,승용,남,61세,상해없음,승용,남,36세,경상
2020082200100496,2020년 8월 22일 19시,토요일,부산광역시 사하구 당리동,경상사고,0,0,1,0,차대차 - 측면충돌,안전거리미확보,건조,맑음,단일로 - 기타,승용,남,57세,상해없음,승용,여,26세,상해없음
2020082200100540,2020년 8월 22일 20시,토요일,부산광역시 서구 토성동5가,경상사고,0,0,1,0,차대차 - 추돌,안전운전불이행,건조,맑음,교차로 - 교차로부근,승용,여,29세,상해없음,승용,남,36세,경상
2020082200100541,2020년 8월 22일 20시,토요일,부산광역시 부산진구 범천동,중상사고,0,1,2,1,차대차 - 추돌,안전운전불이행,건조,맑음,교차로 - 교차로안,이륜,남,51세,부상신고,승용,남,36세,중상
2020082200100572,2020년 8월 22일 21시,토요일,부산광역시 부산진구 부전동,경상사고,0,0,1,0,차대차 - 추돌,안전운전불이행,건조,맑음,단일로 - 기타,이륜,남,18세,기타불명,승용,여,23세,경상