사고번호,사고일시,요일,시군구,사고내용,사망자수,중상자수,경상자수,부상신고자수,사고유형,법규위반,노면상태,기상상태,도로형태,가해운전자 차종,가해운전자 성별,가해운전자 연령,가해운전자 상해정도,피해운전자 차종,피해운전자 성별,피해운전자 연령,피해운전자 상해정도
2020082600100327,2020년 8월 26일 16시,수요일,부산광역시 강서구 명지동,중상사고,0,2,1,0,차대차 - 정면충돌,안전운전불이행,건조,맑음,단일로 - 교량,화물,남,64세,기타불명,승용,남,34세,중상
2020082600100361,2020년 8월 26일 17시,수요일,부산광역시 수영구 광안동,중상사고,0,1,0,0,차대차 - 추돌,신호위반,건조,흐림,교차로 - 교차로안,승용,남,27세,상해없음,이륜,남,42세,중상
2020082600100428,2020년 8월 26일 19시,수요일,부산광역시 남구 용호동,경상사고,0,0,1,0,차대차 - 추돌,안전운전불이행,건조,맑음,단일로 - 기타,화물,남,50세,상해없음,승합,남,56세,경상
2020082600100497,2020년 8월 26일 21시,수요일,부산광역시 수영구 남천동,중상사고,0,1,0,0,차대차 - 측면충돌,안전운전불이행,건조,맑음,단일로 - 기타,이륜,남,38세,중상,승용,남,52세,상해없음
2020082600100514,2020년 8월 26일 22시,수요일,부산광역시 부산진구 가야동,경상사고,0,0,1,1,차대사람 - 횡단중,안전운전불이행,건조,맑음,단일로 - 기타,이륜,남,32세,부상신고,보행자,남,63세,경상
2020082600100542,2020년 8월 26일 23시,수요일,부산광역시 서구 토성동1가,경상사고,0,0,1,0,차대차 - 측면충돌,중앙선침범,건조,맑음,교차로 - 교차로부근,승용,남,28세,상해없음,승용,남,40세,경상
2020082600100543,2020년 8월 26일 23시,수요일,부산광역시 북구 금곡동,경상사고,0,0,1,0,차대차 - 측면충돌,안전운전불이행,건조,맑음,교차로 - 교차로안,승용,남,52세,상해없음,승용,여,44세,상해없음
2020082700100029,2020년 8월 27일 04시,목요일,부산광역시 북구 구포동,경상사고,0,0,1,0,차대사람 - 기타,안전운전불이행,젖음/습기,비,교차로 - 교차로부근,이륜,남,48세,상해없음,보행자,여,56세,경상
2020082700100030,2020년 8월 27일 04시,목요일,부산광역시 사상구 엄궁동,중상사고,0,1,0,0,차대차 - 기타,과속,젖음/습기,비,단일로 - 지하차도(도로)내,승용,남,53세,상해없음,승용,남,54세,중상
2020082700100056,2020년 8월 27일 07시,목요일,부산광역시 남구 용호동,중상사고,0,1,0,0,차대사람 - 횡단중,안전운전불이행,젖음/습기,비,단일로 - 기타,승용,남,49세,상해없음,보행자,여,76세,중상
2020082700100057,2020년 8월 27일 07시,목요일,부산광역시 북구 만덕동,중상사고,0,1,0,0,차대차 - 정면충돌,신호위반,젖음/습기,비,교차로 - 교차로안,승용,남,31세,상해없음,승용,남,57세,중상
2020082700100081,2020년 8월 27일 08시,목요일,부산광역시 수영구 남천동,경상사고,0,0,1,0,차대차 - 기타,안전운전불이행,젖음/습기,비,단일로 - 기타,승용,남,73세,상해없음,승용,남,27세,경상
2020082700100082,2020년 8월 27일 08시,목요일,부산광역시 부산진구 당감동,중상사고,0,1,0,0,차대차 - 기타,직진우회전진행방해,젖음/습기,흐림,교차로 - 교차로안,승용,남,45세,상해없음,이륜,남,43세,중상
2020082700100083,2020년 8월 27일 08시,목요일,부산광역시 사하구 다대동,경상사고,0,0,1,0,차대차 - 추돌,안전거리미확보,젖음/습기,비,교차로 - 교차로부근,승용,여,55세,상해없음,승용,남,60세,경상
2020082700100084,2020년 8월 27일 08시,목요일,부산광역시 강서구 대저2동,사망사고,1,0,0,0,차량단독 - 공작물충돌,안전운전불이행,젖음/습기,비,단일로 - 기타,승합,남,77세,사망,,,,
2020082700100085,2020년 8월 27일 08시,목요일,부산광역시 사상구 모라동,부상신고사고,0,0,0,1,차대차 - 기타,안전운전불이행,건조,맑음,기타 - 기타,승용,남,58세,상해없음,원동기,여,37세,부상신고
2020082700100125,2020년 8월 27일 09시,목요일,부산광역시 부산진구 부전동,경상사고,0,0,1,0,차대사람 - 횡단중,신호위반,건조,맑음,교차로 - 교차로횡단보도내,승용,여,49세,상해없음,보행자,여,57세,경상
2020082700100179,2020년 8월 27일 11시,목요일,부산광역시 해운대구 좌동,경상사고,0,0,1,0,차대사람 - 기타,안전운전불이행,건조,맑음,단일로 - 기타,승용,남,55세,상해없음,보행자,남,24세,경상
2020082700100180,2020년 8월 27일 11시,목요일,부산광역시 부산진구 부전동,경상사고,0,0,1,0,차량단독 - 기타,안전운전불이행,젖음/습기,비,교차로 - 교차로안,이륜,남,39세,경상,,,,
2020082700100181,2020년 8월 27일 11시,목요일,부산광역시 부산진구 부암동,경상사고,0,0,3,1,차대차 - 측면충돌,안전운전불이행,건조,맑음,단일로 - 고가도로위,건설기계,남,53세,상해없음,승용,남,27세,경상
2020082700100207,2020년 8월 27일 12시,목요일,부산광역시 사상구 엄궁동,중상사고,0,3,0,0,차대차 - 정면충돌,중앙선침범,젖음/습기,비,기타 - 기타,승용,남,50세,상해없음,승용,남,66세,중상
2020082700100257,2020년 8월 27일 14시,목요일,부산광역시 해운대구 우동,경상사고,0,0,1,0,차대차 - 측면충돌,안전운전불이행,건조,맑음,단일로 - 기타,승용,여,23세,상해없음,승용,여,25세,경상
2020082700100297,2020년 8월 27일 15시,목요일,부산광역시 동구 수정동,경상사고,0,0,1,0,차대차 - 추돌,안전운전불이행,젖음/습기,비,단일로 - 기타,승용,남,66세,상해없음,승용,여,52세,경상
2020082700100298,2020년 8월 27일 15시,목요일,부산광역시 서구 동대신동1가,경상사고,0,0,1,0,차량단독 - 기타,안전운전불이행,건조,맑음,단일로 - 기타,승합,남,55세,상해없음,,,,
2020082700100299,2020년 8월 27일 15시,목요일,부산광역시 남구 용호동,중상사고,0,1,0,0,차대차 - 기타,교차로운행방법위반,건조,흐림,교차로 - 교차로부근,특수,남,59세,상해없음,이륜,남,33세,중상
2020082700100300,2020년 8월 27일 15시,목요일,부산광역시 부산진구 부전동,중상사고,0,1,0,0,차대사람 - 기타,안전운전불이행,건조,맑음,단일로 - 기타,승합,남,57세,상해없음,보행자,남,18세,중상
2020082700100301,2020년 8월 27일 15시,목요일,부산광역시 수영구 수영동,경상사고,0,0,1,0,차대차 - 추돌,안전운전불이행,건조,맑음,단일로 - 기타,화물,남,52세,상해없음,승용,남,45세,상해없음
2020082700100338,2020년 8월 27일 16시,목요일,부산광역시 서구 동대신동3가,경상사고,0,0,1,0,차대차 - 기타,안전운전불이행,건조,맑음,교차로 - 교차로안,화물,남,57세,상해없음,승용,여,62세,경상
2020082700100339,2020년 8월 27일 16시,목요일,부산광역시 남구 용호동,중상사고,0,1,0,0,차대사람 - 기타,안전운전불이행,건조,맑음,기타 - 기타,승용,여,51세,상해없음,보행자,남,42세,중상
2020082700100375,2020년 8월 27일 17시,목요일,부산광역시 영도구 청학동,경상사고,0,0,1,0,차대차 - 측면충돌,안전운전불이행,건조,맑음,단일로 - 기타,이륜,남,53세,경상,승용,남,41세,상해없음
2020082700100412,2020년 8월 27일 18시,목요일,부산광역시 강서구 송정동,경상사고,0,0,1,0,차대차 - 측면충돌,신호위반,건조,맑음,교차로 - 교차로안,화물,남,48세,기타불명,화물,남,51세,경상
2020082700100413,2020년 8월 27일 18시,목요일,부산광역시 강서구 대저2동,경상사고,0,0,2,0,차대차 - 기타,안전거리미확보,건조,맑음,단일로 - 기타,화물,남,35세,기타불명,승용,남,36세,경상
2020082700100444,2020년 8월 27일 19시,목요일,부산광역시 북구 화명동,부상신고사고,0,0,0,1,차대차 - 측면충돌,안전거리미확보,건조,맑음,교차로 - 교차로부근,승용,남,66세,상해없음,승용,여,32세,상해없음
2020082700100445,2020년 8월 27일 19시,목요일,부산광역시 연제구 연산동,중상사고,0,1,0,0,차대사람 - 길가장자리구역통행중,안전운전불이행,건조,맑음,단일로 - 기타,이륜,남,26세,상해없음,보행자,여,56세,중상
2020082700100478,2020년 8월 27일 20시,목요일,부산광역시 동래구 온천동,경상사고,0,0,1,0,차대차 - 기타,안전운전불이행,건조,맑음,교차로 - 교차로안,화물,남,57세,상해없음,자전거,남,42세,경상
2020082700100479,2020년 8월 27일 20시,목요일,부산광역시 수영구 망미동,경상사고,0,0,1,0,차대차 - 기타,교차로운행방법위반,젖음/습기,흐림,교차로 - 교차로부근,승용,남,33세,상해없음,이륜,남,35세,경상
2020082700100511,2020년 8월 27일 21시,목요일,부산광역시 북구 만덕동,중상사고,0,1,0,0,차대차 - 기타,안전운전불이행,젖음/습기,흐림,단일로 - 기타,원동기,남,49세,중상,승용,남,52세,상해없음
2020082700100536,2020년 8월 27일 22시,목요일,부산광역시 동래구 안락동,경상사고,0,0,2,0,차대차 - 추돌,안전운전불이행,건조,맑음,단일로 - 기타,승용,여,46세,상해없음,승용,남,35세,경상
2020082700100556,2020년 8월 27일 23시,목요일,부산광역시 강서구 명지동,중상사고,0,1,0,0,차대차 - 추돌,신호위반,건조,맑음,교차로 - 교차로안,승용,남,32세,상해없음,이륜,남,41세,중상
2020082800100004,2020년 8월 28일 00시,금요일,부산광역시 강서구 명지동,중상사고,0,1,0,0,차대차 - 기타,안전운전불이행,건조,맑음,교차로 - 교차로안,승용,남,21세,상해없음,이륜,남,25세,중상
2020082800100017,2020년 8월 28일 01시,금요일,부산광역시 수영구 광안동,중상사고,0,1,0,0,차대사람 - 기타,안전운전불이행,건조,흐림,단일로 - 기타,승용,여,22세,상해없음,보행자,여,25세,중상
2020082800100018,2020년 8월 28일 01시,금요일,부산광역시 사하구 하단동,중상사고,0,1,0,1,차대차 - 추돌,안전운전불이행,건조,맑음,단일로 - 기타,이륜,남,44세,중상,화물,남,50세,부상신고
2020082800100028,2020년 8월 28일 02시,금요일,부산광역시 부산진구 부전동,경상사고,0,0,1,0,차대차 - 기타,기타,건조,맑음,단일로 - 기타,승용,남,51세,상해없음,이륜,남,28세,경상
2020082800100035,2020년 8월 28일 03시,금요일,부산광역시 사하구 하단동,경상사고,0,0,1,0,차대차 - 기타,신호위반,건조,맑음,단일로 - 기타,승용,남,24세,상해없음,승용,남,58세,경상
2020082800100048,2020년 8월 28일 05시,금요일,부산광역시 북구 금곡동,경상사고,0,0,1,0,차대차 - 측면충돌,안전운전불이행,건조,맑음,단일로 - 기타,승용,여,52세,상해없음,승용,남,60세,경상
2020082800100049,2020년 8월 28일 05시,금요일,부산광역시 북구 금곡동,중상사고,0,1,0,0,차대차 - 기타,신호위반,젖음/습기,비,교차로 - 교차로안,기타불명,기타불명,미분류,기타불명,이륜,남,55세,중상
2020082800100063,2020년 8월 28일 06시,금요일,부산광역시 부산진구 양정동,경상사고,0,0,1,0,차대차 - 측면충돌,안전운전불이행,젖음/습기,비,교차로 - 교차로부근,승용,남,51세,상해없음,이륜,남,19세,경상
2020082800100072,2020년 8월 28일 07시,금요일,부산광역시 북구 만덕동,중상사고,0,1,0,0,차대차 - 기타,교차로운행방법위반,젖음/습기,비,교차로 - 교차로안,승용,남,65세,상해없음,승용,남,64세,중상
2020082800100073,2020년 8월 28일 07시,금요일,부산광역시 사상구 괘법동,경상사고,0,0,1,0,차량단독 - 기타,안전운전불이행,기타,맑음,기타 - 기타,승합,남,59세,상해없음,,,,
2020082800100098,2020년 8월 28일 08시,금요일,부산광역시 중구 중앙동4가,경상사고,0,0,3,0,차대차 - 측면충돌,안전운전불이행,건조,맑음,단일로 - 기타,화물,남,71세,상해없음,승용,남,41세,경상
2020082800100124,2020년 8월 28일 09시,금요일,부산광역시 남구 대연동,경상사고,0,0,1,0,차대차 - 측면충돌,기타,건조,맑음,교차로 - 교차로부근,승용,남,71세,상해없음,이륜,남,25세,경상
2020082800100125,2020년 8월 28일 09시,금요일,부산광역시 사하구 하단동,중상사고,0,1,0,0,차대사람 - 기타,안전운전불이행,건조,맑음,단일로 - 기타,화물,여,58세,상해없음,보행자,남,63세,중상
2020082800100150,2020년 8월 28일 10시,금요일,부산광역시 부산진구 부전동,부상신고사고,0,0,0,1,차대차 - 기타,안전운전불이행,건조,맑음,단일로 - 기타,이륜,남,23세,부상신고,승용,남,72세,상해없음
2020082800100181,2020년 8월 28일 11시,금요일,부산광역시 금정구 부곡동,경상사고,0,0,1,0,차대차 - 기타,안전운전불이행,건조,맑음,교차로 - 교차로부근,이륜,남,60세,경상,승용,남,31세,상해없음
2020082800100182,2020년 8월 28일 11시,금요일,부산광역시 연제구 연산동,경상사고,0,0,1,0,차대차 - 기타,기타,건조,맑음,단일로 - 기타,자전거,여,72세,경상,승용,여,62세,상해없음
2020082800100213,2020년 8월 28일 12시,금요일,부산광역시 서구 서대신동3가,경상사고,0,0,1,0,차대차 - 추돌,안전운전불이행,건조,맑음,단일로 - 기타,승용,남,46세,상해없음,승용,남,41세,경상
2020082800100214,2020년 8월 28일 12시,금요일,부산광역시 수영구 남천동,경상사고,0,0,2,0,차대차 - 추돌,안전운전불이행,건조,맑음,기타 - 기타,승용,남,76세,상해없음,승용,남,68세,경상
2020082800100215,2020년 8월 28일 12시,금요일,부산광역시 부산진구 가야동,중상사고,0,1,0,0,차대사람 - 횡단중,중앙선침범,건조,맑음,교차로 - 교차로횡단보도내,승용,남,61세,상해없음,보행자,여,55세,중상
2020082800100248,2020년 8월 28일 13시,금요일,부산광역시 강서구 명지동,중상사고,0,1,0,0,차대차 - 측면충돌,불법유턴,건조,맑음,단일로 - 기타,승용,남,40세,상해없음,이륜,남,40세,중상
2020082800100249,2020년 8월 28일 13시,금요일,부산광역시 강서구 대저1동,경상사고,0,0,1,0,차대차 - 정면충돌,안전운전불이행,기타,기타,단일로 - 기타,건설기계,남,48세,상해없음,승용,남,57세,경상
2020082800100282,2020년 8월 28일 14시,금요일,부산광역시 동구 초량동,중상사고,0,1,0,0,차대차 - 기타,교차로운행방법위반,건조,맑음,단일로 - 기타,승용,남,47세,상해없음,이륜,남,44세,중상
2020082800100283,2020년 8월 28일 14시,금요일,부산광역시 사하구 하단동,부상신고사고,0,0,0,1,차대차 - 추돌,안전거리미확보,건조,맑음,단일로 - 기타,이륜,남,39세,부상신고,화물,남,47세,상해없음
2020082800100318,2020년 8월 28일 15시,금요일,부산광역시 남구 대연동,경상사고,0,0,1,0,차대차 - 기타,안전운전불이행,건조,맑음,단일로 - 기타,승용,남,32세,상해없음,이륜,남,40세,경상
2020082800100319,2020년 8월 28일 15시,금요일,부산광역시 연제구 연산동,경상사고,0,0,1,0,차대사람 - 기타,보행자보호의무위반,건조,맑음,단일로 - 기타,승용,여,60세,상해없음,보행자,여,53세,경상
2020082800100320,2020년 8월 28일 15시,금요일,부산광역시 연제구 연산동,부상신고사고,0,0,0,1,차대차 - 기타,교차로운행방법위반,건조,맑음,단일로 - 기타,이륜,남,21세,부상신고,이륜,남,35세,상해없음
2020082800100413,2020년 8월 28일 17시,금요일,부산광역시 동구 초량동,경상사고,0,0,1,0,차대차 - 기타,교차로운행방법위반,건조,맑음,교차로 - 교차로안,승용,남,66세,기타불명,승용,여,61세,경상
2020082800100414,2020년 8월 28일 17시,금요일,부산광역시 부산진구 부전동,경상사고,0,0,1,0,차대사람 - 차도통행중,안전운전불이행,건조,맑음,단일로 - 기타,승용,남,33세,상해없음,보행자,남,18세,경상
2020082800100415,2020년 8월 28일 17시,금요일,부산광역시 사하구 장림동,경상사고,0,0,1,0,차대차 - 추돌,안전운전불이행,건조,맑음,단일로 - 기타,승용,여,38세,상해없음,승용,여,43세,경상
2020082800100466,2020년 8월 28일 18시,금요일,부산광역시 남구 대연동,중상사고,0,1,0,0,차대차 - 측면충돌,교차로운행방법위반,건조,맑음,교차로 - 교차로안,이륜,남,42세,중상,승용,남,43세,상해없음
2020082800100505,2020년 8월 28일 19시,금요일,부산광역시 북구 덕천동,경상사고,0,0,1,0,차대차 - 기타,안전거리미확보,건조,맑음,단일로 - 기타,승합,남,59세,상해없음,승용,남,37세,경상
2020082800100506,2020년 8월 28일 19시,금요일,부산광역시 강서구 봉림동,중상사고,0,1,0,0,차대차 - 기타,안전운전불이행,건조,맑음,교차로 - 교차로부근,승용,남,47세,상해없음,자전거,남,36세,중상
2020082800100616,2020년 8월 28일 22시,금요일,부산광역시 사하구 장림동,경상사고,0,0,1,0,차대차 - 기타,안전운전불이행,건조,맑음,단일로 - 지하차도(도로)내,승용,남,49세,경상,승용,남,61세,상해없음
2020082800100639,2020년 8월 28일 23시,금요일,부산광역시 남구 대연동,경상사고,0,0,1,0,차대차 - 기타,안전운전불이행,젖음/습기,비,교차로 - 교차로부근,승용,남,37세,상해없음,승용,남,49세,경상
2020082900100021,2020년 8월 29일 01시,토요일,부산광역시 수영구 광안동,중상사고,0,1,1,0,차대사람 - 보도통행중,안전운전불이행,젖음/습기,비,기타 - 기타,승용,남,57세,상해없음,보행자,남,33세,중상
2020082900100022,2020년 8월 29일 01시,토요일,부산광역시 사하구 다대동,경상사고,0,0,1,0,차대사람 - 기타,안전운전불이행,젖음/습기,비,단일로 - 기타,승용,남,49세,상해없음,보행자,남,38세,경상
2020082900100023,2020년 8월 29일 01시,토요일,부산광역시 강서구 명지동,중상사고,0,2,0,0,차대사람 - 기타,안전운전불이행,젖음/습기,비,단일로 - 기타,승용,여,47세,상해없음,보행자,여,25세,중상
2020082900100038,2020년 8월 29일 02시,토요일,부산광역시 사하구 하단동,부상신고사고,0,0,0,1,차대차 - 기타,안전운전불이행,젖음/습기,비,단일로 - 기타,이륜,남,26세,부상신고,화물,남,53세,상해없음
2020082900100065,2020년 8월 29일 05시,토요일,부산광역시 부산진구 부암동,중상사고,0,1,0,0,차대차 - 추돌,차로위반,건조,맑음,단일로 - 기타,승용,남,25세,상해없음,원동기,남,54세,중상
2020082900100066,2020년 8월 29일 05시,토요일,부산광역시 사하구 감천동,중상사고,0,1,0,0,차대사람 - 횡단중,신호위반,건조,맑음,교차로 - 교차로횡단보도내,승용,남,56세,상해없음,보행자,남,75세,중상
2020082900100079,2020년 8월 29일 06시,토요일,부산광역시 부산진구 부전동,경상사고,0,0,1,0,차대사람 - 기타,안전운전불이행,건조,맑음,단일로 - 기타,승용,남,22세,상해없음,보행자,남,28세,경상
2020082900100080,2020년 8월 29일 06시,토요일,부산광역시 금정구 청룡동,중상사고,0,1,0,0,차대차 - 측면충돌,신호위반,건조,맑음,교차로 - 교차로안,승용,남,58세,상해없음,승용,남,63세,중상
2020082900100081,2020년 8월 29일 06시,토요일,부산광역시 기장군 정관읍,경상사고,0,0,1,0,차대차 - 기타,안전운전불이행,건조,맑음,단일로 - 기타,승용,여,62세,상해없음,개인형이동수단(PM),남,42세,경상
2020082900100094,2020년 8월 29일 07시,토요일,부산광역시 서구 서대신동2가,부상신고사고,0,0,0,1,차대차 - 측면충돌,직진우회전진행방해,건조,맑음,교차로 - 교차로안,이륜,남,51세,부상신고,승용,남,61세,상해없음
2020082900100095,2020년 8월 29일 07시,토요일,부산광역시 동래구 안락동,경상사고,0,0,1,0,차대차 - 기타,안전거리미확보,건조,맑음,단일로 - 기타,승합,남,50세,상해없음,승용,여,70세,상해없음
2020082900100127,2020년 8월 29일 09시,토요일,부산광역시 부산진구 양정동,중상사고,0,1,1,1,차대차 - 측면충돌,안전운전불이행,건조,맑음,교차로 - 교차로부근,승용,남,69세,부상신고,승용,남,59세,경상
2020082900100128,2020년 8월 29일 09시,토요일,부산광역시 금정구 구서동,부상신고사고,0,0,0,1,차대차 - 추돌,안전운전불이행,건조,맑음,단일로 - 기타,이륜,남,54세,부상신고,화물,남,63세,기타불명
2020082900100153,2020년 8월 29일 10시,토요일,부산광역시 해운대구 반송동,경상사고,0,0,1,0,차대사람 - 횡단중,신호위반,건조,맑음,단일로 - 기타,승용,여,60세,상해없음,보행자,남,51세,경상
2020082900100154,2020년 8월 29일 10시,토요일,부산광역시 부산진구 부전동,경상사고,0,0,1,0,차대차 - 추돌,기타,건조,맑음,교차로 - 교차로부근,건설기계,남,27세,상해없음,승용,남,36세,경상
2020082900100155,2020년 8월 29일 10시,토요일,부산광역시 금정구 부곡동,중상사고,0,3,1,1,차대차 - 추돌,안전거리미확보,건조,맑음,단일로 - 기타,승용,남,58세,부상신고,승용,남,54세,중상
2020082900100156,2020년 8월 29일 10시,토요일,부산광역시 기장군 장안읍,중상사고,0,1,1,0,차대차 - 측면충돌,안전운전불이행,건조,맑음,단일로 - 기타,건설기계,남,45세,상해없음,승용,남,45세,중상
2020082900100225,2020년 8월 29일 12시,토요일,부산광역시 사하구 장림동,경상사고,0,0,1,0,차대차 - 측면충돌,신호위반,건조,맑음,교차로 - 교차로안,승용,여,76세,상해없음,이륜,남,53세,경상
2020082900100257,2020년 8월 29일 13시,토요일,부산광역시 부산진구 부암동,경상사고,0,0,1,1,차대차 - 측면충돌,교차로운행방법위반,젖음/습기,비,교차로 - 교차로부근,승용,여,46세,부상신고,승용,남,37세,경상
2020082900100292,2020년 8월 29일 14시,토요일,부산광역시 동래구 수안동,경상사고,0,0,1,1,차대차 - 측면충돌,안전운전불이행,건조,맑음,단일로 - 기타,화물,남,61세,상해없음,이륜,남,52세,부상신고
2020082900100293,2020년 8월 29일 14시,토요일,부산광역시 해운대구 송정동,경상사고,0,0,2,0,차대차 - 측면충돌,안전거리미확보,건조,맑음,교차로 - 교차로안,승용,여,52세,상해없음,승용,남,50세,경상
2020082900100294,2020년 8월 29일 14시,토요일,부산광역시 연제구 거제동,경상사고,0,0,4,0,차대차 - 측면충돌,안전거리미확보,건조,맑음,교차로 - 교차로안,승용,남,32세,상해없음,승용,남,64세,경상
2020082900100322,2020년 8월 29일 15시,토요일,부산광역시 중구 남포동5가,경상사고,0,0,2,0,차대차 - 측면충돌,신호위반,건조,맑음,단일로 - 기타,승용,남,55세,상해없음,승용,여,55세,경상
2020082900100324,2020년 8월 29일 15시,토요일,부산광역시 부산진구 양정동,경상사고,0,0,2,0,차대차 - 측면충돌,안전거리미확보,건조,맑음,교차로 - 교차로부근,화물,남,27세,상해없음,승합,남,65세,상해없음
2020082900100325,2020년 8월 29일 15시,토요일,부산광역시 연제구 연산동,경상사고,0,0,2,0,차대차 - 측면충돌,안전운전불이행,건조,맑음,교차로 - 교차로부근,승용,남,74세,상해없음,승용,남,68세,경상
2020082900100326,2020년 8월 29일 15시,토요일,부산광역시 기장군 일광면,경상사고,0,0,1,0,차대차 - 기타,신호위반,건조,맑음,단일로 - 기타,승용,여,65세,상해없음,개인형이동수단(PM),남,36세,경상
2020082900100357,2020년 8월 29일 16시,토요일,부산광역시 해운대구 반여동,경상사고,0,0,2,0,차대차 - 추돌,안전운전불이행,건조,맑음,단일로 - 교량,승용,남,43세,상해없음,승용,남,28세,경상
2020082900100358,2020년 8월 29일 16시,토요일,부산광역시 기장군 일광면,중상사고,0,1,6,1,차대차 - 추돌,교차로운행방법위반,건조,맑음,교차로 - 교차로안,승용,여,23세,상해없음,승합,남,37세,경상
2020082900100387,2020년 8월 29일 17시,토요일,부산광역시 남구 문현동,경상사고,0,0,1,0,차대차 - 측면충돌,안전운전불이행,건조,맑음,단일로 - 기타,승용,남,59세,경상,특수,남,69세,상해없음
2020082900100388,2020년 8월 29일 17시,토요일,부산광역시 해운대구 반여동,경상사고,0,0,1,0,차대차 - 측면충돌,직진우회전진행방해,건조,맑음,교차로 - 교차로안,승용,여,42세,상해없음,원동기,남,21세,경상
2020082900100415,2020년 8월 29일 18시,토요일,부산광역시 영도구 청학동,경상사고,0,0,1,0,차대사람 - 횡단중,안전운전불이행,건조,맑음,교차로 - 교차로안,승용,남,68세,상해없음,보행자,여,69세,경상
2020082900100487,2020년 8월 29일 20시,토요일,부산광역시 서구 초장동,경상사고,0,0,2,0,차대차 - 정면충돌,교차로운행방법위반,건조,맑음,교차로 - 교차로안,승용,남,36세,경상,원동기,남,41세,경상
2020082900100488,2020년 8월 29일 20시,토요일,부산광역시 남구 대연동,경상사고,0,0,1,0,차대차 - 측면충돌,안전운전불이행,건조,맑음,단일로 - 기타,승용,여,54세,상해없음,자전거,남,34세,경상
2020082900100489,2020년 8월 29일 20시,토요일,부산광역시 영도구 동삼동,경상사고,0,0,1,0,차대차 - 측면충돌,안전운전불이행,건조,맑음,교차로 - 교차로안,이륜,남,24세,상해없음,이륜,남,43세,경상
2020082900100520,2020년 8월 29일 21시,토요일,부산광역시 해운대구 재송동,경상사고,0,0,1,0,차대차 - 측면충돌,신호위반,건조,맑음,교차로 - 교차로안,승용,남,48세,상해없음,승용,남,63세,경상
2020082900100521,2020년 8월 29일 21시,토요일,부산광역시 연제구 연산동,중상사고,0,2,0,0,차대차 - 정면충돌,신호위반,건조,맑음,교차로 - 교차로안,이륜,남,27세,상해없음,승용,남,54세,중상
2020082900100543,2020년 8월 29일 22시,토요일,부산광역시 금정구 노포동,경상사고,0,0,4,0,차대차 - 기타,중앙선침범,건조,맑음,단일로 - 기타,승용,남,27세,상해없음,승합,남,46세,경상
2020082900100560,2020년 8월 29일 23시,토요일,부산광역시 부산진구 양정동,경상사고,0,0,2,0,차대차 - 정면충돌,중앙선침범,건조,맑음,단일로 - 기타,승용,남,30세,상해없음,승용,남,59세,경상
2020082900100561,2020년 8월 29일 23시,토요일,부산광역시 사상구 괘법동,경상사고,0,0,2,0,차대사람 - 횡단중,안전운전불이행,건조,맑음,교차로 - 교차로안,승용,남,65세,상해없음,보행자,남,24세,경상
2020083000100004,2020년 8월 30일 00시,일요일,부산광역시 북구 화명동,경상사고,0,0,1,0,차대차 - 측면충돌,중앙선침범,건조,맑음,교차로 - 교차로안,개인형이동수단(PM),여,26세,경상,승용,남,48세,상해없음
2020083000100005,2020년 8월 30일 00시,일요일,부산광역시 사하구 하단동,중상사고,0,1,1,0,차대차 - 추돌,안전운전불이행,건조,맑음,단일로 - 기타,승용,여,28세,중상,승용,남,30세,경상
2020083000100071,2020년 8월 30일 07시,일요일,부산광역시 동구 수정동,중상사고,0,1,0,0,차대차 - 기타,교차로운행방법위반,건조,맑음,교차로 - 교차로부근,화물,남,64세,상해없음,승용,남,64세,중상
2020083000100072,2020년 8월 30일 07시,일요일,부산광역시 사하구 장림동,경상사고,0,0,1,0,차대차 - 기타,안전운전불이행,건조,맑음,단일로 - 기타,승용,남,22세,상해없음,자전거,남,66세,경상
2020083000100108,2020년 8월 30일 10시,일요일,부산광역시 부산진구 부암동,중상사고,0,1,0,0,차대사람 - 기타,안전운전불이행,건조,맑음,단일로 - 기타,승용,여,65세,상해없음,보행자,여,60세,중상
2020083000100126,2020년 8월 30일 11시,일요일,부산광역시 남구 감만동,중상사고,0,1,0,0,차대차 - 측면충돌,안전운전불이행,건조,맑음,교차로 - 교차로안,승용,남,46세,상해없음,이륜,여,63세,중상
2020083000100127,2020년 8월 30일 11시,일요일,부산광역시 강서구 지사동,경상사고,0,0,1,0,차대차 - 기타,신호위반,건조,맑음,교차로 - 교차로안,승용,남,64세,상해없음,승용,남,56세,경상
2020083000100142,2020년 8월 30일 12시,일요일,부산광역시 연제구 거제동,중상사고,0,1,0,0,차대차 - 기타,안전운전불이행,건조,맑음,교차로 - 교차로부근,승용,남,39세,상해없음,개인형이동수단(PM),남,49세,중상
2020083000100143,2020년 8월 30일 12시,일요일,부산광역시 연제구 연산동,중상사고,0,1,0,0,차대차 - 기타,교차로운행방법위반,건조,맑음,교차로 - 교차로안,승용,남,62세,상해없음,자전거,남,22세,중상
2020083000100144,2020년 8월 30일 12시,일요일,부산광역시 기장군 일광면,경상사고,0,0,1,0,차대차 - 추돌,차로위반,건조,맑음,교차로 - 교차로안,승용,남,59세,상해없음,이륜,남,35세,경상