사고번호,사고일시,요일,시군구,사고내용,사망자수,중상자수,경상자수,부상신고자수,사고유형,법규위반,노면상태,기상상태,도로형태,가해운전자 차종,가해운전자 성별,가해운전자 연령,가해운전자 상해정도,피해운전자 차종,피해운전자 성별,피해운전자 연령,피해운전자 상해정도
2020083000100194,2020년 8월 30일 14시,일요일,부산광역시 동구 초량동,중상사고,0,1,0,0,차대사람 - 기타,안전운전불이행,건조,맑음,단일로 - 기타,건설기계,남,51세,상해없음,보행자,남,18세,중상
2020083000100195,2020년 8월 30일 14시,일요일,부산광역시 동구 범일동,경상사고,0,0,1,0,차대차 - 기타,신호위반,건조,맑음,교차로 - 교차로안,승용,남,63세,상해없음,원동기,남,17세,경상
2020083000100196,2020년 8월 30일 14시,일요일,부산광역시 사하구 장림동,경상사고,0,0,1,0,차대차 - 측면충돌,불법유턴,건조,맑음,교차로 - 교차로부근,승용,남,46세,상해없음,이륜,남,41세,경상
2020083000100197,2020년 8월 30일 14시,일요일,부산광역시 사상구 학장동,중상사고,0,1,0,0,차대차 - 추돌,안전운전불이행,건조,맑음,단일로 - 기타,원동기,남,31세,상해없음,원동기,남,35세,중상
2020083000100232,2020년 8월 30일 15시,일요일,부산광역시 금정구 구서동,부상신고사고,0,0,0,1,차대차 - 기타,신호위반,건조,맑음,교차로 - 교차로횡단보도내,이륜,남,23세,상해없음,자전거,남,10세,부상신고
2020083000100233,2020년 8월 30일 15시,일요일,부산광역시 기장군 기장읍,경상사고,0,0,1,0,차대차 - 후진중충돌,안전운전불이행,건조,맑음,단일로 - 기타,승용,남,47세,상해없음,이륜,남,38세,경상
2020083000100258,2020년 8월 30일 16시,일요일,부산광역시 기장군 기장읍,경상사고,0,0,1,0,차대차 - 추돌,안전운전불이행,건조,맑음,교차로 - 교차로안,승용,남,26세,상해없음,이륜,남,22세,경상
2020083000100284,2020년 8월 30일 17시,일요일,부산광역시 북구 만덕동,중상사고,0,1,0,0,차대사람 - 횡단중,안전운전불이행,건조,맑음,단일로 - 지하차도(도로)내,승용,남,56세,상해없음,보행자,여,54세,중상
2020083000100285,2020년 8월 30일 17시,일요일,부산광역시 기장군 정관읍,경상사고,0,0,1,0,차대사람 - 횡단중,신호위반,건조,맑음,교차로 - 교차로횡단보도내,승용,남,70세,상해없음,보행자,여,37세,경상
2020083000100311,2020년 8월 30일 18시,일요일,부산광역시 남구 문현동,경상사고,0,0,1,0,차량단독 - 기타,안전운전불이행,건조,맑음,단일로 - 기타,이륜,남,16세,상해없음,,,,
2020083000100340,2020년 8월 30일 19시,일요일,부산광역시 부산진구 가야동,중상사고,0,1,0,0,차대차 - 정면충돌,신호위반,건조,맑음,교차로 - 교차로안,승용,남,68세,상해없음,이륜,남,22세,중상
2020083000100376,2020년 8월 30일 20시,일요일,부산광역시 해운대구 우동,경상사고,0,0,1,0,차대차 - 측면충돌,안전거리미확보,건조,맑음,단일로 - 기타,승용,여,34세,상해없음,이륜,남,42세,경상
2020083000100377,2020년 8월 30일 20시,일요일,부산광역시 금정구 구서동,중상사고,0,1,0,0,차대차 - 기타,안전운전불이행,건조,맑음,단일로 - 기타,화물,남,59세,상해없음,이륜,남,22세,중상
2020083000100396,2020년 8월 30일 21시,일요일,부산광역시 연제구 거제동,중상사고,0,1,0,0,차대차 - 측면충돌,안전운전불이행,건조,맑음,교차로 - 교차로부근,승용,남,38세,상해없음,원동기,남,27세,중상
2020083000100413,2020년 8월 30일 22시,일요일,부산광역시 북구 덕천동,중상사고,0,2,3,0,차대차 - 추돌,안전운전불이행,건조,맑음,단일로 - 기타,승용,남,24세,상해없음,승용,남,21세,경상
2020083000100414,2020년 8월 30일 22시,일요일,부산광역시 사하구 다대동,경상사고,0,0,1,0,차대차 - 기타,신호위반,건조,맑음,교차로 - 교차로안,승용,남,71세,상해없음,이륜,남,30세,경상
2020083100100021,2020년 8월 31일 02시,월요일,부산광역시 부산진구 부전동,경상사고,0,0,1,0,차대차 - 기타,신호위반,건조,맑음,교차로 - 교차로안,승용,남,62세,상해없음,이륜,남,42세,경상
2020083100100025,2020년 8월 31일 03시,월요일,부산광역시 해운대구 반여동,경상사고,0,0,1,0,차대차 - 후진중충돌,안전운전불이행,건조,맑음,단일로 - 기타,승용,남,26세,상해없음,승용,남,35세,경상
2020083100100026,2020년 8월 31일 03시,월요일,부산광역시 사하구 장림동,경상사고,0,0,1,0,차대사람 - 기타,신호위반,건조,맑음,교차로 - 교차로횡단보도내,승용,여,64세,상해없음,보행자,여,31세,경상
2020083100100028,2020년 8월 31일 04시,월요일,부산광역시 금정구 서동,경상사고,0,0,2,0,차대차 - 측면충돌,안전거리미확보,건조,맑음,교차로 - 교차로부근,승용,남,58세,경상,승용,남,65세,경상
2020083100100053,2020년 8월 31일 07시,월요일,부산광역시 서구 암남동,경상사고,0,0,1,0,차대차 - 기타,안전운전불이행,건조,맑음,교차로 - 교차로안,승용,남,54세,상해없음,승용,남,35세,경상
2020083100100054,2020년 8월 31일 07시,월요일,부산광역시 부산진구 개금동,경상사고,0,0,1,1,차대차 - 측면충돌,교차로운행방법위반,건조,맑음,교차로 - 교차로안,승용,남,30세,부상신고,화물,남,28세,경상
2020083100100055,2020년 8월 31일 07시,월요일,부산광역시 사하구 감천동,경상사고,0,0,1,0,차대차 - 기타,중앙선침범,건조,맑음,단일로 - 기타,승용,남,58세,상해없음,승용,남,61세,경상
2020083100100074,2020년 8월 31일 08시,월요일,부산광역시 부산진구 부전동,경상사고,0,0,1,0,차대차 - 측면충돌,신호위반,건조,맑음,교차로 - 교차로안,승용,남,66세,상해없음,이륜,남,47세,경상
2020083100100075,2020년 8월 31일 08시,월요일,부산광역시 연제구 연산동,중상사고,0,1,1,0,차대차 - 추돌,안전운전불이행,건조,맑음,단일로 - 기타,승용,남,33세,상해없음,승용,남,64세,중상
2020083100100111,2020년 8월 31일 09시,월요일,부산광역시 중구 대청동2가,경상사고,0,0,1,0,차대차 - 정면충돌,안전운전불이행,건조,맑음,단일로 - 기타,승용,남,41세,상해없음,승용,남,67세,경상
2020083100100112,2020년 8월 31일 09시,월요일,부산광역시 금정구 구서동,중상사고,0,2,0,0,차대차 - 기타,안전운전불이행,건조,맑음,기타 - 기타,승용,남,31세,상해없음,승용,여,24세,중상
2020083100100143,2020년 8월 31일 10시,월요일,부산광역시 동구 초량동,경상사고,0,0,1,0,차대차 - 기타,중앙선침범,건조,맑음,단일로 - 기타,승용,남,58세,상해없음,이륜,남,47세,경상
2020083100100144,2020년 8월 31일 10시,월요일,부산광역시 남구 문현동,경상사고,0,0,1,0,차대사람 - 횡단중,보행자보호의무위반,건조,맑음,기타 - 기타,승합,남,49세,상해없음,보행자,남,28세,경상
2020083100100170,2020년 8월 31일 11시,월요일,부산광역시 영도구 대교동2가,부상신고사고,0,0,0,1,차대차 - 측면충돌,안전운전불이행,건조,맑음,단일로 - 기타,화물,남,45세,상해없음,이륜,여,64세,상해없음
2020083100100258,2020년 8월 31일 14시,월요일,부산광역시 부산진구 부전동,경상사고,0,0,1,0,차대차 - 측면충돌,안전운전불이행,건조,맑음,단일로 - 기타,원동기,남,47세,경상,승용,남,30세,상해없음
2020083100100259,2020년 8월 31일 14시,월요일,부산광역시 사상구 감전동,경상사고,0,0,2,1,차대차 - 추돌,안전운전불이행,건조,맑음,단일로 - 기타,화물,남,47세,부상신고,화물,남,41세,경상
2020083100100301,2020년 8월 31일 15시,월요일,부산광역시 중구 남포동6가,경상사고,0,0,1,0,차대차 - 측면충돌,교차로운행방법위반,건조,맑음,교차로 - 교차로안,승용,남,63세,상해없음,이륜,남,59세,경상
2020083100100302,2020년 8월 31일 15시,월요일,부산광역시 동구 범일동,부상신고사고,0,0,0,1,차대차 - 기타,안전운전불이행,건조,맑음,교차로 - 교차로안,기타불명,기타불명,미분류,기타불명,개인형이동수단(PM),남,47세,부상신고
2020083100100303,2020년 8월 31일 15시,월요일,부산광역시 수영구 광안동,중상사고,0,1,0,0,차대사람 - 보도통행중,안전운전불이행,건조,맑음,기타 - 기타,화물,남,42세,상해없음,보행자,여,60세,중상
2020083100100304,2020년 8월 31일 15시,월요일,부산광역시 해운대구 중동,중상사고,0,1,0,0,차대사람 - 기타,안전운전불이행,건조,맑음,단일로 - 기타,승합,남,53세,상해없음,보행자,남,16세,중상
2020083100100337,2020년 8월 31일 16시,월요일,부산광역시 사하구 장림동,경상사고,0,0,1,0,차대사람 - 횡단중,보행자보호의무위반,건조,맑음,교차로 - 교차로부근,승용,남,23세,상해없음,보행자,남,48세,경상
2020083100100379,2020년 8월 31일 17시,월요일,부산광역시 북구 금곡동,중상사고,0,1,0,0,차대차 - 정면충돌,안전운전불이행,건조,맑음,교차로 - 교차로안,승용,남,53세,상해없음,이륜,남,40세,중상
2020083100100380,2020년 8월 31일 17시,월요일,부산광역시 사상구 감전동,경상사고,0,0,1,0,차대차 - 측면충돌,안전거리미확보,건조,맑음,단일로 - 교량,승용,여,32세,상해없음,승용,남,57세,경상
2020083100100407,2020년 8월 31일 18시,월요일,부산광역시 수영구 광안동,경상사고,0,0,1,0,차대차 - 기타,직진우회전진행방해,건조,맑음,교차로 - 교차로안,승용,남,26세,상해없음,자전거,남,59세,경상
2020083100100408,2020년 8월 31일 18시,월요일,부산광역시 해운대구 중동,경상사고,0,0,1,0,차대차 - 측면충돌,신호위반,건조,맑음,교차로 - 교차로안,승용,남,22세,상해없음,승용,남,64세,경상
2020083100100409,2020년 8월 31일 18시,월요일,부산광역시 사하구 장림동,경상사고,0,0,1,0,차대차 - 측면충돌,안전운전불이행,건조,맑음,교차로 - 교차로안,승용,남,37세,상해없음,이륜,남,52세,경상
2020083100100454,2020년 8월 31일 19시,월요일,부산광역시 서구 동대신동2가,경상사고,0,0,1,0,차량단독 - 기타,기타,건조,맑음,단일로 - 기타,승합,남,57세,상해없음,,,,
2020083100100455,2020년 8월 31일 19시,월요일,부산광역시 동래구 낙민동,경상사고,0,0,3,0,차대차 - 측면충돌,안전운전불이행,건조,맑음,교차로 - 교차로안,화물,남,70세,경상,승용,남,62세,경상
2020083100100456,2020년 8월 31일 19시,월요일,부산광역시 부산진구 부전동,중상사고,0,1,0,0,차대차 - 기타,중앙선침범,건조,맑음,교차로 - 교차로안,이륜,남,41세,상해없음,승용,남,52세,중상
2020083100100540,2020년 8월 31일 21시,월요일,부산광역시 수영구 남천동,중상사고,0,1,2,0,차대차 - 측면충돌,안전운전불이행,건조,맑음,교차로 - 교차로안,승용,남,45세,상해없음,승용,남,54세,중상
2020083100100541,2020년 8월 31일 21시,월요일,부산광역시 남구 용호동,경상사고,0,0,1,0,차대사람 - 기타,안전운전불이행,건조,맑음,교차로 - 교차로안,이륜,여,33세,상해없음,보행자,남,28세,경상
2020083100100553,2020년 8월 31일 22시,월요일,부산광역시 금정구 금사동,중상사고,0,1,0,1,차대차 - 기타,교차로운행방법위반,건조,맑음,교차로 - 교차로안,승용,여,19세,부상신고,승용,남,48세,중상
2020083100100570,2020년 8월 31일 23시,월요일,부산광역시 중구 보수동1가,중상사고,0,1,0,0,차대사람 - 횡단중,안전운전불이행,건조,맑음,교차로 - 교차로안,승용,남,41세,상해없음,보행자,남,65세,중상
2020090100100001,2020년 9월 1일 00시,화요일,부산광역시 해운대구 재송동,경상사고,0,0,1,0,차대사람 - 기타,안전운전불이행,건조,맑음,단일로 - 기타,승합,남,70세,상해없음,보행자,남,59세,경상
2020090100100009,2020년 9월 1일 01시,화요일,부산광역시 수영구 수영동,중상사고,0,1,0,0,차대차 - 측면충돌,중앙선침범,건조,맑음,기타 - 기타,이륜,남,46세,상해없음,이륜,남,51세,중상
2020090100100017,2020년 9월 1일 03시,화요일,부산광역시 연제구 연산동,경상사고,0,0,1,0,차대사람 - 횡단중,신호위반,건조,맑음,교차로 - 교차로횡단보도내,승용,남,39세,상해없음,보행자,남,47세,경상
2020090100100033,2020년 9월 1일 05시,화요일,부산광역시 강서구 범방동,경상사고,0,0,1,0,차대차 - 추돌,안전운전불이행,건조,맑음,교차로 - 교차로부근,승용,남,54세,상해없음,화물,남,58세,경상
2020090100100053,2020년 9월 1일 07시,화요일,부산광역시 동래구 사직동,경상사고,0,0,1,0,차대차 - 기타,안전운전불이행,건조,맑음,단일로 - 기타,승용,여,44세,상해없음,승용,여,53세,경상
2020090100100137,2020년 9월 1일 10시,화요일,부산광역시 부산진구 범천동,경상사고,0,0,1,0,차대사람 - 보도통행중,기타,건조,맑음,단일로 - 기타,승용,남,53세,상해없음,보행자,남,40세,경상
2020090100100245,2020년 9월 1일 14시,화요일,부산광역시 북구 화명동,경상사고,0,0,1,0,차대차 - 추돌,안전운전불이행,건조,맑음,교차로 - 교차로안,승용,남,75세,상해없음,이륜,남,50세,경상
2020090100100246,2020년 9월 1일 14시,화요일,부산광역시 북구 구포동,경상사고,0,0,1,0,차대차 - 기타,안전운전불이행,건조,맑음,기타 - 기타,승합,여,45세,상해없음,승용,남,26세,경상
2020090100100278,2020년 9월 1일 15시,화요일,부산광역시 서구 서대신동3가,중상사고,0,1,0,0,차대사람 - 차도통행중,안전운전불이행,건조,맑음,교차로 - 교차로안,승용,여,36세,상해없음,보행자,여,43세,중상
2020090100100280,2020년 9월 1일 15시,화요일,부산광역시 부산진구 부전동,경상사고,0,0,1,0,차대사람 - 보도통행중,기타,건조,맑음,단일로 - 기타,이륜,남,41세,상해없음,보행자,남,40세,경상
2020090100100281,2020년 9월 1일 15시,화요일,부산광역시 부산진구 당감동,경상사고,0,0,1,0,차대차 - 기타,안전운전불이행,건조,맑음,단일로 - 기타,승용,남,29세,상해없음,승용,여,57세,기타불명
2020090100100318,2020년 9월 1일 16시,화요일,부산광역시 수영구 광안동,중상사고,0,1,0,0,차대사람 - 기타,기타,건조,맑음,기타 - 기타,승용,남,31세,상해없음,보행자,여,7세,중상
2020090100100319,2020년 9월 1일 16시,화요일,부산광역시 부산진구 부암동,경상사고,0,0,1,0,차대차 - 기타,교차로운행방법위반,건조,기타,교차로 - 교차로부근,화물,남,61세,상해없음,승용,남,69세,경상
2020090100100351,2020년 9월 1일 17시,화요일,부산광역시 동래구 온천동,부상신고사고,0,0,0,1,차대차 - 기타,안전운전불이행,건조,맑음,단일로 - 기타,승용,남,74세,상해없음,이륜,남,60세,부상신고
2020090100100403,2020년 9월 1일 18시,화요일,부산광역시 사상구 엄궁동,중상사고,0,1,0,0,차대차 - 추돌,안전거리미확보,건조,맑음,교차로 - 교차로안,승용,남,61세,상해없음,승용,남,37세,중상
2020090100100476,2020년 9월 1일 20시,화요일,부산광역시 부산진구 범천동,중상사고,0,1,0,0,차대차 - 측면충돌,안전거리미확보,건조,맑음,단일로 - 기타,화물,남,64세,상해없음,이륜,남,31세,중상
2020090100100477,2020년 9월 1일 20시,화요일,부산광역시 부산진구 범천동,중상사고,0,1,0,0,차대차 - 추돌,안전운전불이행,건조,맑음,단일로 - 기타,이륜,남,39세,중상,승용,남,48세,상해없음
2020090100100478,2020년 9월 1일 20시,화요일,부산광역시 수영구 망미동,경상사고,0,0,4,0,차대차 - 추돌,안전운전불이행,건조,흐림,단일로 - 기타,승용,남,54세,상해없음,승용,남,24세,경상
2020090100100479,2020년 9월 1일 20시,화요일,부산광역시 기장군 정관읍,경상사고,0,0,1,0,차대사람 - 기타,안전운전불이행,젖음/습기,비,교차로 - 교차로횡단보도내,승용,남,28세,상해없음,보행자,남,27세,경상
2020090200100027,2020년 9월 2일 04시,수요일,부산광역시 남구 대연동,중상사고,0,1,0,0,차량단독 - 기타,안전운전불이행,건조,맑음,단일로 - 기타,이륜,남,20세,중상,,,,
2020090200100040,2020년 9월 2일 06시,수요일,부산광역시 부산진구 초읍동,부상신고사고,0,0,0,1,차대사람 - 기타,안전운전불이행,건조,맑음,단일로 - 기타,승합,남,40세,상해없음,보행자,남,16세,부상신고
2020090200100079,2020년 9월 2일 08시,수요일,부산광역시 강서구 송정동,중상사고,0,1,1,0,차대차 - 기타,안전운전불이행,젖음/습기,비,교차로 - 교차로부근,화물,남,63세,상해없음,승용,남,65세,경상
2020090200100168,2020년 9월 2일 12시,수요일,부산광역시 중구 중앙동4가,경상사고,0,0,2,0,차대차 - 기타,신호위반,건조,맑음,교차로 - 교차로부근,승용,남,49세,상해없음,승용,남,50세,경상
2020090200100169,2020년 9월 2일 12시,수요일,부산광역시 부산진구 전포동,중상사고,0,1,0,0,차대차 - 측면충돌,신호위반,건조,맑음,교차로 - 교차로안,승용,남,53세,상해없음,이륜,남,48세,중상
2020090200100188,2020년 9월 2일 13시,수요일,부산광역시 중구 중앙동5가,경상사고,0,0,1,0,차대사람 - 기타,안전운전불이행,건조,맑음,단일로 - 기타,화물,남,48세,상해없음,보행자,남,29세,경상
2020090200100189,2020년 9월 2일 13시,수요일,부산광역시 남구 대연동,경상사고,0,0,3,0,차대차 - 추돌,안전거리미확보,건조,맑음,교차로 - 교차로안,승용,남,43세,경상,승용,여,49세,상해없음
2020090200100190,2020년 9월 2일 13시,수요일,부산광역시 북구 덕천동,경상사고,0,0,2,0,차대차 - 기타,안전운전불이행,건조,맑음,단일로 - 기타,승용,남,43세,상해없음,승용,남,59세,경상
2020090200100191,2020년 9월 2일 13시,수요일,부산광역시 사하구 다대동,경상사고,0,0,1,0,차대차 - 기타,안전운전불이행,건조,맑음,교차로 - 교차로부근,이륜,남,37세,경상,승용,남,71세,상해없음
2020090200100240,2020년 9월 2일 15시,수요일,부산광역시 연제구 연산동,중상사고,0,1,0,0,차대사람 - 기타,안전운전불이행,건조,맑음,교차로 - 교차로부근,승합,남,53세,상해없음,보행자,여,19세,중상
2020090200100270,2020년 9월 2일 16시,수요일,부산광역시 남구 대연동,부상신고사고,0,0,0,1,차대차 - 측면충돌,안전운전불이행,건조,맑음,단일로 - 기타,이륜,남,46세,부상신고,화물,남,28세,상해없음
2020090200100271,2020년 9월 2일 16시,수요일,부산광역시 북구 구포동,경상사고,0,0,1,0,차대차 - 추돌,차로위반,젖음/습기,비,기타 - 기타,승용,남,46세,상해없음,승용,여,57세,경상
2020090200100272,2020년 9월 2일 16시,수요일,부산광역시 영도구 남항동2가,중상사고,0,1,0,0,차대차 - 추돌,안전운전불이행,젖음/습기,비,단일로 - 기타,승합,남,46세,상해없음,승용,남,71세,중상
2020090200100273,2020년 9월 2일 16시,수요일,부산광역시 금정구 구서동,경상사고,0,0,1,0,차대사람 - 기타,안전운전불이행,젖음/습기,비,교차로 - 교차로안,화물,여,55세,상해없음,보행자,남,50세,경상
2020090200100274,2020년 9월 2일 16시,수요일,부산광역시 연제구 거제동,중상사고,0,1,0,0,차대사람 - 횡단중,안전운전불이행,젖음/습기,맑음,단일로 - 기타,승용,남,45세,상해없음,보행자,남,8세,중상
2020090200100275,2020년 9월 2일 16시,수요일,부산광역시 기장군 기장읍,경상사고,0,0,1,0,차대차 - 기타,신호위반,건조,맑음,교차로 - 교차로안,승용,남,68세,상해없음,이륜,남,41세,경상
2020090200100304,2020년 9월 2일 17시,수요일,부산광역시 수영구 수영동,경상사고,0,0,1,0,차대차 - 기타,안전운전불이행,젖음/습기,비,단일로 - 기타,승합,남,53세,상해없음,이륜,남,36세,경상
2020090200100305,2020년 9월 2일 17시,수요일,부산광역시 동래구 온천동,경상사고,0,0,1,0,차대사람 - 기타,안전운전불이행,건조,맑음,단일로 - 기타,화물,남,48세,상해없음,보행자,여,55세,경상
2020090200100306,2020년 9월 2일 17시,수요일,부산광역시 금정구 부곡동,경상사고,0,0,1,0,차대차 - 추돌,안전운전불이행,건조,맑음,교차로 - 교차로부근,승용,남,56세,상해없음,화물,남,29세,경상
2020090200100341,2020년 9월 2일 18시,수요일,부산광역시 해운대구 좌동,경상사고,0,0,1,0,차대차 - 측면충돌,신호위반,젖음/습기,흐림,교차로 - 교차로안,승용,여,40세,상해없음,승용,여,47세,경상
2020090200100377,2020년 9월 2일 19시,수요일,부산광역시 수영구 광안동,중상사고,0,1,0,0,차대사람 - 길가장자리구역통행중,안전운전불이행,건조,기타,단일로 - 기타,승용,남,62세,상해없음,보행자,여,81세,중상
2020090200100428,2020년 9월 2일 20시,수요일,부산광역시 해운대구 재송동,부상신고사고,0,0,0,1,차대차 - 측면충돌,신호위반,젖음/습기,비,교차로 - 교차로안,이륜,남,24세,부상신고,승합,남,53세,상해없음
2020090200100429,2020년 9월 2일 20시,수요일,부산광역시 사상구 주례동,경상사고,0,0,1,0,차대차 - 측면충돌,중앙선침범,젖음/습기,비,교차로 - 교차로안,원동기,남,29세,상해없음,승용,남,34세,경상
2020090300100003,2020년 9월 3일 00시,목요일,부산광역시 기장군 철마면,경상사고,0,0,2,0,차대차 - 추돌,안전운전불이행,젖음/습기,비,교차로 - 교차로부근,승용,남,29세,상해없음,승용,남,65세,경상
2020090300100038,2020년 9월 3일 03시,목요일,부산광역시 북구 만덕동,사망사고,1,0,0,0,차량단독 - 공작물충돌,안전운전불이행,젖음/습기,비,단일로 - 기타,승용,여,24세,사망,,,,
2020090300100046,2020년 9월 3일 05시,목요일,부산광역시 부산진구 당감동,사망사고,1,0,0,0,차대사람 - 차도통행중,안전운전불이행,건조,흐림,단일로 - 기타,승용,남,39세,상해없음,보행자,여,78세,사망
2020090300100057,2020년 9월 3일 06시,목요일,부산광역시 사하구 구평동,중상사고,0,1,0,0,차대사람 - 횡단중,보행자보호의무위반,젖음/습기,흐림,교차로 - 교차로횡단보도내,승용,남,48세,상해없음,보행자,여,67세,중상
2020090300100065,2020년 9월 3일 07시,목요일,부산광역시 사하구 하단동,경상사고,0,0,1,0,차대차 - 기타,안전운전불이행,젖음/습기,흐림,단일로 - 기타,승용,남,55세,상해없음,승용,남,32세,경상
2020090300100082,2020년 9월 3일 08시,목요일,부산광역시 동구 초량동,경상사고,0,0,1,0,차대차 - 기타,교차로운행방법위반,건조,맑음,교차로 - 교차로안,승용,남,32세,상해없음,승용,남,50세,상해없음
2020090300100083,2020년 9월 3일 08시,목요일,부산광역시 해운대구 재송동,경상사고,0,0,2,0,차대차 - 측면충돌,안전운전불이행,건조,맑음,단일로 - 기타,승용,남,44세,상해없음,승용,여,50세,경상
2020090300100117,2020년 9월 3일 09시,목요일,부산광역시 수영구 광안동,경상사고,0,0,1,0,차대차 - 기타,안전운전불이행,건조,맑음,교차로 - 교차로안,승용,여,62세,상해없음,승용,남,71세,경상
2020090300100118,2020년 9월 3일 09시,목요일,부산광역시 사하구 신평동,경상사고,0,0,2,0,차대차 - 측면충돌,안전운전불이행,건조,맑음,교차로 - 교차로안,화물,남,61세,상해없음,승용,여,36세,경상
2020090300100119,2020년 9월 3일 09시,목요일,부산광역시 강서구 명지동,경상사고,0,0,1,0,차대차 - 측면충돌,신호위반,건조,맑음,교차로 - 교차로안,화물,남,44세,상해없음,승용,여,25세,경상
2020090300100144,2020년 9월 3일 10시,목요일,부산광역시 동래구 사직동,경상사고,0,0,1,0,차대차 - 측면충돌,안전운전불이행,건조,맑음,단일로 - 기타,승용,남,52세,상해없음,승용,남,39세,경상
2020090300100181,2020년 9월 3일 12시,목요일,부산광역시 사하구 당리동,경상사고,0,0,1,0,차대차 - 기타,안전운전불이행,건조,맑음,단일로 - 기타,승용,남,33세,상해없음,원동기,남,56세,경상
2020090300100182,2020년 9월 3일 12시,목요일,부산광역시 강서구 명지동,중상사고,0,2,0,0,차대차 - 측면충돌,신호위반,건조,맑음,교차로 - 교차로부근,화물,남,51세,중상,이륜,남,39세,중상
2020090300100212,2020년 9월 3일 13시,목요일,부산광역시 남구 대연동,경상사고,0,0,1,0,차대차 - 측면충돌,안전운전불이행,건조,맑음,단일로 - 기타,승용,남,60세,상해없음,승용,남,45세,경상
2020090300100213,2020년 9월 3일 13시,목요일,부산광역시 북구 만덕동,경상사고,0,0,1,0,차대차 - 측면충돌,안전운전불이행,건조,맑음,교차로 - 교차로안,승용,여,50세,상해없음,이륜,남,23세,경상
2020090300100236,2020년 9월 3일 14시,목요일,부산광역시 북구 덕천동,경상사고,0,0,1,1,차대차 - 측면충돌,신호위반,건조,맑음,교차로 - 교차로안,화물,남,65세,부상신고,화물,남,64세,경상
2020090300100237,2020년 9월 3일 14시,목요일,부산광역시 사하구 신평동,중상사고,0,1,0,0,차대차 - 기타,안전운전불이행,건조,맑음,교차로 - 교차로안,화물,남,59세,상해없음,이륜,남,50세,중상
2020090300100276,2020년 9월 3일 15시,목요일,부산광역시 서구 토성동1가,경상사고,0,0,1,0,차대차 - 기타,안전운전불이행,건조,맑음,단일로 - 기타,승용,남,71세,상해없음,이륜,남,30세,경상
2020090300100277,2020년 9월 3일 15시,목요일,부산광역시 서구 서대신동3가,경상사고,0,0,2,1,차대차 - 측면충돌,안전거리미확보,건조,맑음,단일로 - 기타,승용,여,22세,상해없음,승용,남,34세,경상
2020090300100333,2020년 9월 3일 17시,목요일,부산광역시 해운대구 중동,부상신고사고,0,0,0,1,차량단독 - 전도전복 - 전도,안전거리미확보,건조,맑음,단일로 - 기타,이륜,남,46세,부상신고,,,,
2020090300100370,2020년 9월 3일 18시,목요일,부산광역시 부산진구 부전동,부상신고사고,0,0,0,1,차대차 - 기타,안전운전불이행,건조,맑음,단일로 - 기타,이륜,남,48세,부상신고,승용,남,26세,상해없음
2020090300100409,2020년 9월 3일 19시,목요일,부산광역시 수영구 남천동,경상사고,0,0,1,0,차대차 - 측면충돌,교차로운행방법위반,건조,맑음,교차로 - 교차로부근,승용,남,64세,상해없음,승용,남,66세,경상
2020090300100410,2020년 9월 3일 19시,목요일,부산광역시 수영구 광안동,경상사고,0,0,1,0,차대차 - 추돌,안전운전불이행,건조,맑음,단일로 - 기타,승용,남,29세,기타불명,승용,남,38세,상해없음
2020090300100411,2020년 9월 3일 19시,목요일,부산광역시 동래구 안락동,부상신고사고,0,0,0,1,차대차 - 추돌,안전운전불이행,건조,맑음,단일로 - 기타,이륜,남,26세,부상신고,승용,남,40세,상해없음
2020090300100412,2020년 9월 3일 19시,목요일,부산광역시 금정구 남산동,경상사고,0,0,1,0,차대사람 - 횡단중,보행자보호의무위반,건조,맑음,교차로 - 교차로횡단보도내,화물,남,42세,상해없음,보행자,남,59세,경상
2020090300100413,2020년 9월 3일 19시,목요일,부산광역시 금정구 부곡동,중상사고,0,4,0,0,차대차 - 기타,기타,건조,맑음,단일로 - 기타,화물,남,52세,상해없음,승용,남,36세,중상
2020090300100447,2020년 9월 3일 20시,목요일,부산광역시 남구 용호동,경상사고,0,0,1,0,차대차 - 측면충돌,안전거리미확보,건조,맑음,단일로 - 기타,승용,여,48세,상해없음,승용,남,54세,상해없음
2020090300100448,2020년 9월 3일 20시,목요일,부산광역시 강서구 송정동,중상사고,0,2,3,0,차대차 - 추돌,신호위반,건조,맑음,교차로 - 교차로안,승용,여,35세,상해없음,승용,여,35세,경상
2020090300100481,2020년 9월 3일 21시,목요일,부산광역시 부산진구 범전동,중상사고,0,1,0,0,차대차 - 측면충돌,신호위반,건조,맑음,단일로 - 기타,이륜,남,25세,상해없음,이륜,남,49세,중상
2020090300100482,2020년 9월 3일 21시,목요일,부산광역시 사하구 하단동,경상사고,0,0,4,0,차대차 - 기타,안전거리미확보,건조,맑음,단일로 - 기타,승용,남,32세,상해없음,승용,남,36세,경상
2020090300100510,2020년 9월 3일 22시,목요일,부산광역시 서구 암남동,중상사고,0,1,0,0,차량단독 - 기타,안전운전불이행,건조,맑음,단일로 - 기타,승용,여,26세,중상,,,,
2020090300100525,2020년 9월 3일 23시,목요일,부산광역시 서구 서대신동2가,경상사고,0,0,1,0,차대차 - 추돌,안전거리미확보,건조,맑음,단일로 - 기타,승용,남,56세,상해없음,승용,남,24세,경상
2020090300100526,2020년 9월 3일 23시,목요일,부산광역시 수영구 광안동,중상사고,0,1,0,0,차대차 - 추돌,안전운전불이행,건조,맑음,단일로 - 기타,원동기,남,34세,중상,승용,남,68세,상해없음