사고번호,사고일시,요일,시군구,사고내용,사망자수,중상자수,경상자수,부상신고자수,사고유형,법규위반,노면상태,기상상태,도로형태,가해운전자 차종,가해운전자 성별,가해운전자 연령,가해운전자 상해정도,피해운전자 차종,피해운전자 성별,피해운전자 연령,피해운전자 상해정도
2020090800100168,2020년 9월 8일 10시,화요일,부산광역시 사상구 괘법동,경상사고,0,0,1,0,차대사람 - 보도통행중,기타,건조,맑음,단일로 - 기타,기타불명,기타불명,미분류,기타불명,보행자,남,43세,경상
2020090800100232,2020년 9월 8일 12시,화요일,부산광역시 남구 용호동,경상사고,0,0,1,0,차대사람 - 차도통행중,안전운전불이행,건조,맑음,단일로 - 기타,승용,여,26세,상해없음,보행자,남,22세,경상
2020090800100233,2020년 9월 8일 12시,화요일,부산광역시 해운대구 중동,중상사고,0,1,0,0,차대차 - 측면충돌,직진우회전진행방해,건조,맑음,교차로 - 교차로안,승용,여,55세,상해없음,이륜,남,68세,중상
2020090800100264,2020년 9월 8일 13시,화요일,부산광역시 해운대구 재송동,중상사고,0,1,0,0,차대사람 - 횡단중,안전운전불이행,건조,맑음,교차로 - 교차로안,승용,여,47세,상해없음,보행자,여,66세,중상
2020090800100293,2020년 9월 8일 14시,화요일,부산광역시 동래구 사직동,경상사고,0,0,1,0,차대차 - 측면충돌,안전운전불이행,건조,맑음,교차로 - 교차로안,승용,여,60세,상해없음,승용,남,69세,상해없음
2020090800100374,2020년 9월 8일 16시,화요일,부산광역시 남구 대연동,경상사고,0,0,2,0,차대차 - 정면충돌,중앙선침범,건조,맑음,단일로 - 기타,승용,여,73세,상해없음,승용,여,35세,경상
2020090800100375,2020년 9월 8일 16시,화요일,부산광역시 해운대구 반여동,경상사고,0,0,1,0,차대차 - 기타,안전거리미확보,건조,맑음,단일로 - 기타,승용,남,70세,상해없음,승용,남,48세,경상
2020090800100376,2020년 9월 8일 16시,화요일,부산광역시 강서구 명지동,경상사고,0,0,1,0,차대차 - 기타,안전운전불이행,건조,맑음,단일로 - 기타,승용,남,28세,상해없음,화물,남,39세,경상
2020090800100377,2020년 9월 8일 16시,화요일,부산광역시 사상구 감전동,경상사고,0,0,1,0,차대사람 - 기타,교차로운행방법위반,건조,맑음,교차로 - 교차로부근,승용,남,32세,기타불명,보행자,여,33세,경상
2020090800100378,2020년 9월 8일 16시,화요일,부산광역시 기장군 정관읍,중상사고,0,1,0,0,차대차 - 측면충돌,안전운전불이행,건조,맑음,단일로 - 기타,승용,남,38세,상해없음,이륜,남,45세,중상
2020090800100417,2020년 9월 8일 17시,화요일,부산광역시 북구 금곡동,경상사고,0,0,1,0,차대차 - 기타,안전운전불이행,건조,맑음,교차로 - 교차로안,승용,남,64세,상해없음,승용,남,57세,경상
2020090800100418,2020년 9월 8일 17시,화요일,부산광역시 해운대구 중동,경상사고,0,0,1,0,차대차 - 추돌,기타,건조,맑음,단일로 - 기타,승용,남,27세,상해없음,승용,여,29세,경상
2020090800100419,2020년 9월 8일 17시,화요일,부산광역시 부산진구 부전동,중상사고,0,1,0,0,차대차 - 기타,교차로운행방법위반,건조,맑음,교차로 - 교차로안,승용,남,32세,상해없음,승용,남,40세,중상
2020090800100462,2020년 9월 8일 18시,화요일,부산광역시 남구 대연동,경상사고,0,0,1,0,차대사람 - 기타,안전운전불이행,건조,맑음,단일로 - 기타,승용,남,46세,상해없음,보행자,남,45세,경상
2020090800100463,2020년 9월 8일 18시,화요일,부산광역시 북구 화명동,중상사고,0,1,0,0,차대차 - 기타,기타,건조,맑음,단일로 - 기타,화물,남,59세,상해없음,이륜,남,50세,중상
2020090800100464,2020년 9월 8일 18시,화요일,부산광역시 부산진구 범전동,경상사고,0,0,1,0,차대차 - 추돌,안전운전불이행,건조,맑음,교차로 - 교차로횡단보도내,승용,여,36세,상해없음,화물,남,62세,상해없음
2020090800100465,2020년 9월 8일 18시,화요일,부산광역시 연제구 연산동,중상사고,0,1,0,0,차대차 - 기타,신호위반,건조,맑음,교차로 - 교차로안,이륜,여,29세,중상,승용,남,54세,상해없음
2020090800100466,2020년 9월 8일 18시,화요일,부산광역시 강서구 대저1동,부상신고사고,0,0,0,1,차대차 - 기타,안전운전불이행,건조,맑음,교차로 - 교차로안,승용,남,50세,상해없음,화물,여,53세,부상신고
2020090800100506,2020년 9월 8일 19시,화요일,부산광역시 수영구 남천동,중상사고,0,1,1,0,차대사람 - 횡단중,신호위반,건조,맑음,단일로 - 기타,원동기,남,19세,경상,보행자,여,19세,중상
2020090800100507,2020년 9월 8일 19시,화요일,부산광역시 부산진구 양정동,중상사고,0,1,0,0,차대차 - 기타,신호위반,건조,맑음,교차로 - 교차로안,승용,남,39세,상해없음,이륜,남,40세,중상
2020090800100543,2020년 9월 8일 20시,화요일,부산광역시 수영구 광안동,경상사고,0,0,1,0,차대사람 - 횡단중,안전운전불이행,건조,맑음,교차로 - 교차로부근,승용,여,51세,상해없음,보행자,여,48세,경상
2020090800100544,2020년 9월 8일 20시,화요일,부산광역시 사상구 학장동,중상사고,0,1,0,0,차대차 - 측면충돌,차로위반,건조,맑음,단일로 - 기타,화물,남,67세,상해없음,승용,여,38세,중상
2020090800100602,2020년 9월 8일 22시,화요일,부산광역시 강서구 송정동,경상사고,0,0,2,0,차대차 - 추돌,안전운전불이행,건조,맑음,교차로 - 교차로부근,승용,남,30세,상해없음,승용,남,58세,경상
2020090900100004,2020년 9월 9일 00시,수요일,부산광역시 수영구 수영동,중상사고,0,1,0,0,차대사람 - 기타,안전운전불이행,건조,맑음,단일로 - 기타,승용,남,39세,상해없음,보행자,남,50세,중상
2020090900100039,2020년 9월 9일 06시,수요일,부산광역시 영도구 청학동,경상사고,0,0,1,0,차대차 - 측면충돌,직진우회전진행방해,건조,맑음,교차로 - 교차로안,승용,남,71세,상해없음,원동기,남,31세,경상
2020090900100040,2020년 9월 9일 06시,수요일,부산광역시 사하구 장림동,중상사고,0,1,0,0,차대차 - 추돌,안전운전불이행,건조,맑음,단일로 - 기타,승용,남,65세,상해없음,승용,남,34세,중상
2020090900100053,2020년 9월 9일 07시,수요일,부산광역시 연제구 연산동,경상사고,0,0,1,0,차대차 - 측면충돌,기타,젖음/습기,비,단일로 - 기타,화물,남,67세,기타불명,승용,여,28세,경상
2020090900100076,2020년 9월 9일 08시,수요일,부산광역시 남구 감만동,경상사고,0,0,1,0,차대사람 - 보도통행중,기타,젖음/습기,비,교차로 - 교차로부근,이륜,남,61세,상해없음,보행자,여,19세,경상
2020090900100077,2020년 9월 9일 08시,수요일,부산광역시 강서구 명지동,경상사고,0,0,1,0,차대사람 - 기타,안전운전불이행,건조,맑음,교차로 - 교차로안,승용,남,43세,상해없음,보행자,여,28세,경상
2020090900100104,2020년 9월 9일 09시,수요일,부산광역시 동구 수정동,중상사고,0,1,0,0,차대사람 - 차도통행중,안전운전불이행,젖음/습기,흐림,교차로 - 교차로부근,승용,여,57세,상해없음,보행자,여,82세,중상
2020090900100105,2020년 9월 9일 09시,수요일,부산광역시 영도구 청학동,중상사고,0,1,0,0,차대사람 - 길가장자리구역통행중,기타,젖음/습기,비,단일로 - 기타,승용,남,68세,상해없음,보행자,여,53세,중상
2020090900100132,2020년 9월 9일 10시,수요일,부산광역시 북구 덕천동,경상사고,0,0,1,0,차대차 - 추돌,과속,건조,맑음,단일로 - 기타,승용,남,46세,상해없음,승용,여,54세,경상
2020090900100133,2020년 9월 9일 10시,수요일,부산광역시 동래구 안락동,경상사고,0,0,1,0,차대차 - 측면충돌,안전거리미확보,젖음/습기,비,단일로 - 기타,이륜,남,49세,경상,승용,남,35세,상해없음
2020090900100162,2020년 9월 9일 11시,수요일,부산광역시 부산진구 부전동,중상사고,0,1,0,0,차대사람 - 횡단중,보행자보호의무위반,건조,맑음,교차로 - 교차로횡단보도내,승용,남,65세,상해없음,보행자,여,55세,중상
2020090900100163,2020년 9월 9일 11시,수요일,부산광역시 강서구 성북동,경상사고,0,0,1,0,차대차 - 추돌,안전운전불이행,건조,맑음,교차로 - 교차로부근,특수,남,55세,상해없음,승용,남,48세,경상
2020090900100193,2020년 9월 9일 12시,수요일,부산광역시 북구 만덕동,경상사고,0,0,2,0,차대차 - 측면충돌,중앙선침범,건조,맑음,단일로 - 기타,화물,남,44세,상해없음,승용,남,38세,경상
2020090900100194,2020년 9월 9일 12시,수요일,부산광역시 부산진구 범전동,중상사고,0,1,0,0,차대사람 - 횡단중,신호위반,건조,맑음,단일로 - 기타,이륜,남,73세,상해없음,보행자,여,18세,중상
2020090900100195,2020년 9월 9일 12시,수요일,부산광역시 부산진구 부암동,경상사고,0,0,2,0,차대차 - 기타,안전운전불이행,건조,맑음,교차로 - 교차로안,화물,남,65세,상해없음,승합,남,53세,상해없음
2020090900100214,2020년 9월 9일 13시,수요일,부산광역시 금정구 구서동,경상사고,0,0,1,0,차대사람 - 횡단중,보행자보호의무위반,건조,맑음,단일로 - 기타,화물,남,40세,상해없음,보행자,여,58세,경상
2020090900100215,2020년 9월 9일 13시,수요일,부산광역시 강서구 화전동,경상사고,0,0,1,0,차대차 - 기타,안전운전불이행,건조,맑음,단일로 - 기타,승용,남,63세,상해없음,화물,남,47세,경상
2020090900100243,2020년 9월 9일 14시,수요일,부산광역시 수영구 남천동,중상사고,0,1,0,0,차대사람 - 기타,안전운전불이행,건조,맑음,단일로 - 기타,승용,남,76세,상해없음,보행자,남,56세,중상
2020090900100244,2020년 9월 9일 14시,수요일,부산광역시 동래구 수안동,경상사고,0,0,1,0,차대차 - 기타,안전운전불이행,기타,맑음,교차로 - 교차로안,화물,남,59세,기타불명,자전거,남,63세,경상
2020090900100245,2020년 9월 9일 14시,수요일,부산광역시 동래구 명륜동,경상사고,0,0,1,0,차대차 - 추돌,안전운전불이행,건조,맑음,단일로 - 기타,승합,남,48세,상해없음,승용,남,26세,경상
2020090900100246,2020년 9월 9일 14시,수요일,부산광역시 동래구 안락동,경상사고,0,0,2,0,차대차 - 측면충돌,안전운전불이행,건조,맑음,단일로 - 기타,승용,여,58세,상해없음,화물,남,48세,경상
2020090900100284,2020년 9월 9일 15시,수요일,부산광역시 부산진구 가야동,경상사고,0,0,1,0,차대차 - 측면충돌,안전거리미확보,건조,흐림,단일로 - 기타,특수,남,43세,상해없음,승용,남,60세,경상
2020090900100285,2020년 9월 9일 15시,수요일,부산광역시 강서구 대저2동,경상사고,0,0,1,0,차대차 - 추돌,안전운전불이행,건조,맑음,교차로 - 교차로부근,화물,남,48세,상해없음,승용,남,51세,경상
2020090900100315,2020년 9월 9일 16시,수요일,부산광역시 중구 대창동1가,경상사고,0,0,1,0,차대차 - 추돌,안전운전불이행,건조,맑음,교차로 - 교차로부근,승용,남,74세,상해없음,승용,여,45세,경상
2020090900100316,2020년 9월 9일 16시,수요일,부산광역시 남구 문현동,중상사고,0,1,0,0,차대차 - 기타,안전운전불이행,건조,맑음,교차로 - 교차로안,이륜,남,39세,상해없음,승합,남,54세,상해없음
2020090900100342,2020년 9월 9일 17시,수요일,부산광역시 서구 부민동2가,중상사고,0,1,0,0,차대차 - 측면충돌,신호위반,건조,맑음,교차로 - 교차로안,원동기,남,28세,상해없음,원동기,남,69세,중상
2020090900100343,2020년 9월 9일 17시,수요일,부산광역시 강서구 송정동,경상사고,0,0,2,0,차대차 - 측면충돌,불법유턴,건조,맑음,단일로 - 기타,승용,여,30세,기타불명,승용,남,59세,경상
2020090900100394,2020년 9월 9일 18시,수요일,부산광역시 동래구 수안동,경상사고,0,0,1,0,차대차 - 추돌,안전거리미확보,건조,맑음,단일로 - 기타,승용,여,48세,상해없음,승용,여,37세,경상
2020090900100425,2020년 9월 9일 19시,수요일,부산광역시 동구 좌천동,경상사고,0,0,1,0,차대차 - 측면충돌,안전거리미확보,건조,맑음,단일로 - 기타,승용,여,55세,상해없음,승용,남,68세,상해없음
2020090900100426,2020년 9월 9일 19시,수요일,부산광역시 해운대구 우동,경상사고,0,0,1,0,차대차 - 기타,안전거리미확보,건조,맑음,교차로 - 교차로안,승용,남,46세,상해없음,승용,여,52세,경상
2020090900100427,2020년 9월 9일 19시,수요일,부산광역시 부산진구 부암동,경상사고,0,0,1,0,차대차 - 기타,중앙선침범,건조,맑음,단일로 - 기타,승용,여,44세,상해없음,개인형이동수단(PM),여,24세,경상
2020090900100428,2020년 9월 9일 19시,수요일,부산광역시 금정구 금사동,중상사고,0,1,1,0,차대사람 - 횡단중,신호위반,건조,맑음,교차로 - 교차로안,승용,남,74세,상해없음,보행자,여,60세,중상
2020090900100467,2020년 9월 9일 20시,수요일,부산광역시 해운대구 우동,경상사고,0,0,1,0,차대차 - 추돌,안전거리미확보,건조,맑음,단일로 - 기타,승용,남,63세,상해없음,이륜,여,25세,경상
2020090900100468,2020년 9월 9일 20시,수요일,부산광역시 수영구 망미동,중상사고,0,1,0,0,차대차 - 기타,보행자보호의무위반,건조,맑음,교차로 - 교차로횡단보도내,이륜,남,20세,상해없음,승용,남,47세,상해없음
2020090900100494,2020년 9월 9일 21시,수요일,부산광역시 남구 감만동,경상사고,0,0,1,0,차대차 - 기타,안전운전불이행,건조,맑음,단일로 - 고가도로위,승용,남,44세,상해없음,승용,남,40세,경상
2020090900100495,2020년 9월 9일 21시,수요일,부산광역시 금정구 장전동,경상사고,0,0,2,0,차대차 - 기타,안전운전불이행,건조,맑음,단일로 - 기타,승용,남,62세,상해없음,승용,남,36세,경상
2020090900100527,2020년 9월 9일 22시,수요일,부산광역시 부산진구 당감동,경상사고,0,0,2,0,차대차 - 추돌,안전운전불이행,건조,맑음,교차로 - 교차로부근,승용,남,40세,상해없음,승용,남,44세,경상
2020091000100010,2020년 9월 10일 01시,목요일,부산광역시 남구 대연동,중상사고,0,1,0,0,차대차 - 측면충돌,안전운전불이행,건조,맑음,교차로 - 교차로안,승용,남,23세,상해없음,자전거,남,34세,중상
2020091000100011,2020년 9월 10일 01시,목요일,부산광역시 부산진구 부전동,중상사고,0,1,0,0,차대차 - 기타,신호위반,건조,맑음,교차로 - 교차로안,승용,남,50세,상해없음,승용,남,67세,중상
2020091000100032,2020년 9월 10일 06시,목요일,부산광역시 남구 우암동,중상사고,0,1,0,0,차대차 - 기타,안전운전불이행,건조,맑음,교차로 - 교차로부근,화물,남,44세,상해없음,이륜,남,63세,중상
2020091000100033,2020년 9월 10일 06시,목요일,부산광역시 부산진구 전포동,중상사고,0,1,0,0,차대사람 - 차도통행중,안전운전불이행,건조,흐림,단일로 - 기타,자전거,남,65세,상해없음,보행자,여,86세,중상
2020091000100045,2020년 9월 10일 07시,목요일,부산광역시 동구 수정동,경상사고,0,0,1,0,차대사람 - 기타,안전운전불이행,건조,맑음,교차로 - 교차로부근,승용,남,59세,상해없음,보행자,남,50세,경상
2020091000100073,2020년 9월 10일 08시,목요일,부산광역시 동래구 온천동,경상사고,0,0,1,0,차대차 - 기타,안전운전불이행,건조,맑음,교차로 - 교차로안,승용,남,48세,상해없음,승용,여,39세,경상
2020091000100094,2020년 9월 10일 09시,목요일,부산광역시 수영구 광안동,경상사고,0,0,1,0,차대사람 - 길가장자리구역통행중,안전운전불이행,건조,맑음,단일로 - 기타,승용,여,60세,상해없음,보행자,여,48세,경상
2020091000100116,2020년 9월 10일 10시,목요일,부산광역시 남구 대연동,경상사고,0,0,1,0,차대차 - 측면충돌,신호위반,건조,기타,교차로 - 교차로안,원동기,남,75세,상해없음,승용,남,70세,상해없음
2020091000100147,2020년 9월 10일 11시,목요일,부산광역시 동구 좌천동,경상사고,0,0,1,0,차대차 - 기타,안전거리미확보,건조,맑음,단일로 - 기타,승용,남,65세,상해없음,승용,남,52세,상해없음
2020091000100148,2020년 9월 10일 11시,목요일,부산광역시 사상구 덕포동,경상사고,0,0,1,0,차대사람 - 횡단중,보행자보호의무위반,건조,맑음,단일로 - 기타,화물,남,49세,상해없음,보행자,여,61세,경상
2020091000100194,2020년 9월 10일 12시,목요일,부산광역시 중구 신창동4가,경상사고,0,0,1,0,차대차 - 측면충돌,안전운전불이행,건조,맑음,단일로 - 기타,승용,남,57세,상해없음,승용,남,41세,경상
2020091000100195,2020년 9월 10일 12시,목요일,부산광역시 동래구 온천동,중상사고,0,1,0,0,차대차 - 추돌,안전운전불이행,건조,맑음,교차로 - 교차로안,화물,남,40세,상해없음,이륜,남,43세,중상
2020091000100196,2020년 9월 10일 12시,목요일,부산광역시 부산진구 부암동,경상사고,0,0,1,0,차대차 - 측면충돌,안전거리미확보,건조,맑음,단일로 - 지하차도(도로)내,승용,여,39세,상해없음,승용,남,36세,경상
2020091000100226,2020년 9월 10일 13시,목요일,부산광역시 사상구 감전동,중상사고,0,1,0,0,차대차 - 측면충돌,교차로운행방법위반,건조,맑음,교차로 - 교차로안,승용,남,34세,상해없음,원동기,남,36세,중상
2020091000100255,2020년 9월 10일 14시,목요일,부산광역시 부산진구 가야동,중상사고,0,1,0,0,차대사람 - 차도통행중,안전운전불이행,건조,맑음,교차로 - 교차로안,화물,남,47세,상해없음,보행자,여,57세,중상
2020091000100284,2020년 9월 10일 15시,목요일,부산광역시 북구 덕천동,중상사고,0,1,1,0,차대차 - 기타,안전거리미확보,건조,맑음,단일로 - 기타,원동기,남,19세,경상,원동기,남,23세,중상
2020091000100285,2020년 9월 10일 15시,목요일,부산광역시 사하구 다대동,경상사고,0,0,5,0,차대차 - 후진중충돌,안전운전불이행,건조,맑음,단일로 - 기타,승용,여,60세,상해없음,승용,남,60세,경상
2020091000100286,2020년 9월 10일 15시,목요일,부산광역시 수영구 수영동,경상사고,0,0,1,0,차대차 - 추돌,안전운전불이행,건조,맑음,단일로 - 기타,기타불명,기타불명,미분류,기타불명,승용,여,51세,경상
2020091000100313,2020년 9월 10일 16시,목요일,부산광역시 남구 대연동,중상사고,0,1,0,0,차대사람 - 길가장자리구역통행중,안전운전불이행,건조,맑음,교차로 - 교차로안,승용,여,50세,상해없음,보행자,남,68세,중상
2020091000100314,2020년 9월 10일 16시,목요일,부산광역시 부산진구 개금동,경상사고,0,0,2,0,차대차 - 측면충돌,기타,건조,맑음,단일로 - 기타,승용,남,51세,경상,승용,남,72세,경상
2020091000100361,2020년 9월 10일 17시,목요일,부산광역시 남구 용호동,경상사고,0,0,1,0,차대차 - 측면충돌,안전운전불이행,건조,맑음,교차로 - 교차로안,승용,남,45세,상해없음,자전거,남,11세,경상
2020091000100362,2020년 9월 10일 17시,목요일,부산광역시 부산진구 범천동,부상신고사고,0,0,0,1,차량단독 - 전도전복 - 전도,안전운전불이행,건조,맑음,단일로 - 기타,승용,여,39세,부상신고,,,,
2020091000100363,2020년 9월 10일 17시,목요일,부산광역시 수영구 망미동,중상사고,0,1,0,0,차대사람 - 길가장자리구역통행중,안전운전불이행,건조,맑음,단일로 - 기타,승용,남,60세,상해없음,보행자,여,74세,중상
2020091000100364,2020년 9월 10일 17시,목요일,부산광역시 연제구 연산동,경상사고,0,0,1,0,차대차 - 측면충돌,신호위반,건조,맑음,교차로 - 교차로안,승용,여,70세,상해없음,승용,여,51세,경상
2020091000100415,2020년 9월 10일 18시,목요일,부산광역시 금정구 장전동,경상사고,0,0,2,0,차대차 - 추돌,안전운전불이행,건조,맑음,단일로 - 기타,승용,여,50세,상해없음,승용,남,46세,경상
2020091000100416,2020년 9월 10일 18시,목요일,부산광역시 금정구 회동동,경상사고,0,0,1,0,차대차 - 측면충돌,안전거리미확보,건조,맑음,단일로 - 기타,승용,남,77세,상해없음,승용,남,77세,경상
2020091000100417,2020년 9월 10일 18시,목요일,부산광역시 사하구 하단동,경상사고,0,0,1,0,차대사람 - 기타,안전운전불이행,건조,맑음,단일로 - 기타,승용,남,39세,상해없음,보행자,여,36세,경상
2020091000100418,2020년 9월 10일 18시,목요일,부산광역시 사하구 괴정동,경상사고,0,0,1,0,차대차 - 측면충돌,안전거리미확보,건조,맑음,교차로 - 교차로안,승용,남,57세,상해없음,승용,남,38세,경상
2020091000100419,2020년 9월 10일 18시,목요일,부산광역시 사상구 모라동,경상사고,0,0,1,0,차대차 - 기타,안전운전불이행,건조,맑음,단일로 - 기타,이륜,남,45세,경상,승합,남,57세,상해없음
2020091000100420,2020년 9월 10일 18시,목요일,부산광역시 기장군 기장읍,경상사고,0,0,3,0,차대차 - 기타,안전운전불이행,건조,맑음,교차로 - 교차로안,승용,남,56세,경상,승용,여,54세,경상
2020091000100465,2020년 9월 10일 19시,목요일,부산광역시 사상구 괘법동,경상사고,0,0,1,0,차대사람 - 횡단중,안전운전불이행,건조,맑음,단일로 - 기타,이륜,남,29세,상해없음,보행자,여,67세,경상
2020091000100506,2020년 9월 10일 20시,목요일,부산광역시 금정구 구서동,경상사고,0,0,1,0,차대차 - 추돌,안전거리미확보,건조,맑음,단일로 - 기타,승용,여,24세,상해없음,승용,여,25세,경상
2020091000100507,2020년 9월 10일 20시,목요일,부산광역시 사하구 장림동,경상사고,0,0,1,0,차대사람 - 횡단중,안전운전불이행,건조,맑음,단일로 - 기타,승용,남,54세,상해없음,보행자,남,60세,경상
2020091000100529,2020년 9월 10일 21시,목요일,부산광역시 북구 덕천동,경상사고,0,0,1,0,차대차 - 측면충돌,안전거리미확보,건조,맑음,단일로 - 지하차도(도로)내,승용,남,64세,상해없음,이륜,남,34세,경상
2020091000100530,2020년 9월 10일 21시,목요일,부산광역시 연제구 연산동,경상사고,0,0,1,0,차량단독 - 기타,기타,건조,맑음,교차로 - 교차로부근,승합,남,57세,상해없음,,,,
2020091100100005,2020년 9월 11일 00시,금요일,부산광역시 수영구 남천동,경상사고,0,0,1,1,차대차 - 측면충돌,안전운전불이행,건조,기타,단일로 - 기타,승용,남,66세,상해없음,이륜,남,36세,경상
2020091100100033,2020년 9월 11일 05시,금요일,부산광역시 해운대구 좌동,경상사고,0,0,1,0,차대차 - 기타,기타,건조,맑음,단일로 - 기타,승용,남,67세,상해없음,승용,남,63세,상해없음
2020091100100034,2020년 9월 11일 05시,금요일,부산광역시 사상구 학장동,사망사고,1,0,0,0,차대사람 - 기타,과속,건조,맑음,단일로 - 기타,승용,남,63세,상해없음,보행자,남,74세,사망
2020091100100045,2020년 9월 11일 06시,금요일,부산광역시 남구 대연동,중상사고,0,1,0,0,차대사람 - 기타,안전운전불이행,건조,맑음,교차로 - 교차로안,화물,남,40세,상해없음,보행자,남,84세,중상
2020091100100046,2020년 9월 11일 06시,금요일,부산광역시 동래구 온천동,경상사고,0,0,1,0,차대차 - 측면충돌,안전운전불이행,건조,맑음,단일로 - 기타,승용,남,58세,상해없음,승용,남,57세,경상
2020091100100063,2020년 9월 11일 07시,금요일,부산광역시 부산진구 개금동,중상사고,0,1,0,0,차대사람 - 횡단중,보행자보호의무위반,건조,맑음,교차로 - 교차로횡단보도내,승용,남,36세,상해없음,보행자,남,24세,중상
2020091100100064,2020년 9월 11일 07시,금요일,부산광역시 금정구 부곡동,중상사고,0,1,0,0,차대사람 - 기타,안전운전불이행,건조,맑음,교차로 - 교차로횡단보도내,화물,남,34세,상해없음,보행자,남,39세,중상
2020091100100065,2020년 9월 11일 07시,금요일,부산광역시 강서구 대저2동,경상사고,0,0,1,0,차대차 - 측면충돌,교차로운행방법위반,건조,맑음,교차로 - 교차로안,승용,남,37세,상해없음,승용,남,39세,경상
2020091100100087,2020년 9월 11일 08시,금요일,부산광역시 연제구 거제동,경상사고,0,0,2,0,차대차 - 측면충돌,직진우회전진행방해,건조,맑음,교차로 - 교차로안,승용,여,40세,기타불명,승용,여,38세,경상
2020091100100141,2020년 9월 11일 10시,금요일,부산광역시 사상구 엄궁동,경상사고,0,0,1,0,차대차 - 추돌,안전운전불이행,건조,맑음,단일로 - 기타,승용,남,55세,상해없음,승용,여,38세,경상
2020091100100256,2020년 9월 11일 14시,금요일,부산광역시 동래구 안락동,중상사고,0,1,0,0,차대차 - 기타,안전운전불이행,건조,맑음,교차로 - 교차로안,승용,여,51세,상해없음,이륜,남,33세,중상
2020091100100257,2020년 9월 11일 14시,금요일,부산광역시 사하구 당리동,경상사고,0,0,1,0,차대차 - 측면충돌,교차로운행방법위반,건조,맑음,교차로 - 교차로부근,승용,남,25세,경상,승용,남,88세,상해없음
2020091100100258,2020년 9월 11일 14시,금요일,부산광역시 연제구 연산동,경상사고,0,0,1,0,차대차 - 측면충돌,차로위반,젖음/습기,비,단일로 - 기타,승용,여,59세,상해없음,승용,남,42세,경상
2020091100100312,2020년 9월 11일 16시,금요일,부산광역시 수영구 민락동,중상사고,0,1,0,0,차대사람 - 기타,안전운전불이행,건조,맑음,단일로 - 기타,화물,남,48세,상해없음,보행자,여,66세,중상
2020091100100354,2020년 9월 11일 17시,금요일,부산광역시 서구 서대신동3가,중상사고,0,1,0,0,차량단독 - 공작물충돌,안전운전불이행,건조,맑음,단일로 - 기타,승용,남,58세,중상,,,,
2020091100100416,2020년 9월 11일 18시,금요일,부산광역시 북구 덕천동,경상사고,0,0,1,0,차대차 - 기타,안전거리미확보,젖음/습기,흐림,교차로 - 교차로안,승용,남,60세,상해없음,승용,남,68세,상해없음
2020091100100417,2020년 9월 11일 18시,금요일,부산광역시 강서구 명지동,경상사고,0,0,1,0,차대차 - 측면충돌,기타,건조,맑음,교차로 - 교차로안,승용,남,56세,경상,승용,여,35세,상해없음
2020091100100463,2020년 9월 11일 19시,금요일,부산광역시 북구 덕천동,경상사고,0,0,1,0,차대차 - 기타,불법유턴,건조,맑음,단일로 - 기타,화물,남,51세,상해없음,원동기,남,32세,경상
2020091100100464,2020년 9월 11일 19시,금요일,부산광역시 기장군 기장읍,경상사고,0,0,1,0,차대차 - 기타,안전운전불이행,건조,맑음,기타 - 기타,이륜,남,57세,상해없음,자전거,남,18세,경상
2020091100100537,2020년 9월 11일 20시,금요일,부산광역시 서구 남부민동,중상사고,0,1,2,0,차대차 - 정면충돌,교차로운행방법위반,젖음/습기,비,교차로 - 교차로안,승용,남,66세,경상,승용,여,43세,경상
2020091100100538,2020년 9월 11일 20시,금요일,부산광역시 강서구 명지동,경상사고,0,0,1,0,차대차 - 기타,안전운전불이행,건조,맑음,단일로 - 기타,승용,남,65세,상해없음,승용,남,50세,경상
2020091100100583,2020년 9월 11일 21시,금요일,부산광역시 서구 토성동4가,중상사고,0,1,1,0,차대차 - 기타,직진우회전진행방해,건조,흐림,교차로 - 교차로안,원동기,남,63세,중상,원동기,남,24세,경상
2020091100100584,2020년 9월 11일 21시,금요일,부산광역시 서구 초장동,경상사고,0,0,1,0,차대차 - 측면충돌,안전운전불이행,젖음/습기,비,단일로 - 기타,승용,남,40세,상해없음,승용,남,33세,경상
2020091100100585,2020년 9월 11일 21시,금요일,부산광역시 남구 용당동,중상사고,0,1,0,0,차대사람 - 횡단중,기타,젖음/습기,비,단일로 - 기타,승용,남,64세,상해없음,보행자,남,35세,중상
2020091100100586,2020년 9월 11일 21시,금요일,부산광역시 부산진구 당감동,중상사고,0,1,0,0,차대차 - 기타,기타,젖음/습기,비,단일로 - 기타,승용,남,64세,상해없음,이륜,남,54세,중상
2020091100100587,2020년 9월 11일 21시,금요일,부산광역시 부산진구 부전동,경상사고,0,0,1,0,차대사람 - 기타,안전운전불이행,건조,맑음,단일로 - 기타,승용,여,21세,상해없음,보행자,여,26세,경상
2020091100100632,2020년 9월 11일 22시,금요일,부산광역시 동구 초량동,경상사고,0,0,4,0,차대차 - 기타,교차로운행방법위반,젖음/습기,비,교차로 - 교차로안,승용,남,70세,상해없음,승용,남,59세,상해없음
2020091100100633,2020년 9월 11일 22시,금요일,부산광역시 해운대구 우동,경상사고,0,0,1,0,차대사람 - 횡단중,안전운전불이행,젖음/습기,비,교차로 - 교차로횡단보도내,승용,남,56세,상해없음,보행자,남,37세,경상