사고번호,사고일시,요일,시군구,사고내용,사망자수,중상자수,경상자수,부상신고자수,사고유형,법규위반,노면상태,기상상태,도로형태,가해운전자 차종,가해운전자 성별,가해운전자 연령,가해운전자 상해정도,피해운전자 차종,피해운전자 성별,피해운전자 연령,피해운전자 상해정도
2020091900100318,2020년 9월 19일 13시,토요일,부산광역시 사하구 괴정동,경상사고,0,0,1,0,차대사람 - 횡단중,보행자보호의무위반,건조,맑음,단일로 - 기타,승용,여,65세,상해없음,보행자,여,56세,경상
2020091900100371,2020년 9월 19일 14시,토요일,부산광역시 남구 대연동,경상사고,0,0,1,0,차대사람 - 차도통행중,안전운전불이행,건조,맑음,단일로 - 기타,개인형이동수단(PM),남,16세,상해없음,보행자,여,69세,경상
2020091900100410,2020년 9월 19일 15시,토요일,부산광역시 수영구 민락동,경상사고,0,0,2,0,차대차 - 추돌,안전운전불이행,건조,맑음,단일로 - 기타,승용,남,40세,상해없음,승용,남,31세,경상
2020091900100454,2020년 9월 19일 16시,토요일,부산광역시 북구 구포동,경상사고,0,0,1,0,차대차 - 측면충돌,안전운전불이행,건조,맑음,교차로 - 교차로안,승용,남,54세,상해없음,승용,남,28세,경상
2020091900100455,2020년 9월 19일 16시,토요일,부산광역시 부산진구 부암동,경상사고,0,0,1,0,차대차 - 후진중충돌,안전운전불이행,건조,맑음,교차로 - 교차로부근,승용,남,27세,상해없음,승합,남,46세,경상
2020091900100509,2020년 9월 19일 17시,토요일,부산광역시 중구 신창동1가,경상사고,0,0,1,0,차대차 - 기타,안전운전불이행,건조,맑음,단일로 - 기타,승용,여,64세,상해없음,이륜,남,22세,경상
2020091900100510,2020년 9월 19일 17시,토요일,부산광역시 수영구 민락동,경상사고,0,0,1,0,차대차 - 추돌,중앙선침범,건조,맑음,기타 - 기타,이륜,남,22세,상해없음,이륜,남,49세,경상
2020091900100551,2020년 9월 19일 18시,토요일,부산광역시 동래구 안락동,중상사고,0,1,0,0,차량단독 - 기타,안전운전불이행,건조,맑음,단일로 - 기타,승합,남,61세,상해없음,,,,
2020091900100630,2020년 9월 19일 20시,토요일,부산광역시 연제구 연산동,중상사고,0,1,1,0,차대사람 - 횡단중,보행자보호의무위반,건조,맑음,교차로 - 교차로횡단보도내,승용,남,54세,상해없음,보행자,여,66세,경상
2020091900100657,2020년 9월 19일 21시,토요일,부산광역시 북구 화명동,경상사고,0,0,4,1,차대차 - 측면충돌,신호위반,건조,맑음,교차로 - 교차로안,이륜,남,25세,부상신고,승용,여,39세,경상
2020091900100658,2020년 9월 19일 21시,토요일,부산광역시 사상구 감전동,경상사고,0,0,1,0,차대차 - 측면충돌,차로위반,건조,맑음,단일로 - 기타,건설기계,남,55세,상해없음,승용,남,50세,경상
2020091900100659,2020년 9월 19일 21시,토요일,부산광역시 기장군 일광면,부상신고사고,0,0,0,2,차대차 - 기타,안전운전불이행,건조,맑음,교차로 - 교차로안,승용,남,64세,상해없음,기타불명,기타불명,미분류,기타불명
2020091900100683,2020년 9월 19일 22시,토요일,부산광역시 강서구 명지동,경상사고,0,0,2,0,차대차 - 측면충돌,안전운전불이행,건조,맑음,단일로 - 기타,승용,여,57세,상해없음,승용,남,62세,경상
2020092000100046,2020년 9월 20일 03시,일요일,부산광역시 부산진구 양정동,중상사고,0,1,0,0,차대차 - 추돌,안전운전불이행,건조,맑음,단일로 - 기타,승용,여,28세,상해없음,승용,남,61세,중상
2020092000100053,2020년 9월 20일 04시,일요일,부산광역시 사하구 감천동,중상사고,0,1,1,0,차대차 - 기타,안전운전불이행,건조,맑음,교차로 - 교차로부근,이륜,남,25세,중상,승용,남,60세,경상
2020092000100077,2020년 9월 20일 06시,일요일,부산광역시 중구 중앙동4가,경상사고,0,0,1,0,차량단독 - 기타,안전운전불이행,건조,맑음,교차로 - 교차로부근,이륜,남,40세,경상,,,,
2020092000100095,2020년 9월 20일 08시,일요일,부산광역시 동구 범일동,경상사고,0,0,1,0,차대차 - 기타,안전운전불이행,건조,맑음,단일로 - 기타,승용,남,23세,상해없음,승합,남,42세,경상
2020092000100096,2020년 9월 20일 08시,일요일,부산광역시 동래구 온천동,경상사고,0,0,1,0,차대차 - 측면충돌,안전거리미확보,건조,맑음,교차로 - 교차로부근,승용,남,66세,상해없음,승용,남,29세,경상
2020092000100110,2020년 9월 20일 09시,일요일,부산광역시 부산진구 당감동,경상사고,0,0,1,0,차대차 - 기타,안전운전불이행,건조,맑음,단일로 - 기타,승용,여,51세,상해없음,승용,남,59세,상해없음
2020092000100111,2020년 9월 20일 09시,일요일,부산광역시 사하구 괴정동,경상사고,0,0,2,0,차대차 - 추돌,직진우회전진행방해,건조,맑음,교차로 - 교차로안,승용,여,39세,상해없음,승용,남,65세,경상
2020092000100147,2020년 9월 20일 11시,일요일,부산광역시 금정구 회동동,사망사고,1,0,0,0,차대차 - 기타,안전운전불이행,건조,맑음,단일로 - 기타,승용,남,55세,사망,화물,남,45세,기타불명
2020092000100177,2020년 9월 20일 12시,일요일,부산광역시 연제구 거제동,경상사고,0,0,1,0,차대차 - 기타,기타,건조,맑음,단일로 - 기타,승용,여,44세,상해없음,이륜,여,50세,상해없음
2020092000100178,2020년 9월 20일 12시,일요일,부산광역시 연제구 거제동,경상사고,0,0,2,0,차대차 - 추돌,안전운전불이행,건조,맑음,단일로 - 기타,승용,남,75세,상해없음,승용,남,60세,경상
2020092000100211,2020년 9월 20일 13시,일요일,부산광역시 동구 초량동,중상사고,0,1,0,0,차대사람 - 횡단중,보행자보호의무위반,건조,맑음,교차로 - 교차로부근,승용,남,49세,상해없음,보행자,남,84세,중상
2020092000100212,2020년 9월 20일 13시,일요일,부산광역시 기장군 정관읍,경상사고,0,0,2,0,차대차 - 후진중충돌,안전운전불이행,건조,맑음,단일로 - 기타,승용,남,57세,상해없음,승용,남,33세,경상
2020092000100245,2020년 9월 20일 14시,일요일,부산광역시 사상구 괘법동,중상사고,0,1,1,0,차대차 - 기타,안전운전불이행,건조,맑음,교차로 - 교차로안,이륜,남,34세,중상,승용,남,48세,경상
2020092000100292,2020년 9월 20일 15시,일요일,부산광역시 중구 남포동5가,경상사고,0,0,1,0,차대차 - 측면충돌,교차로운행방법위반,건조,맑음,교차로 - 교차로안,승용,여,39세,상해없음,승용,남,32세,경상
2020092000100329,2020년 9월 20일 16시,일요일,부산광역시 사상구 모라동,경상사고,0,0,1,0,차량단독 - 기타,기타,건조,맑음,단일로 - 기타,승합,남,55세,상해없음,,,,
2020092000100370,2020년 9월 20일 17시,일요일,부산광역시 기장군 일광면,중상사고,0,1,0,0,차대차 - 측면충돌,안전거리미확보,건조,맑음,교차로 - 교차로안,승용,남,34세,상해없음,이륜,남,65세,중상
2020092000100404,2020년 9월 20일 18시,일요일,부산광역시 연제구 연산동,경상사고,0,0,1,0,차대차 - 기타,안전운전불이행,건조,맑음,교차로 - 교차로안,이륜,남,50세,상해없음,승용,남,61세,경상
2020092000100427,2020년 9월 20일 19시,일요일,부산광역시 사하구 당리동,경상사고,0,0,1,0,차대사람 - 횡단중,안전운전불이행,건조,맑음,단일로 - 기타,기타불명,기타불명,미분류,기타불명,보행자,여,45세,경상
2020092000100428,2020년 9월 20일 19시,일요일,부산광역시 사하구 괴정동,중상사고,0,1,0,0,차량단독 - 기타,안전운전불이행,기타,기타,교차로 - 교차로부근,이륜,남,34세,중상,,,,
2020092000100462,2020년 9월 20일 20시,일요일,부산광역시 동래구 안락동,경상사고,0,0,1,0,차대차 - 추돌,신호위반,건조,맑음,교차로 - 교차로안,승용,남,51세,상해없음,이륜,남,25세,경상
2020092000100463,2020년 9월 20일 20시,일요일,부산광역시 동래구 사직동,경상사고,0,0,1,0,차대사람 - 기타,안전운전불이행,건조,맑음,단일로 - 기타,승용,여,39세,상해없음,보행자,남,41세,경상
2020092000100464,2020년 9월 20일 20시,일요일,부산광역시 부산진구 가야동,경상사고,0,0,1,0,차량단독 - 전도전복 - 전도,안전운전불이행,건조,맑음,단일로 - 기타,원동기,남,27세,경상,,,,
2020092000100465,2020년 9월 20일 20시,일요일,부산광역시 연제구 연산동,중상사고,0,1,0,0,차대사람 - 보도통행중,안전운전불이행,건조,맑음,단일로 - 기타,자전거,남,75세,상해없음,보행자,남,64세,중상
2020092000100488,2020년 9월 20일 21시,일요일,부산광역시 남구 대연동,중상사고,0,1,0,0,차대차 - 측면충돌,차로위반,건조,맑음,단일로 - 기타,이륜,남,47세,상해없음,원동기,여,23세,중상
2020092000100510,2020년 9월 20일 22시,일요일,부산광역시 부산진구 부전동,경상사고,0,0,2,0,차대차 - 측면충돌,안전운전불이행,건조,맑음,단일로 - 기타,승용,남,59세,상해없음,승용,남,25세,경상
2020092000100511,2020년 9월 20일 22시,일요일,부산광역시 강서구 미음동,경상사고,0,0,1,0,차대차 - 기타,신호위반,건조,맑음,교차로 - 교차로안,승용,남,38세,상해없음,승용,여,54세,경상
2020092000100522,2020년 9월 20일 23시,일요일,부산광역시 부산진구 전포동,중상사고,0,1,0,0,차대차 - 측면충돌,교차로운행방법위반,건조,맑음,교차로 - 교차로안,승용,남,64세,상해없음,원동기,남,26세,중상
2020092100100003,2020년 9월 21일 00시,월요일,부산광역시 사하구 장림동,부상신고사고,0,0,0,1,차대차 - 기타,교차로운행방법위반,건조,맑음,교차로 - 교차로안,이륜,남,57세,부상신고,승용,여,54세,상해없음
2020092100100019,2020년 9월 21일 02시,월요일,부산광역시 동래구 안락동,부상신고사고,0,0,0,1,차대차 - 측면충돌,신호위반,건조,맑음,교차로 - 교차로안,이륜,남,18세,부상신고,승용,여,54세,상해없음
2020092100100033,2020년 9월 21일 05시,월요일,부산광역시 남구 대연동,중상사고,0,1,0,0,차대차 - 측면충돌,신호위반,건조,맑음,교차로 - 교차로안,승용,여,35세,상해없음,승용,남,64세,상해없음
2020092100100045,2020년 9월 21일 06시,월요일,부산광역시 강서구 녹산동,경상사고,0,0,1,0,차대차 - 추돌,안전거리미확보,건조,맑음,단일로 - 기타,특수,남,52세,상해없음,화물,여,53세,경상
2020092100100046,2020년 9월 21일 06시,월요일,부산광역시 사상구 주례동,중상사고,0,1,0,0,차대차 - 추돌,안전운전불이행,건조,맑음,교차로 - 교차로부근,승용,남,62세,상해없음,이륜,남,37세,중상
2020092100100066,2020년 9월 21일 07시,월요일,부산광역시 해운대구 중동,중상사고,0,1,0,0,차대사람 - 횡단중,보행자보호의무위반,건조,맑음,교차로 - 교차로부근,승용,남,56세,상해없음,보행자,남,52세,중상
2020092100100067,2020년 9월 21일 07시,월요일,부산광역시 금정구 구서동,경상사고,0,0,1,0,차대차 - 추돌,안전운전불이행,건조,맑음,단일로 - 기타,승용,여,47세,기타불명,승용,남,63세,경상
2020092100100068,2020년 9월 21일 07시,월요일,부산광역시 사하구 신평동,경상사고,0,0,2,0,차대차 - 기타,중앙선침범,건조,맑음,단일로 - 기타,승용,남,61세,상해없음,승용,남,75세,상해없음
2020092100100069,2020년 9월 21일 07시,월요일,부산광역시 수영구 망미동,경상사고,0,0,1,0,차대차 - 측면충돌,안전거리미확보,건조,맑음,단일로 - 기타,승용,남,36세,상해없음,이륜,남,52세,경상
2020092100100092,2020년 9월 21일 08시,월요일,부산광역시 남구 대연동,경상사고,0,0,1,0,차대차 - 측면충돌,안전거리미확보,건조,맑음,단일로 - 기타,승용,남,29세,상해없음,승용,남,37세,경상
2020092100100093,2020년 9월 21일 08시,월요일,부산광역시 동래구 온천동,경상사고,0,0,1,0,차대차 - 측면충돌,신호위반,건조,맑음,교차로 - 교차로안,화물,남,57세,상해없음,승용,여,55세,경상
2020092100100094,2020년 9월 21일 08시,월요일,부산광역시 해운대구 중동,부상신고사고,0,0,0,1,차대차 - 기타,안전거리미확보,건조,맑음,단일로 - 기타,승합,남,76세,상해없음,승용,남,72세,상해없음
2020092100100095,2020년 9월 21일 08시,월요일,부산광역시 금정구 부곡동,중상사고,0,1,0,0,차대차 - 기타,안전운전불이행,건조,맑음,교차로 - 교차로안,승용,남,66세,상해없음,이륜,남,45세,중상
2020092100100142,2020년 9월 21일 09시,월요일,부산광역시 사상구 괘법동,부상신고사고,0,0,0,1,차대차 - 기타,안전운전불이행,건조,맑음,교차로 - 교차로부근,승용,남,61세,상해없음,이륜,남,57세,부상신고
2020092100100186,2020년 9월 21일 10시,월요일,부산광역시 남구 우암동,경상사고,0,0,1,0,차대차 - 측면충돌,안전운전불이행,건조,맑음,교차로 - 교차로부근,특수,남,58세,상해없음,승용,여,29세,경상
2020092100100187,2020년 9월 21일 10시,월요일,부산광역시 부산진구 부전동,경상사고,0,0,5,0,차대차 - 측면충돌,안전운전불이행,건조,맑음,교차로 - 교차로부근,승용,남,49세,상해없음,화물,남,72세,경상
2020092100100188,2020년 9월 21일 10시,월요일,부산광역시 사하구 구평동,경상사고,0,0,1,0,차대차 - 기타,기타,건조,맑음,단일로 - 기타,특수,남,37세,상해없음,승용,남,47세,경상
2020092100100221,2020년 9월 21일 11시,월요일,부산광역시 북구 구포동,경상사고,0,0,1,0,차대차 - 기타,차로위반,건조,맑음,기타 - 기타,승용,남,60세,상해없음,원동기,남,40세,경상
2020092100100222,2020년 9월 21일 11시,월요일,부산광역시 사하구 하단동,경상사고,0,0,1,0,차대차 - 측면충돌,안전운전불이행,건조,맑음,단일로 - 기타,승용,남,58세,상해없음,자전거,남,88세,경상
2020092100100257,2020년 9월 21일 12시,월요일,부산광역시 연제구 연산동,경상사고,0,0,1,0,차대차 - 기타,직진우회전진행방해,건조,맑음,교차로 - 교차로안,승용,여,53세,상해없음,이륜,남,21세,경상
2020092100100340,2020년 9월 21일 14시,월요일,부산광역시 동래구 안락동,중상사고,0,1,0,0,차대사람 - 횡단중,신호위반,건조,맑음,단일로 - 기타,승용,여,65세,상해없음,보행자,여,12세,중상
2020092100100341,2020년 9월 21일 14시,월요일,부산광역시 강서구 대저1동,중상사고,0,2,0,0,차대차 - 추돌,안전거리미확보,건조,맑음,단일로 - 기타,화물,남,41세,상해없음,화물,남,53세,상해없음
2020092100100342,2020년 9월 21일 14시,월요일,부산광역시 기장군 기장읍,중상사고,0,1,0,0,차대차 - 기타,차로위반,건조,맑음,단일로 - 기타,승용,남,70세,상해없음,화물,남,38세,중상
2020092100100387,2020년 9월 21일 15시,월요일,부산광역시 수영구 민락동,부상신고사고,0,0,0,2,차대차 - 측면충돌,안전운전불이행,건조,맑음,단일로 - 기타,화물,남,61세,상해없음,승용,여,22세,부상신고
2020092100100388,2020년 9월 21일 15시,월요일,부산광역시 부산진구 부전동,중상사고,0,1,0,0,차대사람 - 차도통행중,안전운전불이행,건조,맑음,기타 - 기타,승용,여,46세,상해없음,보행자,여,77세,중상
2020092100100389,2020년 9월 21일 15시,월요일,부산광역시 사하구 하단동,중상사고,0,1,0,0,차대사람 - 기타,중앙선침범,건조,맑음,단일로 - 기타,승용,여,58세,상해없음,보행자,여,7세,중상
2020092100100390,2020년 9월 21일 15시,월요일,부산광역시 연제구 연산동,경상사고,0,0,2,0,차대차 - 추돌,안전운전불이행,건조,맑음,단일로 - 기타,승용,여,60세,상해없음,승용,남,26세,경상
2020092100100391,2020년 9월 21일 15시,월요일,부산광역시 연제구 연산동,경상사고,0,0,1,0,차대차 - 기타,안전운전불이행,건조,맑음,단일로 - 기타,승용,남,67세,상해없음,승용,여,52세,경상
2020092100100434,2020년 9월 21일 16시,월요일,부산광역시 동래구 명장동,경상사고,0,0,1,0,차대차 - 기타,안전운전불이행,건조,맑음,교차로 - 교차로안,승용,남,44세,상해없음,승합,남,60세,상해없음
2020092100100435,2020년 9월 21일 16시,월요일,부산광역시 사상구 감전동,중상사고,0,1,0,0,차대사람 - 기타,안전운전불이행,건조,맑음,교차로 - 교차로부근,화물,남,40세,상해없음,보행자,여,65세,중상
2020092100100491,2020년 9월 21일 17시,월요일,부산광역시 동래구 수안동,경상사고,0,0,1,0,차대사람 - 기타,안전운전불이행,건조,맑음,단일로 - 기타,승용,남,64세,상해없음,보행자,남,64세,경상
2020092100100537,2020년 9월 21일 18시,월요일,부산광역시 동구 좌천동,경상사고,0,0,1,0,차대차 - 측면충돌,안전운전불이행,건조,맑음,단일로 - 기타,승용,남,30세,상해없음,승용,여,36세,경상
2020092100100538,2020년 9월 21일 18시,월요일,부산광역시 남구 대연동,중상사고,0,1,0,0,차대차 - 측면충돌,신호위반,건조,맑음,교차로 - 교차로안,승용,남,44세,상해없음,이륜,남,27세,중상
2020092100100539,2020년 9월 21일 18시,월요일,부산광역시 부산진구 부전동,경상사고,0,0,1,0,차대사람 - 기타,안전운전불이행,건조,맑음,단일로 - 기타,화물,남,70세,상해없음,보행자,남,24세,경상
2020092100100540,2020년 9월 21일 18시,월요일,부산광역시 기장군 기장읍,중상사고,0,1,0,0,차대차 - 기타,교차로운행방법위반,건조,맑음,교차로 - 교차로안,승용,여,52세,상해없음,이륜,남,21세,중상
2020092100100581,2020년 9월 21일 19시,월요일,부산광역시 북구 덕천동,중상사고,0,1,0,0,차대사람 - 기타,안전운전불이행,건조,맑음,단일로 - 기타,승용,남,35세,상해없음,보행자,남,62세,중상
2020092100100582,2020년 9월 21일 19시,월요일,부산광역시 동래구 명륜동,경상사고,0,0,1,0,차대사람 - 기타,안전운전불이행,건조,맑음,단일로 - 기타,승용,남,63세,상해없음,보행자,남,7세,경상
2020092100100583,2020년 9월 21일 19시,월요일,부산광역시 연제구 거제동,중상사고,0,1,0,0,차대사람 - 차도통행중,안전운전불이행,건조,맑음,교차로 - 교차로안,이륜,남,22세,상해없음,보행자,남,83세,중상
2020092100100669,2020년 9월 21일 21시,월요일,부산광역시 중구 보수동1가,중상사고,0,1,0,0,차대차 - 측면충돌,교차로운행방법위반,건조,맑음,교차로 - 교차로안,이륜,남,20세,상해없음,자전거,남,63세,중상
2020092100100670,2020년 9월 21일 21시,월요일,부산광역시 남구 대연동,경상사고,0,0,1,0,차대차 - 측면충돌,안전운전불이행,건조,맑음,기타 - 기타,승용,남,38세,상해없음,이륜,남,26세,경상
2020092100100671,2020년 9월 21일 21시,월요일,부산광역시 부산진구 양정동,경상사고,0,0,1,0,차대차 - 기타,중앙선침범,건조,맑음,단일로 - 기타,이륜,남,43세,상해없음,이륜,남,23세,경상
2020092100100672,2020년 9월 21일 21시,월요일,부산광역시 부산진구 전포동,경상사고,0,0,1,0,차대사람 - 기타,안전운전불이행,건조,맑음,단일로 - 기타,이륜,남,26세,상해없음,보행자,남,31세,경상
2020092100100692,2020년 9월 21일 22시,월요일,부산광역시 동래구 온천동,중상사고,0,1,0,0,차대차 - 측면충돌,안전운전불이행,건조,맑음,단일로 - 기타,이륜,남,22세,중상,승합,남,62세,상해없음
2020092200100002,2020년 9월 22일 00시,화요일,부산광역시 사상구 모라동,경상사고,0,0,1,0,차대사람 - 횡단중,신호위반,건조,맑음,기타 - 기타,이륜,남,16세,상해없음,보행자,여,66세,경상
2020092200100022,2020년 9월 22일 02시,화요일,부산광역시 부산진구 개금동,경상사고,0,0,1,0,차대차 - 기타,안전거리미확보,건조,맑음,단일로 - 기타,이륜,남,31세,상해없음,승용,남,57세,경상
2020092200100043,2020년 9월 22일 05시,화요일,부산광역시 동구 범일동,경상사고,0,0,1,0,차대차 - 기타,안전운전불이행,건조,맑음,교차로 - 교차로안,기타불명,기타불명,미분류,기타불명,승용,남,62세,경상
2020092200100051,2020년 9월 22일 06시,화요일,부산광역시 강서구 범방동,중상사고,0,1,1,0,차대차 - 기타,신호위반,건조,맑음,교차로 - 교차로안,승용,남,40세,상해없음,화물,남,40세,중상
2020092200100077,2020년 9월 22일 07시,화요일,부산광역시 사상구 주례동,경상사고,0,0,1,0,차대차 - 기타,안전운전불이행,건조,맑음,단일로 - 기타,승용,남,44세,상해없음,승용,남,38세,경상
2020092200100107,2020년 9월 22일 08시,화요일,부산광역시 서구 동대신동1가,경상사고,0,0,1,0,차대사람 - 횡단중,안전운전불이행,건조,맑음,교차로 - 교차로안,승용,남,63세,상해없음,보행자,여,26세,경상
2020092200100152,2020년 9월 22일 09시,화요일,부산광역시 사하구 하단동,경상사고,0,0,1,0,차대차 - 측면충돌,교차로운행방법위반,건조,맑음,교차로 - 교차로안,화물,남,32세,상해없음,승용,여,49세,경상
2020092200100223,2020년 9월 22일 11시,화요일,부산광역시 사하구 괴정동,경상사고,0,0,1,0,차대차 - 측면충돌,신호위반,건조,맑음,단일로 - 지하차도(도로)내,승용,남,74세,상해없음,승용,남,44세,경상
2020092200100267,2020년 9월 22일 12시,화요일,부산광역시 남구 대연동,중상사고,0,1,0,0,차대차 - 기타,안전운전불이행,건조,맑음,교차로 - 교차로안,이륜,남,28세,상해없음,이륜,남,38세,중상
2020092200100268,2020년 9월 22일 12시,화요일,부산광역시 북구 구포동,경상사고,0,0,1,0,차대차 - 추돌,안전거리미확보,건조,맑음,단일로 - 기타,화물,남,59세,상해없음,화물,남,66세,상해없음
2020092200100302,2020년 9월 22일 13시,화요일,부산광역시 북구 화명동,중상사고,0,1,0,1,차대차 - 기타,신호위반,건조,맑음,교차로 - 교차로안,이륜,남,18세,부상신고,승용,남,52세,상해없음
2020092200100339,2020년 9월 22일 14시,화요일,부산광역시 연제구 연산동,중상사고,0,1,0,0,차대사람 - 기타,안전운전불이행,건조,맑음,단일로 - 기타,화물,남,60세,상해없음,보행자,여,93세,중상
2020092200100387,2020년 9월 22일 15시,화요일,부산광역시 동구 좌천동,경상사고,0,0,2,0,차대차 - 측면충돌,신호위반,건조,맑음,단일로 - 고가도로위,특수,남,66세,상해없음,승용,여,36세,경상
2020092200100388,2020년 9월 22일 15시,화요일,부산광역시 영도구 동삼동,부상신고사고,0,0,0,1,차대차 - 기타,신호위반,건조,맑음,단일로 - 기타,이륜,남,22세,부상신고,자전거,남,75세,상해없음
2020092200100438,2020년 9월 22일 16시,화요일,부산광역시 수영구 광안동,경상사고,0,0,3,0,차대차 - 측면충돌,차로위반,건조,맑음,단일로 - 기타,이륜,남,27세,경상,승용,여,27세,경상
2020092200100439,2020년 9월 22일 16시,화요일,부산광역시 동래구 온천동,중상사고,0,1,0,0,차대사람 - 기타,보행자보호의무위반,건조,맑음,교차로 - 교차로안,승용,남,76세,상해없음,보행자,여,53세,중상
2020092200100440,2020년 9월 22일 16시,화요일,부산광역시 동래구 온천동,중상사고,0,1,0,0,차대사람 - 기타,보행자보호의무위반,건조,맑음,교차로 - 교차로안,화물,남,36세,상해없음,보행자,여,65세,중상
2020092200100441,2020년 9월 22일 16시,화요일,부산광역시 영도구 대교동2가,경상사고,0,0,2,0,차대차 - 기타,안전운전불이행,건조,맑음,단일로 - 기타,승용,남,68세,상해없음,승합,남,33세,경상
2020092200100503,2020년 9월 22일 17시,화요일,부산광역시 연제구 연산동,경상사고,0,0,1,0,차대차 - 측면충돌,차로위반,건조,맑음,단일로 - 기타,승용,남,47세,상해없음,이륜,남,35세,경상
2020092200100549,2020년 9월 22일 18시,화요일,부산광역시 남구 용호동,부상신고사고,0,0,0,1,차대차 - 측면충돌,안전운전불이행,건조,맑음,교차로 - 교차로부근,원동기,남,17세,부상신고,승용,남,55세,상해없음
2020092200100616,2020년 9월 22일 19시,화요일,부산광역시 남구 대연동,경상사고,0,0,1,0,차대차 - 측면충돌,신호위반,건조,맑음,교차로 - 교차로횡단보도내,승용,남,71세,상해없음,자전거,남,16세,경상
2020092200100617,2020년 9월 22일 19시,화요일,부산광역시 강서구 명지동,경상사고,0,0,2,0,차대차 - 측면충돌,안전운전불이행,건조,맑음,단일로 - 기타,승합,남,47세,상해없음,승용,남,33세,경상
2020092200100687,2020년 9월 22일 21시,화요일,부산광역시 남구 대연동,경상사고,0,0,1,0,차대사람 - 길가장자리구역통행중,안전운전불이행,건조,맑음,단일로 - 기타,승용,여,45세,상해없음,보행자,여,21세,경상
2020092200100704,2020년 9월 22일 22시,화요일,부산광역시 동구 좌천동,경상사고,0,0,1,0,차대차 - 기타,신호위반,건조,맑음,교차로 - 교차로부근,이륜,남,29세,상해없음,이륜,남,53세,경상
2020092200100721,2020년 9월 22일 23시,화요일,부산광역시 금정구 구서동,부상신고사고,0,0,0,1,차대차 - 기타,교차로운행방법위반,건조,맑음,교차로 - 교차로안,승용,여,44세,상해없음,이륜,남,29세,부상신고
2020092300100004,2020년 9월 23일 00시,수요일,부산광역시 부산진구 양정동,경상사고,0,0,1,0,차대차 - 측면충돌,신호위반,건조,맑음,교차로 - 교차로안,승용,남,32세,상해없음,승용,남,47세,경상
2020092300100023,2020년 9월 23일 02시,수요일,부산광역시 해운대구 우동,경상사고,0,0,3,0,차대차 - 측면충돌,교차로운행방법위반,건조,맑음,교차로 - 교차로부근,승용,남,28세,상해없음,승용,남,24세,경상
2020092300100030,2020년 9월 23일 03시,수요일,부산광역시 동구 좌천동,사망사고,1,1,0,0,차량단독 - 기타,안전운전불이행,건조,맑음,단일로 - 기타,이륜,남,19세,중상,,,,
2020092300100039,2020년 9월 23일 05시,수요일,부산광역시 중구 보수동3가,경상사고,0,0,1,0,차대차 - 측면충돌,안전운전불이행,건조,맑음,교차로 - 교차로안,승용,남,64세,상해없음,화물,남,47세,경상
2020092300100040,2020년 9월 23일 05시,수요일,부산광역시 북구 만덕동,중상사고,0,1,0,0,차대차 - 기타,교차로운행방법위반,건조,맑음,교차로 - 교차로안,승용,남,55세,상해없음,이륜,남,50세,중상
2020092300100049,2020년 9월 23일 06시,수요일,부산광역시 금정구 부곡동,경상사고,0,0,1,0,차대차 - 추돌,안전운전불이행,건조,흐림,단일로 - 기타,승용,여,28세,상해없음,승용,남,68세,경상
2020092300100062,2020년 9월 23일 07시,수요일,부산광역시 남구 문현동,중상사고,0,1,0,0,차대사람 - 기타,보행자보호의무위반,건조,맑음,단일로 - 기타,승용,여,28세,상해없음,보행자,남,69세,중상
2020092300100063,2020년 9월 23일 07시,수요일,부산광역시 부산진구 개금동,경상사고,0,0,1,0,차대차 - 측면충돌,교차로운행방법위반,건조,맑음,교차로 - 교차로안,승용,남,37세,상해없음,승용,여,60세,경상
2020092300100091,2020년 9월 23일 08시,수요일,부산광역시 해운대구 우동,경상사고,0,0,1,0,차대차 - 추돌,안전운전불이행,건조,맑음,단일로 - 기타,승용,여,48세,상해없음,승용,여,30세,경상
2020092300100092,2020년 9월 23일 08시,수요일,부산광역시 사하구 하단동,경상사고,0,0,1,0,차대사람 - 보도통행중,보행자보호의무위반,건조,맑음,단일로 - 기타,화물,남,56세,상해없음,보행자,여,26세,경상
2020092300100134,2020년 9월 23일 09시,수요일,부산광역시 금정구 금사동,중상사고,0,1,0,0,차대차 - 측면충돌,교차로운행방법위반,건조,맑음,교차로 - 교차로안,화물,남,54세,상해없음,이륜,여,21세,중상
2020092300100135,2020년 9월 23일 09시,수요일,부산광역시 금정구 부곡동,경상사고,0,0,1,0,차대차 - 추돌,안전운전불이행,건조,맑음,단일로 - 기타,승용,남,57세,기타불명,승용,여,36세,경상
2020092300100173,2020년 9월 23일 10시,수요일,부산광역시 영도구 봉래동4가,경상사고,0,0,1,0,차대차 - 기타,교차로운행방법위반,건조,맑음,교차로 - 교차로안,승용,여,50세,기타불명,화물,남,46세,경상
2020092300100207,2020년 9월 23일 11시,수요일,부산광역시 연제구 거제동,경상사고,0,0,3,0,차대차 - 추돌,안전거리미확보,건조,맑음,교차로 - 교차로안,승용,남,78세,상해없음,승용,남,25세,경상
2020092300100236,2020년 9월 23일 12시,수요일,부산광역시 금정구 금사동,경상사고,0,0,5,0,차대차 - 측면충돌,안전거리미확보,건조,맑음,단일로 - 기타,승용,여,61세,상해없음,승합,남,59세,경상
2020092300100262,2020년 9월 23일 13시,수요일,부산광역시 연제구 연산동,경상사고,0,0,1,0,차대차 - 추돌,안전운전불이행,건조,맑음,단일로 - 기타,승용,남,28세,상해없음,승용,남,53세,경상