사고번호,사고일시,요일,시군구,사고내용,사망자수,중상자수,경상자수,부상신고자수,사고유형,법규위반,노면상태,기상상태,도로형태,가해운전자 차종,가해운전자 성별,가해운전자 연령,가해운전자 상해정도,피해운전자 차종,피해운전자 성별,피해운전자 연령,피해운전자 상해정도
2020092700100058,2020년 9월 27일 04시,일요일,부산광역시 부산진구 부전동,중상사고,0,2,4,0,차대사람 - 기타,안전운전불이행,건조,맑음,단일로 - 기타,승용,남,23세,상해없음,보행자,남,30세,중상
2020092700100067,2020년 9월 27일 05시,일요일,부산광역시 남구 문현동,경상사고,0,0,1,0,차대차 - 측면충돌,안전운전불이행,건조,맑음,단일로 - 기타,화물,남,66세,경상,승용,남,37세,상해없음
2020092700100068,2020년 9월 27일 05시,일요일,부산광역시 수영구 광안동,부상신고사고,0,0,0,1,차대사람 - 기타,안전운전불이행,건조,맑음,단일로 - 기타,기타불명,기타불명,미분류,기타불명,보행자,여,36세,부상신고
2020092700100105,2020년 9월 27일 08시,일요일,부산광역시 북구 화명동,중상사고,0,1,0,0,차대차 - 기타,교차로운행방법위반,건조,맑음,교차로 - 교차로안,화물,남,69세,상해없음,이륜,남,42세,중상
2020092700100133,2020년 9월 27일 10시,일요일,부산광역시 서구 남부민동,경상사고,0,0,1,0,차대차 - 측면충돌,안전운전불이행,건조,맑음,단일로 - 기타,승용,남,50세,상해없음,이륜,남,49세,경상
2020092700100134,2020년 9월 27일 10시,일요일,부산광역시 금정구 구서동,경상사고,0,0,2,0,차대차 - 기타,교차로운행방법위반,건조,맑음,교차로 - 교차로안,화물,남,76세,상해없음,승용,남,50세,경상
2020092700100156,2020년 9월 27일 11시,일요일,부산광역시 금정구 장전동,중상사고,0,1,0,0,차대차 - 측면충돌,신호위반,건조,맑음,교차로 - 교차로안,승용,남,58세,상해없음,승용,여,40세,중상
2020092700100157,2020년 9월 27일 11시,일요일,부산광역시 연제구 연산동,경상사고,0,0,1,0,차대사람 - 기타,안전운전불이행,건조,맑음,단일로 - 기타,승합,남,49세,상해없음,보행자,남,55세,경상
2020092700100188,2020년 9월 27일 12시,일요일,부산광역시 해운대구 우동,경상사고,0,0,1,0,차량단독 - 기타,기타,건조,맑음,단일로 - 기타,승합,남,45세,상해없음,,,,
2020092700100221,2020년 9월 27일 13시,일요일,부산광역시 수영구 민락동,경상사고,0,0,1,0,차대차 - 기타,안전거리미확보,건조,맑음,교차로 - 교차로안,승용,남,43세,상해없음,승용,여,56세,경상
2020092700100222,2020년 9월 27일 13시,일요일,부산광역시 영도구 대교동2가,중상사고,0,1,0,0,차대사람 - 기타,안전운전불이행,건조,맑음,단일로 - 기타,이륜,남,36세,상해없음,보행자,여,55세,중상
2020092700100223,2020년 9월 27일 13시,일요일,부산광역시 연제구 연산동,중상사고,0,1,0,0,차대차 - 측면충돌,신호위반,건조,맑음,교차로 - 교차로안,이륜,여,20세,기타불명,이륜,남,30세,중상
2020092700100262,2020년 9월 27일 14시,일요일,부산광역시 영도구 청학동,중상사고,0,1,0,0,차대사람 - 횡단중,안전운전불이행,건조,맑음,단일로 - 기타,승용,남,28세,상해없음,보행자,여,65세,중상
2020092700100264,2020년 9월 27일 14시,일요일,부산광역시 부산진구 양정동,경상사고,0,0,3,0,차대차 - 추돌,안전운전불이행,건조,맑음,단일로 - 기타,승용,남,40세,상해없음,승용,남,40세,경상
2020092700100265,2020년 9월 27일 14시,일요일,부산광역시 금정구 부곡동,중상사고,0,1,2,4,차대차 - 추돌,안전운전불이행,건조,맑음,단일로 - 터널,승용,남,52세,상해없음,승용,남,45세,경상
2020092700100266,2020년 9월 27일 14시,일요일,부산광역시 연제구 연산동,중상사고,0,1,0,0,차대차 - 측면충돌,교차로운행방법위반,건조,맑음,교차로 - 교차로안,승용,남,54세,상해없음,이륜,남,38세,중상
2020092700100297,2020년 9월 27일 15시,일요일,부산광역시 기장군 장안읍,경상사고,0,0,4,0,차대차 - 추돌,중앙선침범,기타,흐림,단일로 - 기타,승용,남,48세,상해없음,승용,남,66세,경상
2020092700100339,2020년 9월 27일 16시,일요일,부산광역시 사상구 주례동,경상사고,0,0,1,0,차대차 - 추돌,안전거리미확보,기타,맑음,기타 - 기타,승용,남,29세,상해없음,승용,남,57세,경상
2020092700100340,2020년 9월 27일 16시,일요일,부산광역시 기장군 일광면,경상사고,0,0,2,0,차대차 - 추돌,안전운전불이행,건조,맑음,교차로 - 교차로안,승용,여,51세,상해없음,화물,남,53세,경상
2020092700100374,2020년 9월 27일 17시,일요일,부산광역시 수영구 민락동,중상사고,0,1,0,0,차대차 - 측면충돌,안전운전불이행,건조,맑음,교차로 - 교차로안,이륜,여,65세,상해없음,이륜,남,26세,중상
2020092700100375,2020년 9월 27일 17시,일요일,부산광역시 사하구 신평동,부상신고사고,0,0,0,1,차대차 - 기타,안전운전불이행,건조,맑음,단일로 - 기타,승합,남,38세,상해없음,승용,남,24세,부상신고
2020092700100415,2020년 9월 27일 18시,일요일,부산광역시 동래구 온천동,경상사고,0,0,1,0,차대차 - 측면충돌,안전거리미확보,건조,맑음,단일로 - 기타,승용,남,73세,상해없음,승합,남,50세,경상
2020092700100416,2020년 9월 27일 18시,일요일,부산광역시 기장군 기장읍,중상사고,0,2,0,0,차대차 - 측면충돌,안전거리미확보,건조,맑음,단일로 - 기타,승용,여,31세,상해없음,승용,남,32세,중상
2020092700100445,2020년 9월 27일 19시,일요일,부산광역시 서구 충무동1가,경상사고,0,0,1,0,차대사람 - 기타,안전운전불이행,건조,맑음,교차로 - 교차로횡단보도내,승합,남,23세,상해없음,보행자,남,67세,경상
2020092700100512,2020년 9월 27일 21시,일요일,부산광역시 서구 암남동,중상사고,0,1,0,0,차대사람 - 기타,기타,건조,맑음,기타 - 기타,승용,남,51세,상해없음,보행자,남,57세,중상
2020092700100513,2020년 9월 27일 21시,일요일,부산광역시 금정구 서동,중상사고,0,1,0,0,차대차 - 측면충돌,직진우회전진행방해,건조,맑음,교차로 - 교차로안,승용,남,25세,상해없음,원동기,남,45세,중상
2020092700100529,2020년 9월 27일 22시,일요일,부산광역시 강서구 생곡동,중상사고,0,1,0,0,차대사람 - 기타,안전운전불이행,건조,맑음,교차로 - 교차로횡단보도내,승용,남,23세,상해없음,보행자,남,64세,중상
2020092700100547,2020년 9월 27일 23시,일요일,부산광역시 부산진구 가야동,부상신고사고,0,0,0,1,차량단독 - 기타,안전운전불이행,건조,맑음,단일로 - 기타,이륜,남,20세,상해없음,,,,
2020092800100027,2020년 9월 28일 04시,월요일,부산광역시 동래구 명장동,경상사고,0,0,2,0,차대사람 - 횡단중,보행자보호의무위반,건조,맑음,교차로 - 교차로횡단보도내,화물,남,48세,상해없음,보행자,남,43세,경상
2020092800100053,2020년 9월 28일 07시,월요일,부산광역시 동구 좌천동,경상사고,0,0,1,0,차대차 - 측면충돌,안전운전불이행,건조,맑음,교차로 - 교차로안,승용,여,42세,상해없음,승용,여,40세,경상
2020092800100137,2020년 9월 28일 09시,월요일,부산광역시 사상구 주례동,경상사고,0,0,1,0,차대사람 - 차도통행중,안전운전불이행,건조,맑음,단일로 - 기타,화물,남,40세,상해없음,보행자,남,68세,경상
2020092800100174,2020년 9월 28일 10시,월요일,부산광역시 서구 동대신동3가,경상사고,0,0,1,0,차대차 - 측면충돌,차로위반,건조,맑음,교차로 - 교차로부근,화물,남,53세,상해없음,승용,남,66세,경상
2020092800100175,2020년 9월 28일 10시,월요일,부산광역시 북구 구포동,경상사고,0,0,1,0,차대차 - 기타,안전거리미확보,건조,맑음,단일로 - 기타,원동기,남,62세,경상,승용,남,66세,상해없음
2020092800100176,2020년 9월 28일 10시,월요일,부산광역시 해운대구 좌동,중상사고,0,1,0,0,차량단독 - 기타,안전거리미확보,건조,맑음,단일로 - 기타,승합,남,53세,상해없음,,,,
2020092800100212,2020년 9월 28일 11시,월요일,부산광역시 동래구 낙민동,중상사고,0,1,0,0,차대차 - 측면충돌,안전운전불이행,건조,맑음,교차로 - 교차로안,승용,여,49세,상해없음,이륜,남,32세,중상
2020092800100271,2020년 9월 28일 12시,월요일,부산광역시 중구 중앙동4가,경상사고,0,0,1,0,차대차 - 측면충돌,교차로운행방법위반,건조,맑음,교차로 - 교차로안,승용,남,65세,상해없음,승용,남,28세,경상
2020092800100272,2020년 9월 28일 12시,월요일,부산광역시 동래구 온천동,경상사고,0,0,1,0,차대차 - 기타,교차로운행방법위반,건조,맑음,단일로 - 기타,승용,남,63세,상해없음,화물,남,36세,경상
2020092800100273,2020년 9월 28일 12시,월요일,부산광역시 부산진구 개금동,경상사고,0,0,1,0,차대차 - 측면충돌,안전운전불이행,건조,맑음,단일로 - 기타,이륜,남,26세,경상,승용,남,69세,상해없음
2020092800100274,2020년 9월 28일 12시,월요일,부산광역시 부산진구 전포동,부상신고사고,0,0,0,1,차대차 - 기타,안전운전불이행,건조,맑음,교차로 - 교차로안,이륜,남,29세,부상신고,승용,남,24세,상해없음
2020092800100275,2020년 9월 28일 12시,월요일,부산광역시 기장군 일광면,중상사고,0,1,0,0,차대사람 - 기타,안전운전불이행,건조,맑음,교차로 - 교차로부근,화물,남,75세,상해없음,보행자,여,86세,중상
2020092800100316,2020년 9월 28일 13시,월요일,부산광역시 동구 초량동,부상신고사고,0,0,0,1,차대차 - 측면충돌,안전운전불이행,건조,맑음,단일로 - 기타,승용,남,72세,상해없음,이륜,남,34세,부상신고
2020092800100317,2020년 9월 28일 13시,월요일,부산광역시 연제구 거제동,경상사고,0,0,1,0,차대사람 - 기타,안전운전불이행,건조,맑음,단일로 - 기타,승용,여,44세,상해없음,보행자,여,66세,경상
2020092800100359,2020년 9월 28일 14시,월요일,부산광역시 북구 구포동,중상사고,0,1,0,0,차대차 - 기타,안전운전불이행,건조,맑음,교차로 - 교차로안,승용,여,51세,상해없음,원동기,남,30세,중상
2020092800100360,2020년 9월 28일 14시,월요일,부산광역시 부산진구 개금동,중상사고,0,1,0,0,차대차 - 기타,안전거리미확보,건조,맑음,단일로 - 기타,이륜,남,34세,중상,승용,남,79세,상해없음
2020092800100361,2020년 9월 28일 14시,월요일,부산광역시 금정구 오륜동,중상사고,0,1,1,0,차대차 - 기타,차로위반,건조,맑음,단일로 - 기타,승용,여,47세,상해없음,승용,남,60세,중상
2020092800100362,2020년 9월 28일 14시,월요일,부산광역시 사하구 하단동,경상사고,0,0,1,0,차대차 - 기타,신호위반,건조,맑음,교차로 - 교차로안,이륜,남,49세,상해없음,승용,남,78세,경상
2020092800100363,2020년 9월 28일 14시,월요일,부산광역시 사하구 하단동,경상사고,0,0,1,0,차대차 - 기타,안전거리미확보,건조,맑음,단일로 - 지하차도(도로)내,승합,남,66세,상해없음,승합,남,35세,경상
2020092800100364,2020년 9월 28일 14시,월요일,부산광역시 사상구 감전동,경상사고,0,0,1,0,차대차 - 기타,차로위반,건조,맑음,기타 - 기타,화물,남,60세,상해없음,승용,남,30세,경상
2020092800100420,2020년 9월 28일 15시,월요일,부산광역시 수영구 광안동,경상사고,0,0,1,0,차대사람 - 기타,기타,건조,맑음,단일로 - 기타,화물,남,52세,상해없음,보행자,여,58세,경상
2020092800100421,2020년 9월 28일 15시,월요일,부산광역시 남구 용호동,경상사고,0,0,1,0,차대차 - 기타,교차로운행방법위반,건조,맑음,교차로 - 교차로안,승용,여,20세,상해없음,승용,남,35세,경상
2020092800100422,2020년 9월 28일 15시,월요일,부산광역시 영도구 청학동,중상사고,0,1,0,0,차량단독 - 기타,안전운전불이행,건조,맑음,단일로 - 기타,승합,남,61세,상해없음,,,,
2020092800100423,2020년 9월 28일 15시,월요일,부산광역시 부산진구 부전동,경상사고,0,0,1,0,차대차 - 측면충돌,신호위반,건조,맑음,교차로 - 교차로안,화물,남,36세,상해없음,이륜,남,26세,경상
2020092800100424,2020년 9월 28일 15시,월요일,부산광역시 부산진구 부전동,중상사고,0,1,0,0,차량단독 - 기타,안전운전불이행,건조,기타,교차로 - 교차로부근,승합,남,32세,상해없음,,,,
2020092800100425,2020년 9월 28일 15시,월요일,부산광역시 사상구 감전동,경상사고,0,0,1,0,차대차 - 기타,차로위반,건조,맑음,단일로 - 기타,승용,남,44세,상해없음,승합,남,47세,상해없음
2020092800100475,2020년 9월 28일 16시,월요일,부산광역시 수영구 민락동,경상사고,0,0,2,0,차대차 - 측면충돌,안전운전불이행,건조,맑음,단일로 - 기타,이륜,남,61세,경상,승용,남,29세,경상
2020092800100476,2020년 9월 28일 16시,월요일,부산광역시 북구 구포동,경상사고,0,0,1,0,차대차 - 측면충돌,안전운전불이행,건조,맑음,교차로 - 교차로안,승용,남,61세,상해없음,승용,남,66세,경상
2020092800100477,2020년 9월 28일 16시,월요일,부산광역시 수영구 망미동,중상사고,0,1,0,0,차대사람 - 기타,안전운전불이행,건조,맑음,단일로 - 기타,승합,남,42세,상해없음,보행자,남,47세,중상
2020092800100478,2020년 9월 28일 16시,월요일,부산광역시 사상구 주례동,경상사고,0,0,4,0,차대차 - 측면충돌,차로위반,건조,맑음,단일로 - 기타,승용,여,53세,상해없음,화물,남,57세,경상
2020092800100546,2020년 9월 28일 17시,월요일,부산광역시 서구 서대신동2가,중상사고,0,1,0,0,차량단독 - 기타,기타,건조,맑음,단일로 - 기타,승합,남,56세,상해없음,,,,
2020092800100601,2020년 9월 28일 18시,월요일,부산광역시 사하구 하단동,경상사고,0,0,1,0,차대차 - 추돌,안전운전불이행,건조,맑음,교차로 - 교차로안,승용,남,40세,상해없음,승용,남,28세,경상
2020092800100602,2020년 9월 28일 18시,월요일,부산광역시 수영구 망미동,경상사고,0,0,3,0,차대차 - 기타,직진우회전진행방해,건조,맑음,교차로 - 교차로안,승용,남,63세,경상,승용,남,66세,경상
2020092800100603,2020년 9월 28일 18시,월요일,부산광역시 강서구 죽동동,경상사고,0,0,1,0,차대차 - 추돌,안전운전불이행,건조,맑음,단일로 - 기타,화물,남,49세,상해없음,화물,여,57세,경상
2020092800100680,2020년 9월 28일 19시,월요일,부산광역시 동래구 낙민동,부상신고사고,0,0,0,1,차대차 - 측면충돌,안전운전불이행,건조,맑음,교차로 - 교차로안,승용,남,62세,상해없음,자전거,남,48세,부상신고
2020092800100681,2020년 9월 28일 19시,월요일,부산광역시 연제구 연산동,경상사고,0,0,1,0,차대차 - 추돌,교차로운행방법위반,건조,맑음,교차로 - 교차로안,승용,남,44세,상해없음,이륜,남,35세,경상
2020092800100720,2020년 9월 28일 20시,월요일,부산광역시 사상구 괘법동,중상사고,0,1,0,0,차대사람 - 기타,안전운전불이행,건조,맑음,단일로 - 기타,화물,여,46세,상해없음,보행자,남,64세,중상
2020092800100750,2020년 9월 28일 21시,월요일,부산광역시 수영구 광안동,중상사고,0,1,0,0,차대차 - 측면충돌,안전운전불이행,건조,맑음,교차로 - 교차로안,승용,여,61세,상해없음,원동기,남,32세,중상
2020092800100751,2020년 9월 28일 21시,월요일,부산광역시 수영구 민락동,중상사고,0,1,0,0,차대차 - 측면충돌,신호위반,건조,맑음,교차로 - 교차로안,승용,남,63세,상해없음,원동기,남,26세,중상
2020092800100752,2020년 9월 28일 21시,월요일,부산광역시 연제구 연산동,경상사고,0,0,1,1,차대차 - 추돌,신호위반,건조,맑음,교차로 - 교차로부근,승용,남,62세,상해없음,승용,남,34세,경상
2020092800100753,2020년 9월 28일 21시,월요일,부산광역시 사상구 학장동,중상사고,0,2,0,0,차대차 - 측면충돌,차로위반,건조,맑음,단일로 - 기타,승용,남,29세,상해없음,승합,남,45세,상해없음
2020092800100793,2020년 9월 28일 22시,월요일,부산광역시 남구 용호동,중상사고,0,1,1,0,차대차 - 측면충돌,신호위반,건조,맑음,교차로 - 교차로부근,이륜,남,18세,중상,이륜,남,33세,경상
2020092800100822,2020년 9월 28일 23시,월요일,부산광역시 남구 문현동,중상사고,0,1,0,0,차대사람 - 횡단중,안전운전불이행,건조,맑음,단일로 - 기타,승용,남,41세,상해없음,보행자,남,46세,중상
2020092900100006,2020년 9월 29일 00시,화요일,부산광역시 부산진구 범천동,경상사고,0,0,2,0,차대차 - 측면충돌,신호위반,건조,맑음,교차로 - 교차로안,이륜,남,45세,상해없음,승용,남,25세,경상
2020092900100022,2020년 9월 29일 01시,화요일,부산광역시 강서구 명지동,경상사고,0,0,1,0,차대차 - 추돌,안전운전불이행,건조,맑음,교차로 - 교차로부근,승용,남,40세,상해없음,승용,여,21세,경상
2020092900100041,2020년 9월 29일 04시,화요일,부산광역시 수영구 광안동,중상사고,0,1,0,0,차대차 - 측면충돌,안전운전불이행,건조,맑음,교차로 - 교차로안,승용,남,52세,상해없음,이륜,남,49세,중상
2020092900100050,2020년 9월 29일 05시,화요일,부산광역시 영도구 영선동3가,경상사고,0,0,1,0,차량단독 - 기타,기타,건조,맑음,단일로 - 기타,승용,남,68세,상해없음,,,,
2020092900100059,2020년 9월 29일 06시,화요일,부산광역시 강서구 대저1동,중상사고,0,1,0,0,차대차 - 기타,신호위반,건조,맑음,교차로 - 교차로안,건설기계,남,32세,상해없음,승용,남,59세,중상
2020092900100075,2020년 9월 29일 07시,화요일,부산광역시 연제구 연산동,경상사고,0,0,1,0,차대차 - 기타,안전운전불이행,건조,맑음,단일로 - 기타,승용,남,46세,상해없음,기타불명,여,69세,경상
2020092900100076,2020년 9월 29일 07시,화요일,부산광역시 사상구 엄궁동,중상사고,0,1,0,0,차대사람 - 차도통행중,안전운전불이행,건조,맑음,주차장 - 주차장,승용,여,53세,상해없음,보행자,남,72세,중상
2020092900100091,2020년 9월 29일 08시,화요일,부산광역시 부산진구 전포동,경상사고,0,0,1,0,차대차 - 기타,안전운전불이행,건조,맑음,단일로 - 기타,화물,남,43세,상해없음,승용,남,50세,경상
2020092900100134,2020년 9월 29일 09시,화요일,부산광역시 강서구 명지동,중상사고,0,1,0,0,차대사람 - 기타,안전운전불이행,건조,맑음,단일로 - 기타,화물,남,41세,상해없음,보행자,남,62세,중상
2020092900100175,2020년 9월 29일 10시,화요일,부산광역시 남구 용호동,경상사고,0,0,1,0,차대사람 - 기타,안전운전불이행,건조,맑음,교차로 - 교차로안,승용,여,60세,상해없음,보행자,여,75세,경상
2020092900100230,2020년 9월 29일 11시,화요일,부산광역시 사하구 하단동,중상사고,0,1,0,0,차대사람 - 기타,안전운전불이행,건조,맑음,단일로 - 기타,승용,남,39세,상해없음,보행자,여,23세,중상
2020092900100231,2020년 9월 29일 11시,화요일,부산광역시 수영구 망미동,경상사고,0,0,1,0,차대차 - 기타,안전운전불이행,건조,맑음,단일로 - 기타,화물,남,48세,상해없음,자전거,남,56세,경상
2020092900100259,2020년 9월 29일 12시,화요일,부산광역시 동구 초량동,경상사고,0,0,2,0,차대차 - 기타,교차로운행방법위반,건조,맑음,교차로 - 교차로안,화물,남,24세,기타불명,승용,남,74세,경상
2020092900100260,2020년 9월 29일 12시,화요일,부산광역시 수영구 광안동,사망사고,1,0,0,0,차대차 - 기타,안전거리미확보,건조,맑음,단일로 - 기타,이륜,남,62세,사망,화물,남,58세,상해없음
2020092900100261,2020년 9월 29일 12시,화요일,부산광역시 북구 만덕동,경상사고,0,0,1,0,차대차 - 측면충돌,안전운전불이행,건조,맑음,단일로 - 지하차도(도로)내,승용,여,53세,상해없음,승용,남,77세,경상
2020092900100300,2020년 9월 29일 13시,화요일,부산광역시 중구 영주동,경상사고,0,0,1,0,차대차 - 측면충돌,교차로운행방법위반,건조,맑음,교차로 - 교차로안,승용,여,54세,상해없음,승합,남,55세,상해없음
2020092900100301,2020년 9월 29일 13시,화요일,부산광역시 남구 대연동,경상사고,0,0,1,0,차대차 - 측면충돌,안전운전불이행,건조,맑음,단일로 - 기타,건설기계,남,56세,상해없음,화물,남,38세,경상
2020092900100302,2020년 9월 29일 13시,화요일,부산광역시 북구 금곡동,중상사고,0,1,0,0,차대차 - 추돌,안전운전불이행,건조,맑음,단일로 - 기타,자전거,남,48세,상해없음,자전거,남,66세,중상
2020092900100303,2020년 9월 29일 13시,화요일,부산광역시 금정구 남산동,경상사고,0,0,1,0,차대차 - 기타,신호위반,건조,맑음,단일로 - 기타,승용,남,78세,상해없음,승용,남,33세,경상
2020092900100304,2020년 9월 29일 13시,화요일,부산광역시 연제구 연산동,경상사고,0,0,1,0,차대사람 - 차도통행중,안전운전불이행,건조,맑음,단일로 - 기타,승용,남,19세,상해없음,보행자,여,29세,경상
2020092900100359,2020년 9월 29일 14시,화요일,부산광역시 동래구 온천동,경상사고,0,0,1,0,차대차 - 측면충돌,안전운전불이행,건조,맑음,단일로 - 기타,승용,남,71세,상해없음,승용,남,69세,상해없음
2020092900100360,2020년 9월 29일 14시,화요일,부산광역시 금정구 남산동,경상사고,0,0,1,0,차대차 - 측면충돌,안전운전불이행,건조,맑음,단일로 - 기타,승용,남,62세,상해없음,승용,남,27세,경상
2020092900100361,2020년 9월 29일 14시,화요일,부산광역시 사하구 당리동,경상사고,0,0,2,0,차대차 - 측면충돌,안전거리미확보,건조,맑음,교차로 - 교차로안,승용,남,61세,상해없음,승용,남,25세,경상
2020092900100362,2020년 9월 29일 14시,화요일,부산광역시 사하구 신평동,경상사고,0,0,2,0,차대차 - 기타,안전운전불이행,건조,맑음,단일로 - 지하차도(도로)내,승용,남,50세,상해없음,승용,남,65세,경상
2020092900100420,2020년 9월 29일 15시,화요일,부산광역시 서구 서대신동3가,경상사고,0,0,1,0,차대차 - 추돌,안전운전불이행,건조,맑음,단일로 - 기타,승용,남,70세,상해없음,기타불명,기타불명,미분류,기타불명
2020092900100421,2020년 9월 29일 15시,화요일,부산광역시 사하구 장림동,경상사고,0,0,1,0,차대차 - 기타,기타,건조,맑음,단일로 - 기타,승용,남,36세,상해없음,승용,남,65세,경상
2020092900100477,2020년 9월 29일 16시,화요일,부산광역시 해운대구 재송동,경상사고,0,0,1,0,차대사람 - 횡단중,신호위반,건조,맑음,단일로 - 기타,화물,남,42세,상해없음,보행자,남,10세,경상
2020092900100478,2020년 9월 29일 16시,화요일,부산광역시 사하구 구평동,경상사고,0,0,1,0,차대차 - 추돌,안전운전불이행,건조,맑음,단일로 - 기타,승용,남,38세,상해없음,승용,남,55세,경상
2020092900100537,2020년 9월 29일 17시,화요일,부산광역시 부산진구 범천동,경상사고,0,0,1,0,차대차 - 기타,안전거리미확보,건조,맑음,기타 - 기타,승용,여,28세,상해없음,승합,남,39세,경상
2020092900100538,2020년 9월 29일 17시,화요일,부산광역시 금정구 구서동,경상사고,0,0,1,0,차대사람 - 횡단중,보행자보호의무위반,건조,맑음,교차로 - 교차로안,화물,남,71세,상해없음,보행자,남,27세,경상
2020092900100539,2020년 9월 29일 17시,화요일,부산광역시 금정구 부곡동,경상사고,0,0,1,0,차대차 - 기타,안전운전불이행,건조,맑음,단일로 - 기타,자전거,남,45세,상해없음,원동기,남,44세,경상
2020092900100540,2020년 9월 29일 17시,화요일,부산광역시 강서구 대저1동,경상사고,0,0,2,0,차대차 - 측면충돌,안전운전불이행,건조,맑음,단일로 - 기타,승용,남,32세,상해없음,승용,남,56세,경상
2020092900100596,2020년 9월 29일 18시,화요일,부산광역시 서구 남부민동,경상사고,0,0,1,0,차대사람 - 기타,안전운전불이행,건조,맑음,단일로 - 기타,승용,남,56세,상해없음,보행자,남,44세,경상
2020092900100597,2020년 9월 29일 18시,화요일,부산광역시 해운대구 반송동,경상사고,0,0,1,0,차대차 - 기타,안전운전불이행,건조,맑음,교차로 - 교차로안,승용,남,43세,상해없음,원동기,남,16세,경상
2020092900100598,2020년 9월 29일 18시,화요일,부산광역시 부산진구 가야동,중상사고,0,1,0,0,차대차 - 측면충돌,과속,건조,맑음,교차로 - 교차로안,이륜,남,21세,중상,승용,남,44세,상해없음
2020092900100599,2020년 9월 29일 18시,화요일,부산광역시 사하구 신평동,부상신고사고,0,0,0,1,차대사람 - 보도통행중,기타,건조,맑음,단일로 - 기타,자전거,남,30세,부상신고,보행자,여,57세,상해없음
2020092900100600,2020년 9월 29일 18시,화요일,부산광역시 연제구 연산동,경상사고,0,0,2,0,차대차 - 기타,안전거리미확보,건조,맑음,교차로 - 교차로횡단보도내,화물,남,54세,상해없음,승용,남,32세,경상
2020092900100601,2020년 9월 29일 18시,화요일,부산광역시 수영구 수영동,경상사고,0,0,1,0,차대차 - 추돌,안전운전불이행,건조,맑음,단일로 - 기타,승용,여,45세,상해없음,승용,남,53세,경상
2020092900100655,2020년 9월 29일 19시,화요일,부산광역시 동래구 명장동,부상신고사고,0,0,0,1,차량단독 - 기타,안전운전불이행,건조,맑음,단일로 - 기타,승합,남,63세,상해없음,,,,
2020092900100656,2020년 9월 29일 19시,화요일,부산광역시 금정구 회동동,경상사고,0,0,1,0,차대사람 - 기타,불법유턴,건조,맑음,단일로 - 기타,승용,여,65세,상해없음,보행자,여,55세,경상
2020092900100710,2020년 9월 29일 20시,화요일,부산광역시 부산진구 부전동,경상사고,0,0,1,0,차대차 - 측면충돌,안전운전불이행,건조,맑음,단일로 - 기타,이륜,남,24세,상해없음,승용,남,28세,경상
2020092900100796,2020년 9월 29일 22시,화요일,부산광역시 남구 감만동,중상사고,0,1,0,0,차량단독 - 공작물충돌,안전운전불이행,건조,맑음,단일로 - 기타,화물,남,34세,중상,,,,
2020092900100797,2020년 9월 29일 22시,화요일,부산광역시 해운대구 우동,경상사고,0,0,1,0,차대차 - 측면충돌,교차로운행방법위반,건조,맑음,교차로 - 교차로안,승용,여,50세,상해없음,승용,남,71세,경상
2020092900100798,2020년 9월 29일 22시,화요일,부산광역시 사상구 엄궁동,경상사고,0,0,4,0,차대차 - 측면충돌,과속,건조,맑음,단일로 - 기타,승용,남,22세,경상,승용,여,44세,경상
2020092900100821,2020년 9월 29일 23시,화요일,부산광역시 서구 토성동1가,경상사고,0,0,1,0,차대차 - 측면충돌,안전운전불이행,건조,맑음,교차로 - 교차로안,원동기,남,24세,경상,원동기,남,15세,상해없음
2020093000100061,2020년 9월 30일 04시,수요일,부산광역시 부산진구 부전동,중상사고,0,1,2,0,차대차 - 기타,안전운전불이행,건조,맑음,단일로 - 기타,승용,남,75세,상해없음,이륜,남,20세,중상
2020093000100070,2020년 9월 30일 05시,수요일,부산광역시 금정구 구서동,경상사고,0,0,1,0,차대사람 - 기타,안전운전불이행,건조,맑음,교차로 - 교차로안,승용,남,63세,상해없음,보행자,여,61세,경상
2020093000100098,2020년 9월 30일 08시,수요일,부산광역시 부산진구 부전동,경상사고,0,0,2,0,차대차 - 측면충돌,신호위반,건조,맑음,교차로 - 교차로안,승용,남,40세,상해없음,승용,남,63세,경상
2020093000100099,2020년 9월 30일 08시,수요일,부산광역시 연제구 거제동,중상사고,0,1,0,0,차대차 - 측면충돌,안전운전불이행,건조,맑음,교차로 - 교차로부근,승용,남,40세,상해없음,승용,남,47세,중상
2020093000100122,2020년 9월 30일 09시,수요일,부산광역시 수영구 민락동,경상사고,0,0,1,0,차대차 - 측면충돌,직진우회전진행방해,건조,맑음,교차로 - 교차로안,화물,남,44세,기타불명,승용,남,64세,경상
2020093000100124,2020년 9월 30일 09시,수요일,부산광역시 영도구 봉래동1가,경상사고,0,0,2,0,차대차 - 후진중충돌,불법유턴,건조,맑음,단일로 - 기타,승용,남,51세,상해없음,승용,남,58세,경상
2020093000100125,2020년 9월 30일 09시,수요일,부산광역시 연제구 연산동,중상사고,0,1,0,0,차대사람 - 횡단중,보행자보호의무위반,건조,맑음,교차로 - 교차로안,승용,여,62세,상해없음,보행자,여,35세,중상