사고번호,사고일시,요일,시군구,사고내용,사망자수,중상자수,경상자수,부상신고자수,사고유형,법규위반,노면상태,기상상태,도로형태,가해운전자 차종,가해운전자 성별,가해운전자 연령,가해운전자 상해정도,피해운전자 차종,피해운전자 성별,피해운전자 연령,피해운전자 상해정도
2020101900100365,2020년 10월 19일 14시,월요일,부산광역시 동래구 사직동,경상사고,0,0,1,0,차대사람 - 기타,안전운전불이행,건조,맑음,기타 - 기타,승용,여,73세,상해없음,보행자,여,24세,경상
2020101900100366,2020년 10월 19일 14시,월요일,부산광역시 부산진구 부전동,중상사고,0,1,0,0,차대사람 - 횡단중,안전운전불이행,건조,맑음,교차로 - 교차로안,승용,여,19세,상해없음,보행자,여,67세,중상
2020101900100367,2020년 10월 19일 14시,월요일,부산광역시 부산진구 양정동,경상사고,0,0,1,0,차대차 - 측면충돌,안전운전불이행,건조,맑음,단일로 - 기타,승용,남,63세,상해없음,승용,여,60세,경상
2020101900100368,2020년 10월 19일 14시,월요일,부산광역시 연제구 연산동,부상신고사고,0,0,0,2,차대차 - 기타,안전운전불이행,건조,맑음,단일로 - 기타,화물,남,74세,상해없음,화물,남,37세,부상신고
2020101900100410,2020년 10월 19일 15시,월요일,부산광역시 금정구 남산동,경상사고,0,0,1,0,차대사람 - 보도통행중,안전운전불이행,건조,맑음,교차로 - 교차로안,화물,남,67세,상해없음,보행자,여,62세,경상
2020101900100411,2020년 10월 19일 15시,월요일,부산광역시 금정구 장전동,중상사고,0,1,0,0,차대사람 - 기타,안전운전불이행,건조,맑음,단일로 - 기타,승합,남,69세,상해없음,보행자,여,23세,중상
2020101900100455,2020년 10월 19일 16시,월요일,부산광역시 서구 부민동2가,중상사고,0,1,0,0,차대사람 - 기타,안전운전불이행,건조,맑음,교차로 - 교차로안,승용,남,50세,상해없음,보행자,남,80세,중상
2020101900100491,2020년 10월 19일 17시,월요일,부산광역시 영도구 동삼동,경상사고,0,0,1,0,차대차 - 기타,안전거리미확보,건조,맑음,단일로 - 기타,승용,남,40세,기타불명,승합,남,45세,경상
2020101900100492,2020년 10월 19일 17시,월요일,부산광역시 부산진구 가야동,경상사고,0,0,1,0,차량단독 - 전도전복 - 전도,중앙선침범,건조,맑음,단일로 - 기타,이륜,남,26세,경상,,,,
2020101900100493,2020년 10월 19일 17시,월요일,부산광역시 금정구 부곡동,경상사고,0,0,2,0,차대차 - 추돌,안전운전불이행,건조,맑음,교차로 - 교차로안,승용,남,63세,상해없음,승용,남,68세,경상
2020101900100494,2020년 10월 19일 17시,월요일,부산광역시 사상구 모라동,중상사고,0,1,0,1,차대차 - 측면충돌,안전운전불이행,건조,맑음,교차로 - 교차로안,승용,여,38세,부상신고,이륜,남,65세,중상
2020101900100541,2020년 10월 19일 18시,월요일,부산광역시 동구 초량동,중상사고,0,1,0,0,차대사람 - 횡단중,보행자보호의무위반,건조,맑음,교차로 - 교차로부근,승용,남,53세,상해없음,보행자,남,80세,중상
2020101900100542,2020년 10월 19일 18시,월요일,부산광역시 동구 범일동,경상사고,0,0,1,0,차대차 - 측면충돌,안전거리미확보,건조,맑음,교차로 - 교차로부근,승용,여,64세,상해없음,승용,남,30세,경상
2020101900100543,2020년 10월 19일 18시,월요일,부산광역시 북구 화명동,경상사고,0,0,2,0,차대차 - 추돌,안전운전불이행,건조,맑음,교차로 - 교차로부근,승합,남,65세,상해없음,승용,여,23세,경상
2020101900100544,2020년 10월 19일 18시,월요일,부산광역시 해운대구 재송동,경상사고,0,0,1,0,차량단독 - 기타,안전운전불이행,건조,맑음,단일로 - 기타,승합,남,51세,상해없음,,,,
2020101900100599,2020년 10월 19일 19시,월요일,부산광역시 연제구 연산동,경상사고,0,0,1,0,차대차 - 측면충돌,신호위반,건조,맑음,교차로 - 교차로안,이륜,남,21세,상해없음,화물,남,30세,경상
2020101900100643,2020년 10월 19일 20시,월요일,부산광역시 남구 용호동,중상사고,0,1,0,0,차대사람 - 횡단중,보행자보호의무위반,건조,맑음,교차로 - 교차로부근,승용,여,42세,상해없음,보행자,여,50세,중상
2020101900100644,2020년 10월 19일 20시,월요일,부산광역시 사하구 괴정동,중상사고,0,1,0,0,차대차 - 기타,안전운전불이행,건조,맑음,단일로 - 기타,승용,남,57세,상해없음,이륜,남,51세,중상
2020101900100677,2020년 10월 19일 21시,월요일,부산광역시 동래구 온천동,경상사고,0,0,1,0,차대사람 - 기타,안전운전불이행,건조,맑음,단일로 - 기타,승용,남,34세,상해없음,보행자,남,30세,경상
2020101900100695,2020년 10월 19일 22시,월요일,부산광역시 서구 암남동,경상사고,0,0,1,0,차대사람 - 횡단중,안전운전불이행,건조,맑음,단일로 - 기타,기타불명,남,57세,상해없음,보행자,여,24세,경상
2020101900100696,2020년 10월 19일 22시,월요일,부산광역시 사하구 감천동,중상사고,0,1,0,0,차대차 - 기타,안전운전불이행,건조,맑음,단일로 - 기타,이륜,남,40세,상해없음,이륜,남,18세,중상
2020101900100721,2020년 10월 19일 23시,월요일,부산광역시 동래구 사직동,중상사고,0,1,0,0,차대차 - 측면충돌,신호위반,건조,맑음,교차로 - 교차로안,원동기,남,18세,상해없음,승용,남,57세,중상
2020101900100722,2020년 10월 19일 23시,월요일,부산광역시 해운대구 중동,경상사고,0,0,1,0,차대차 - 추돌,안전운전불이행,건조,맑음,교차로 - 교차로안,승용,남,23세,상해없음,사륜오토바이(ATV),남,30세,경상
2020102000100001,2020년 10월 20일 00시,화요일,부산광역시 사하구 당리동,경상사고,0,0,1,0,차대차 - 기타,안전운전불이행,건조,맑음,교차로 - 교차로안,이륜,남,59세,기타불명,이륜,남,19세,경상
2020102000100011,2020년 10월 20일 01시,화요일,부산광역시 부산진구 가야동,경상사고,0,0,2,0,차대차 - 기타,안전운전불이행,건조,맑음,기타 - 기타,승용,남,29세,상해없음,승용,남,68세,경상
2020102000100031,2020년 10월 20일 05시,화요일,부산광역시 부산진구 부전동,부상신고사고,0,0,0,1,차대차 - 기타,안전운전불이행,건조,맑음,교차로 - 교차로안,이륜,남,46세,부상신고,이륜,남,40세,기타불명
2020102000100058,2020년 10월 20일 07시,화요일,부산광역시 영도구 청학동,중상사고,0,1,0,0,차대사람 - 길가장자리구역통행중,신호위반,건조,맑음,단일로 - 기타,화물,남,61세,상해없음,보행자,여,84세,중상
2020102000100059,2020년 10월 20일 07시,화요일,부산광역시 연제구 연산동,경상사고,0,0,1,0,차대사람 - 보도통행중,기타,건조,맑음,단일로 - 기타,화물,남,50세,상해없음,보행자,여,58세,경상
2020102000100083,2020년 10월 20일 08시,화요일,부산광역시 동래구 사직동,중상사고,0,1,0,0,차대사람 - 기타,안전운전불이행,건조,맑음,교차로 - 교차로횡단보도내,화물,남,36세,상해없음,보행자,남,49세,중상
2020102000100084,2020년 10월 20일 08시,화요일,부산광역시 동래구 수안동,경상사고,0,0,2,0,차대차 - 기타,안전운전불이행,건조,맑음,단일로 - 기타,승용,여,52세,상해없음,승용,남,45세,경상
2020102000100085,2020년 10월 20일 08시,화요일,부산광역시 부산진구 양정동,경상사고,0,0,1,0,차대차 - 기타,차로위반,건조,맑음,단일로 - 기타,화물,남,26세,상해없음,승용,남,30세,경상
2020102000100086,2020년 10월 20일 08시,화요일,부산광역시 사상구 주례동,경상사고,0,0,1,0,차대차 - 기타,안전거리미확보,건조,맑음,교차로 - 교차로부근,승용,여,41세,상해없음,승합,남,50세,경상
2020102000100137,2020년 10월 20일 09시,화요일,부산광역시 사하구 다대동,부상신고사고,0,0,0,1,차대차 - 정면충돌,안전운전불이행,건조,맑음,교차로 - 교차로횡단보도내,이륜,남,66세,부상신고,승용,여,44세,상해없음
2020102000100138,2020년 10월 20일 09시,화요일,부산광역시 사상구 감전동,경상사고,0,0,1,0,차대차 - 추돌,교차로운행방법위반,건조,맑음,단일로 - 기타,승용,남,62세,상해없음,승용,남,54세,경상
2020102000100206,2020년 10월 20일 11시,화요일,부산광역시 동구 초량동,부상신고사고,0,0,0,1,차대차 - 기타,안전거리미확보,건조,맑음,단일로 - 기타,기타불명,기타불명,미분류,기타불명,승용,여,57세,부상신고
2020102000100239,2020년 10월 20일 12시,화요일,부산광역시 사상구 주례동,경상사고,0,0,2,0,차대사람 - 기타,안전운전불이행,건조,맑음,단일로 - 기타,승용,여,46세,상해없음,보행자,여,35세,경상
2020102000100317,2020년 10월 20일 14시,화요일,부산광역시 해운대구 재송동,중상사고,0,1,0,0,차대사람 - 기타,안전운전불이행,건조,맑음,단일로 - 기타,승용,남,44세,상해없음,보행자,남,75세,중상
2020102000100366,2020년 10월 20일 15시,화요일,부산광역시 사상구 모라동,부상신고사고,0,0,0,1,차대차 - 기타,안전운전불이행,건조,맑음,교차로 - 교차로안,승용,여,53세,상해없음,자전거,남,59세,부상신고
2020102000100367,2020년 10월 20일 15시,화요일,부산광역시 사상구 주례동,경상사고,0,0,1,0,차대차 - 기타,안전운전불이행,건조,맑음,기타 - 기타,승용,여,39세,상해없음,승용,남,29세,경상
2020102000100469,2020년 10월 20일 17시,화요일,부산광역시 기장군 정관읍,경상사고,0,0,1,0,차대차 - 기타,안전운전불이행,건조,맑음,단일로 - 기타,승용,남,49세,상해없음,승용,남,29세,경상
2020102000100519,2020년 10월 20일 18시,화요일,부산광역시 동구 범일동,경상사고,0,0,1,0,차대사람 - 기타,기타,건조,맑음,단일로 - 기타,화물,남,52세,상해없음,보행자,남,48세,경상
2020102000100520,2020년 10월 20일 18시,화요일,부산광역시 서구 암남동,중상사고,0,1,0,0,차대사람 - 기타,안전운전불이행,건조,맑음,단일로 - 기타,승용,남,68세,상해없음,보행자,여,56세,중상
2020102000100521,2020년 10월 20일 18시,화요일,부산광역시 금정구 장전동,경상사고,0,0,1,0,차대차 - 기타,기타,건조,맑음,단일로 - 기타,승용,남,61세,기타불명,승용,남,34세,경상
2020102000100522,2020년 10월 20일 18시,화요일,부산광역시 연제구 거제동,경상사고,0,0,2,0,차대차 - 측면충돌,안전운전불이행,건조,맑음,단일로 - 기타,승용,여,58세,상해없음,승용,남,23세,경상
2020102000100594,2020년 10월 20일 19시,화요일,부산광역시 남구 대연동,중상사고,0,1,0,0,차대차 - 측면충돌,안전운전불이행,건조,맑음,교차로 - 교차로안,승용,여,52세,상해없음,이륜,남,21세,중상
2020102000100595,2020년 10월 20일 19시,화요일,부산광역시 해운대구 중동,경상사고,0,0,1,0,차대차 - 측면충돌,안전운전불이행,건조,맑음,교차로 - 교차로부근,승용,여,23세,상해없음,승용,여,45세,경상
2020102000100596,2020년 10월 20일 19시,화요일,부산광역시 부산진구 전포동,경상사고,0,0,1,0,차대차 - 기타,안전운전불이행,건조,맑음,교차로 - 교차로부근,승용,여,42세,상해없음,원동기,남,39세,경상
2020102000100644,2020년 10월 20일 20시,화요일,부산광역시 연제구 거제동,경상사고,0,0,1,0,차대차 - 기타,차로위반,건조,맑음,단일로 - 기타,승용,여,40세,상해없음,승용,여,51세,경상
2020102000100678,2020년 10월 20일 21시,화요일,부산광역시 부산진구 부전동,경상사고,0,0,1,0,차대사람 - 차도통행중,안전운전불이행,건조,맑음,교차로 - 교차로안,승용,남,67세,상해없음,보행자,남,21세,경상
2020102000100679,2020년 10월 20일 21시,화요일,부산광역시 사하구 하단동,경상사고,0,0,1,1,차대차 - 기타,안전운전불이행,건조,맑음,단일로 - 기타,이륜,남,23세,부상신고,이륜,남,38세,경상
2020102100100005,2020년 10월 21일 00시,수요일,부산광역시 남구 문현동,경상사고,0,0,2,0,차대차 - 측면충돌,신호위반,건조,맑음,교차로 - 교차로안,승용,남,31세,상해없음,승용,남,70세,경상
2020102100100006,2020년 10월 21일 00시,수요일,부산광역시 영도구 동삼동,경상사고,0,0,1,0,차량단독 - 전도전복 - 전도,안전운전불이행,건조,맑음,단일로 - 기타,이륜,남,30세,경상,,,,
2020102100100007,2020년 10월 21일 00시,수요일,부산광역시 영도구 동삼동,부상신고사고,0,0,0,1,차량단독 - 기타,안전운전불이행,건조,맑음,단일로 - 기타,이륜,남,20세,부상신고,,,,
2020102100100008,2020년 10월 21일 00시,수요일,부산광역시 부산진구 양정동,중상사고,0,1,0,0,차대사람 - 횡단중,안전운전불이행,건조,맑음,교차로 - 교차로부근,이륜,남,23세,상해없음,보행자,남,69세,중상
2020102100100025,2020년 10월 21일 02시,수요일,부산광역시 연제구 거제동,중상사고,0,1,0,0,차량단독 - 공작물충돌,안전운전불이행,건조,맑음,교차로 - 교차로부근,이륜,남,16세,중상,,,,
2020102100100119,2020년 10월 21일 08시,수요일,부산광역시 북구 만덕동,경상사고,0,0,1,0,차대차 - 기타,안전운전불이행,건조,맑음,단일로 - 기타,승용,여,60세,상해없음,이륜,남,32세,경상
2020102100100120,2020년 10월 21일 08시,수요일,부산광역시 동래구 온천동,부상신고사고,0,0,0,1,차대차 - 측면충돌,안전운전불이행,건조,맑음,단일로 - 기타,이륜,여,53세,부상신고,승용,남,38세,상해없음
2020102100100157,2020년 10월 21일 09시,수요일,부산광역시 금정구 오륜동,중상사고,0,2,0,0,차대차 - 추돌,안전운전불이행,건조,맑음,단일로 - 기타,승용,남,85세,상해없음,화물,남,50세,중상
2020102100100158,2020년 10월 21일 09시,수요일,부산광역시 사상구 모라동,중상사고,0,1,0,0,차대차 - 정면충돌,중앙선침범,건조,맑음,단일로 - 기타,화물,남,63세,상해없음,승용,남,64세,중상
2020102100100159,2020년 10월 21일 09시,수요일,부산광역시 강서구 대저1동,경상사고,0,0,2,0,차대차 - 기타,안전운전불이행,건조,맑음,단일로 - 고가도로위,화물,남,60세,상해없음,승합,남,57세,경상
2020102100100201,2020년 10월 21일 10시,수요일,부산광역시 중구 영주동,중상사고,0,1,0,0,차대사람 - 횡단중,안전운전불이행,건조,맑음,단일로 - 기타,승용,남,43세,상해없음,보행자,여,73세,중상
2020102100100222,2020년 10월 21일 11시,수요일,부산광역시 사하구 신평동,경상사고,0,0,2,1,차대차 - 기타,직진우회전진행방해,건조,맑음,교차로 - 교차로안,승용,남,64세,부상신고,승용,여,30세,경상
2020102100100223,2020년 10월 21일 11시,수요일,부산광역시 연제구 연산동,경상사고,0,0,2,0,차대차 - 측면충돌,중앙선침범,건조,맑음,단일로 - 기타,승용,여,64세,상해없음,승용,남,63세,경상
2020102100100248,2020년 10월 21일 12시,수요일,부산광역시 해운대구 반여동,경상사고,0,0,3,0,차대차 - 측면충돌,안전운전불이행,건조,맑음,단일로 - 기타,화물,남,43세,상해없음,승용,남,61세,경상
2020102100100249,2020년 10월 21일 12시,수요일,부산광역시 강서구 명지동,경상사고,0,0,1,0,차대차 - 측면충돌,불법유턴,건조,맑음,단일로 - 기타,승용,남,75세,상해없음,이륜,남,24세,경상
2020102100100273,2020년 10월 21일 13시,수요일,부산광역시 남구 용당동,중상사고,0,1,0,0,차대차 - 측면충돌,안전운전불이행,건조,맑음,교차로 - 교차로부근,승용,남,32세,중상,화물,남,67세,상해없음
2020102100100274,2020년 10월 21일 13시,수요일,부산광역시 강서구 대저2동,경상사고,0,0,2,0,차대차 - 측면충돌,안전운전불이행,건조,맑음,교차로 - 교차로안,화물,남,65세,상해없음,승용,남,72세,경상
2020102100100295,2020년 10월 21일 14시,수요일,부산광역시 서구 아미동2가,경상사고,0,0,1,0,차대차 - 기타,안전운전불이행,건조,맑음,단일로 - 기타,승용,남,76세,상해없음,승용,여,48세,경상
2020102100100332,2020년 10월 21일 15시,수요일,부산광역시 남구 용호동,경상사고,0,0,2,0,차대차 - 기타,직진우회전진행방해,건조,맑음,교차로 - 교차로안,승용,남,42세,경상,승용,여,60세,경상
2020102100100333,2020년 10월 21일 15시,수요일,부산광역시 부산진구 부전동,경상사고,0,0,1,0,차대사람 - 횡단중,보행자보호의무위반,건조,맑음,교차로 - 교차로횡단보도내,화물,남,39세,상해없음,보행자,여,23세,경상
2020102100100334,2020년 10월 21일 15시,수요일,부산광역시 사하구 감천동,경상사고,0,0,1,0,차대차 - 후진중충돌,안전운전불이행,건조,맑음,단일로 - 기타,승용,남,74세,상해없음,이륜,남,45세,경상
2020102100100371,2020년 10월 21일 16시,수요일,부산광역시 남구 대연동,경상사고,0,0,1,0,차대차 - 측면충돌,기타,건조,맑음,단일로 - 기타,승용,남,68세,상해없음,원동기,남,15세,경상
2020102100100372,2020년 10월 21일 16시,수요일,부산광역시 동래구 명장동,중상사고,0,1,0,0,차대차 - 기타,교차로운행방법위반,건조,맑음,교차로 - 교차로안,승합,남,52세,상해없음,자전거,남,15세,중상
2020102100100373,2020년 10월 21일 16시,수요일,부산광역시 사하구 장림동,경상사고,0,0,1,0,차대차 - 측면충돌,안전운전불이행,젖음/습기,비,단일로 - 기타,화물,남,56세,상해없음,승용,남,42세,경상
2020102100100398,2020년 10월 21일 17시,수요일,부산광역시 북구 만덕동,경상사고,0,0,1,0,차대차 - 기타,안전운전불이행,건조,맑음,교차로 - 교차로안,승용,남,44세,상해없음,승용,여,47세,경상
2020102100100399,2020년 10월 21일 17시,수요일,부산광역시 사상구 감전동,경상사고,0,0,1,0,차대차 - 추돌,차로위반,젖음/습기,비,단일로 - 기타,승용,남,26세,상해없음,화물,남,38세,경상
2020102100100456,2020년 10월 21일 18시,수요일,부산광역시 남구 대연동,경상사고,0,0,1,0,차대차 - 측면충돌,교차로운행방법위반,건조,맑음,교차로 - 교차로안,승용,여,32세,상해없음,개인형이동수단(PM),남,22세,경상
2020102100100457,2020년 10월 21일 18시,수요일,부산광역시 동래구 사직동,경상사고,0,0,1,0,차대차 - 기타,안전운전불이행,젖음/습기,비,교차로 - 교차로부근,이륜,남,33세,경상,승용,여,54세,상해없음
2020102100100458,2020년 10월 21일 18시,수요일,부산광역시 부산진구 가야동,경상사고,0,0,1,0,차대차 - 측면충돌,중앙선침범,건조,맑음,단일로 - 기타,승합,남,49세,상해없음,이륜,남,47세,경상
2020102100100459,2020년 10월 21일 18시,수요일,부산광역시 금정구 장전동,중상사고,0,1,0,0,차대차 - 기타,신호위반,젖음/습기,비,교차로 - 교차로안,승용,여,47세,상해없음,승용,여,56세,중상
2020102100100460,2020년 10월 21일 18시,수요일,부산광역시 금정구 부곡동,경상사고,0,0,1,0,차대차 - 기타,안전운전불이행,젖음/습기,비,교차로 - 교차로안,승용,여,53세,기타불명,이륜,남,58세,경상
2020102100100461,2020년 10월 21일 18시,수요일,부산광역시 기장군 기장읍,경상사고,0,0,1,0,차대차 - 기타,안전운전불이행,젖음/습기,비,단일로 - 기타,승용,여,34세,상해없음,이륜,남,20세,경상
2020102100100541,2020년 10월 21일 19시,수요일,부산광역시 금정구 부곡동,중상사고,0,2,0,0,차대차 - 기타,신호위반,젖음/습기,비,단일로 - 기타,승용,남,60세,상해없음,이륜,남,53세,중상
2020102100100587,2020년 10월 21일 20시,수요일,부산광역시 북구 화명동,경상사고,0,0,1,0,차량단독 - 기타,안전운전불이행,젖음/습기,비,교차로 - 교차로안,이륜,남,24세,경상,,,,
2020102100100588,2020년 10월 21일 20시,수요일,부산광역시 동래구 온천동,중상사고,0,1,0,0,차대차 - 기타,안전운전불이행,건조,맑음,교차로 - 교차로부근,자전거,남,76세,중상,승용,여,34세,상해없음
2020102100100589,2020년 10월 21일 20시,수요일,부산광역시 동래구 안락동,경상사고,0,0,1,0,차대차 - 기타,안전운전불이행,건조,맑음,단일로 - 기타,승용,여,43세,상해없음,이륜,남,36세,경상
2020102100100590,2020년 10월 21일 20시,수요일,부산광역시 해운대구 우동,경상사고,0,0,2,0,차대사람 - 횡단중,기타,젖음/습기,비,교차로 - 교차로안,승용,남,57세,상해없음,보행자,여,25세,경상
2020102100100591,2020년 10월 21일 20시,수요일,부산광역시 사하구 신평동,경상사고,0,0,1,0,차대차 - 추돌,안전운전불이행,젖음/습기,비,단일로 - 기타,승용,여,52세,상해없음,승용,남,49세,경상
2020102100100635,2020년 10월 21일 21시,수요일,부산광역시 해운대구 우동,경상사고,0,0,1,0,차대차 - 측면충돌,안전거리미확보,젖음/습기,비,단일로 - 기타,승용,여,70세,상해없음,승용,남,44세,경상
2020102100100636,2020년 10월 21일 21시,수요일,부산광역시 사상구 모라동,경상사고,0,0,1,0,차대사람 - 기타,안전운전불이행,건조,맑음,교차로 - 교차로부근,승용,여,42세,상해없음,보행자,남,60세,경상
2020102100100671,2020년 10월 21일 22시,수요일,부산광역시 남구 대연동,부상신고사고,0,0,0,1,차대차 - 측면충돌,안전운전불이행,젖음/습기,비,단일로 - 기타,승용,남,43세,상해없음,승용,남,45세,상해없음
2020102100100672,2020년 10월 21일 22시,수요일,부산광역시 부산진구 양정동,경상사고,0,0,1,0,차대차 - 측면충돌,안전운전불이행,젖음/습기,비,교차로 - 교차로안,승용,여,57세,경상,화물,남,65세,상해없음
2020102100100673,2020년 10월 21일 22시,수요일,부산광역시 사하구 괴정동,중상사고,0,1,0,0,차대사람 - 횡단중,안전운전불이행,젖음/습기,비,교차로 - 교차로안,승용,남,62세,상해없음,보행자,남,62세,중상
2020102200100002,2020년 10월 22일 00시,목요일,부산광역시 남구 대연동,경상사고,0,0,1,0,차대사람 - 차도통행중,보행자보호의무위반,젖음/습기,비,교차로 - 교차로부근,이륜,남,32세,상해없음,보행자,남,41세,경상
2020102200100003,2020년 10월 22일 00시,목요일,부산광역시 연제구 연산동,경상사고,0,0,1,0,차대차 - 기타,안전운전불이행,젖음/습기,비,교차로 - 교차로안,원동기,남,28세,상해없음,원동기,남,31세,경상
2020102200100017,2020년 10월 22일 01시,목요일,부산광역시 중구 영주동,경상사고,0,0,1,0,차대차 - 추돌,안전운전불이행,젖음/습기,비,단일로 - 기타,승용,남,32세,상해없음,승용,여,39세,경상
2020102200100018,2020년 10월 22일 01시,목요일,부산광역시 수영구 광안동,경상사고,0,0,2,0,차대차 - 측면충돌,직진우회전진행방해,젖음/습기,비,교차로 - 교차로안,승용,여,69세,상해없음,승용,남,33세,경상
2020102200100019,2020년 10월 22일 01시,목요일,부산광역시 영도구 동삼동,경상사고,0,0,3,0,차대차 - 측면충돌,기타,젖음/습기,비,교차로 - 교차로안,승용,남,50세,경상,승용,남,47세,경상
2020102200100020,2020년 10월 22일 01시,목요일,부산광역시 부산진구 범천동,중상사고,0,1,0,0,차대차 - 측면충돌,신호위반,젖음/습기,비,교차로 - 교차로안,승용,남,26세,상해없음,승용,남,51세,중상
2020102200100028,2020년 10월 22일 02시,목요일,부산광역시 해운대구 우동,경상사고,0,0,2,0,차대차 - 추돌,안전운전불이행,젖음/습기,비,단일로 - 기타,승용,여,30세,상해없음,화물,남,62세,경상
2020102200100035,2020년 10월 22일 03시,목요일,부산광역시 서구 충무동1가,경상사고,0,0,1,0,차대차 - 측면충돌,신호위반,젖음/습기,비,교차로 - 교차로안,승용,남,73세,상해없음,화물,남,42세,경상
2020102200100039,2020년 10월 22일 04시,목요일,부산광역시 부산진구 전포동,중상사고,0,1,0,0,차대차 - 기타,신호위반,건조,맑음,교차로 - 교차로안,승용,남,29세,상해없음,이륜,남,29세,중상
2020102200100046,2020년 10월 22일 05시,목요일,부산광역시 사상구 삼락동,경상사고,0,0,1,0,차대차 - 기타,신호위반,건조,기타,교차로 - 교차로안,승용,남,70세,상해없음,승용,남,58세,경상
2020102200100057,2020년 10월 22일 06시,목요일,부산광역시 남구 용호동,경상사고,0,0,3,0,차대차 - 측면충돌,안전운전불이행,젖음/습기,비,단일로 - 기타,건설기계,남,49세,상해없음,승용,남,49세,경상
2020102200100079,2020년 10월 22일 07시,목요일,부산광역시 사상구 감전동,경상사고,0,0,1,0,차대차 - 기타,직진우회전진행방해,건조,기타,교차로 - 교차로안,화물,남,69세,상해없음,승용,남,43세,경상
2020102200100151,2020년 10월 22일 09시,목요일,부산광역시 부산진구 전포동,중상사고,0,1,0,0,차대차 - 기타,신호위반,건조,맑음,교차로 - 교차로안,승용,남,62세,상해없음,이륜,남,36세,중상
2020102200100152,2020년 10월 22일 09시,목요일,부산광역시 사하구 괴정동,경상사고,0,0,1,0,차대차 - 기타,신호위반,건조,맑음,교차로 - 교차로부근,승용,남,64세,상해없음,자전거,남,66세,경상
2020102200100176,2020년 10월 22일 10시,목요일,부산광역시 부산진구 부전동,중상사고,0,1,0,0,차대사람 - 차도통행중,안전운전불이행,건조,맑음,단일로 - 기타,승용,남,32세,상해없음,보행자,여,76세,중상
2020102200100233,2020년 10월 22일 12시,목요일,부산광역시 동구 초량동,경상사고,0,0,1,0,차대차 - 측면충돌,안전거리미확보,건조,맑음,단일로 - 기타,승용,남,63세,상해없음,승용,남,60세,경상
2020102200100234,2020년 10월 22일 12시,목요일,부산광역시 강서구 명지동,경상사고,0,0,1,0,차대차 - 기타,안전운전불이행,건조,맑음,교차로 - 교차로안,승용,남,67세,상해없음,승용,남,37세,경상
2020102200100273,2020년 10월 22일 13시,목요일,부산광역시 북구 구포동,경상사고,0,0,1,0,차대차 - 기타,교차로운행방법위반,건조,맑음,교차로 - 교차로안,승용,남,71세,상해없음,자전거,남,20세,경상
2020102200100305,2020년 10월 22일 14시,목요일,부산광역시 남구 대연동,중상사고,0,1,0,0,차대차 - 추돌,안전운전불이행,건조,맑음,단일로 - 터널,승용,남,44세,상해없음,승용,남,23세,중상
2020102200100306,2020년 10월 22일 14시,목요일,부산광역시 부산진구 당감동,경상사고,0,0,3,0,차대차 - 측면충돌,안전운전불이행,건조,맑음,단일로 - 기타,원동기,남,57세,경상,승용,남,41세,경상
2020102200100413,2020년 10월 22일 17시,목요일,부산광역시 동구 범일동,경상사고,0,0,1,0,차대차 - 기타,안전운전불이행,건조,맑음,교차로 - 교차로안,승용,여,57세,상해없음,승합,남,62세,경상
2020102200100414,2020년 10월 22일 17시,목요일,부산광역시 서구 동대신동3가,경상사고,0,0,1,0,차대차 - 측면충돌,안전거리미확보,건조,맑음,단일로 - 기타,승용,남,32세,상해없음,승합,여,57세,경상
2020102200100415,2020년 10월 22일 17시,목요일,부산광역시 영도구 동삼동,중상사고,0,1,0,0,차대사람 - 기타,보행자보호의무위반,건조,맑음,교차로 - 교차로횡단보도내,승합,남,62세,상해없음,보행자,남,79세,중상
2020102200100459,2020년 10월 22일 18시,목요일,부산광역시 남구 감만동,경상사고,0,0,1,0,차대사람 - 횡단중,안전운전불이행,건조,맑음,단일로 - 기타,기타불명,기타불명,미분류,기타불명,보행자,남,52세,경상
2020102200100460,2020년 10월 22일 18시,목요일,부산광역시 사하구 감천동,중상사고,0,1,0,0,차대사람 - 기타,안전운전불이행,건조,맑음,단일로 - 기타,승용,남,70세,상해없음,보행자,남,85세,중상
2020102200100531,2020년 10월 22일 19시,목요일,부산광역시 남구 대연동,경상사고,0,0,1,0,차대차 - 측면충돌,안전운전불이행,건조,맑음,교차로 - 교차로부근,승용,남,43세,상해없음,승용,남,25세,경상
2020102200100568,2020년 10월 22일 20시,목요일,부산광역시 수영구 수영동,사망사고,1,0,0,0,차대사람 - 횡단중,안전운전불이행,건조,맑음,교차로 - 교차로횡단보도내,승용,남,54세,상해없음,보행자,여,84세,사망
2020102200100615,2020년 10월 22일 22시,목요일,부산광역시 금정구 장전동,중상사고,0,1,0,0,차대사람 - 길가장자리구역통행중,안전운전불이행,건조,맑음,단일로 - 기타,승용,남,19세,상해없음,보행자,여,23세,중상