사고번호,사고일시,요일,시군구,사고내용,사망자수,중상자수,경상자수,부상신고자수,사고유형,법규위반,노면상태,기상상태,도로형태,가해운전자 차종,가해운전자 성별,가해운전자 연령,가해운전자 상해정도,피해운전자 차종,피해운전자 성별,피해운전자 연령,피해운전자 상해정도
2020102200100616,2020년 10월 22일 22시,목요일,부산광역시 금정구 장전동,경상사고,0,0,1,0,차대차 - 측면충돌,안전운전불이행,건조,맑음,교차로 - 교차로부근,승용,여,41세,상해없음,승용,남,31세,경상
2020102300100046,2020년 10월 23일 05시,금요일,부산광역시 북구 만덕동,경상사고,0,0,3,0,차대차 - 기타,안전운전불이행,건조,맑음,교차로 - 교차로부근,승용,남,68세,경상,승용,남,66세,경상
2020102300100059,2020년 10월 23일 06시,금요일,부산광역시 사하구 감천동,경상사고,0,0,1,0,차대차 - 측면충돌,신호위반,건조,맑음,교차로 - 교차로안,화물,남,58세,상해없음,자전거,남,37세,경상
2020102300100077,2020년 10월 23일 07시,금요일,부산광역시 남구 대연동,경상사고,0,0,3,0,차대차 - 기타,기타,건조,맑음,교차로 - 교차로안,승용,남,66세,경상,승용,남,65세,경상
2020102300100117,2020년 10월 23일 08시,금요일,부산광역시 서구 부민동2가,중상사고,0,1,1,0,차대차 - 측면충돌,교차로운행방법위반,건조,맑음,교차로 - 교차로안,승용,남,53세,상해없음,원동기,남,47세,중상
2020102300100118,2020년 10월 23일 08시,금요일,부산광역시 해운대구 송정동,경상사고,0,0,1,0,차대차 - 측면충돌,안전거리미확보,건조,맑음,교차로 - 교차로부근,승용,여,25세,상해없음,화물,여,42세,경상
2020102300100119,2020년 10월 23일 08시,금요일,부산광역시 해운대구 우동,경상사고,0,0,2,0,차대차 - 추돌,안전운전불이행,건조,맑음,단일로 - 교량,화물,남,58세,상해없음,승용,여,38세,경상
2020102300100120,2020년 10월 23일 08시,금요일,부산광역시 부산진구 부전동,부상신고사고,0,0,0,1,차대차 - 측면충돌,안전운전불이행,건조,맑음,교차로 - 교차로부근,원동기,남,21세,부상신고,승용,여,47세,상해없음
2020102300100121,2020년 10월 23일 08시,금요일,부산광역시 강서구 화전동,경상사고,0,0,1,0,차대차 - 기타,기타,건조,맑음,교차로 - 교차로안,승용,남,74세,상해없음,이륜,남,38세,경상
2020102300100122,2020년 10월 23일 08시,금요일,부산광역시 강서구 대저2동,중상사고,0,1,0,0,차대차 - 추돌,안전운전불이행,건조,맑음,단일로 - 기타,승용,남,49세,기타불명,화물,남,44세,중상
2020102300100164,2020년 10월 23일 09시,금요일,부산광역시 남구 감만동,중상사고,0,2,0,0,차대차 - 정면충돌,안전운전불이행,건조,맑음,단일로 - 기타,이륜,남,24세,중상,승용,여,46세,중상
2020102300100165,2020년 10월 23일 09시,금요일,부산광역시 사하구 하단동,경상사고,0,0,1,0,차대차 - 측면충돌,신호위반,건조,맑음,교차로 - 교차로안,승합,남,47세,상해없음,이륜,남,28세,경상
2020102300100166,2020년 10월 23일 09시,금요일,부산광역시 수영구 망미동,경상사고,0,0,1,0,차대차 - 추돌,안전운전불이행,건조,맑음,단일로 - 기타,이륜,남,32세,상해없음,승용,남,69세,상해없음
2020102300100206,2020년 10월 23일 10시,금요일,부산광역시 중구 대창동2가,경상사고,0,0,1,0,차대차 - 추돌,교차로운행방법위반,건조,맑음,교차로 - 교차로부근,승용,여,66세,상해없음,승용,남,48세,경상
2020102300100207,2020년 10월 23일 10시,금요일,부산광역시 부산진구 가야동,경상사고,0,0,2,0,차대차 - 측면충돌,불법유턴,건조,맑음,단일로 - 기타,승용,여,34세,상해없음,승용,남,29세,경상
2020102300100208,2020년 10월 23일 10시,금요일,부산광역시 강서구 대저2동,경상사고,0,0,1,0,차대차 - 추돌,안전운전불이행,건조,맑음,교차로 - 교차로부근,화물,남,72세,상해없음,승용,여,41세,경상
2020102300100243,2020년 10월 23일 11시,금요일,부산광역시 동구 범일동,경상사고,0,0,1,0,차대차 - 기타,안전운전불이행,건조,맑음,단일로 - 기타,이륜,남,60세,경상,승용,남,61세,상해없음
2020102300100244,2020년 10월 23일 11시,금요일,부산광역시 남구 용호동,경상사고,0,0,1,0,차대차 - 측면충돌,안전운전불이행,건조,맑음,교차로 - 교차로안,승용,여,43세,상해없음,이륜,여,28세,경상
2020102300100279,2020년 10월 23일 12시,금요일,부산광역시 동래구 수안동,중상사고,0,1,0,0,차대사람 - 기타,안전운전불이행,건조,맑음,교차로 - 교차로안,승용,남,41세,상해없음,보행자,여,81세,중상
2020102300100280,2020년 10월 23일 12시,금요일,부산광역시 금정구 구서동,중상사고,0,1,1,0,차대차 - 기타,안전운전불이행,건조,맑음,교차로 - 교차로안,화물,남,49세,상해없음,승용,남,26세,중상
2020102300100281,2020년 10월 23일 12시,금요일,부산광역시 사하구 하단동,경상사고,0,0,1,0,차대차 - 측면충돌,안전거리미확보,건조,맑음,단일로 - 기타,건설기계,남,57세,상해없음,승용,여,41세,경상
2020102300100317,2020년 10월 23일 13시,금요일,부산광역시 동구 범일동,부상신고사고,0,0,0,1,차량단독 - 기타,안전운전불이행,건조,맑음,단일로 - 기타,이륜,남,68세,부상신고,,,,
2020102300100357,2020년 10월 23일 14시,금요일,부산광역시 남구 문현동,중상사고,0,1,1,0,차대차 - 측면충돌,안전거리미확보,건조,맑음,단일로 - 기타,승용,남,42세,상해없음,승용,여,29세,경상
2020102300100358,2020년 10월 23일 14시,금요일,부산광역시 부산진구 범천동,경상사고,0,0,1,0,차대사람 - 차도통행중,안전운전불이행,건조,맑음,단일로 - 기타,승용,여,48세,상해없음,보행자,여,54세,경상
2020102300100359,2020년 10월 23일 14시,금요일,부산광역시 사하구 괴정동,중상사고,0,1,0,0,차대차 - 측면충돌,안전운전불이행,건조,맑음,단일로 - 기타,승합,남,55세,상해없음,자전거,여,60세,중상
2020102300100404,2020년 10월 23일 15시,금요일,부산광역시 남구 대연동,부상신고사고,0,0,0,1,차대사람 - 길가장자리구역통행중,안전운전불이행,건조,맑음,단일로 - 기타,기타불명,기타불명,미분류,기타불명,보행자,여,24세,부상신고
2020102300100405,2020년 10월 23일 15시,금요일,부산광역시 영도구 대교동2가,경상사고,0,0,2,0,차대차 - 기타,기타,건조,맑음,교차로 - 교차로안,승용,남,51세,경상,승용,남,57세,경상
2020102300100406,2020년 10월 23일 15시,금요일,부산광역시 강서구 명지동,경상사고,0,0,1,1,차대차 - 측면충돌,기타,건조,맑음,교차로 - 교차로안,화물,남,62세,경상,화물,남,61세,부상신고
2020102300100455,2020년 10월 23일 16시,금요일,부산광역시 서구 암남동,경상사고,0,0,2,0,차대차 - 추돌,안전운전불이행,건조,맑음,교차로 - 교차로부근,승용,남,30세,상해없음,승용,남,58세,경상
2020102300100456,2020년 10월 23일 16시,금요일,부산광역시 해운대구 반송동,경상사고,0,0,2,0,차대차 - 추돌,안전거리미확보,건조,맑음,단일로 - 기타,화물,남,30세,경상,화물,남,36세,상해없음
2020102300100457,2020년 10월 23일 16시,금요일,부산광역시 금정구 부곡동,경상사고,0,0,1,0,차대사람 - 기타,보행자보호의무위반,건조,맑음,교차로 - 교차로안,승용,여,39세,상해없음,보행자,여,21세,경상
2020102300100458,2020년 10월 23일 16시,금요일,부산광역시 연제구 연산동,부상신고사고,0,0,0,2,차대차 - 기타,안전거리미확보,건조,맑음,교차로 - 교차로안,승용,남,76세,상해없음,승용,남,52세,부상신고
2020102300100518,2020년 10월 23일 17시,금요일,부산광역시 중구 영주동,중상사고,0,1,0,0,차대사람 - 횡단중,안전운전불이행,건조,맑음,단일로 - 기타,승용,남,58세,상해없음,보행자,여,7세,중상
2020102300100519,2020년 10월 23일 17시,금요일,부산광역시 남구 대연동,경상사고,0,0,1,0,차대차 - 측면충돌,신호위반,건조,맑음,교차로 - 교차로안,승용,남,31세,상해없음,이륜,남,29세,경상
2020102300100520,2020년 10월 23일 17시,금요일,부산광역시 남구 대연동,중상사고,0,1,0,0,차대사람 - 횡단중,안전운전불이행,건조,맑음,단일로 - 기타,이륜,남,46세,상해없음,보행자,여,59세,중상
2020102300100521,2020년 10월 23일 17시,금요일,부산광역시 동래구 온천동,중상사고,0,2,1,0,차대차 - 정면충돌,중앙선침범,건조,맑음,교차로 - 교차로안,승용,여,53세,중상,화물,남,58세,중상
2020102300100522,2020년 10월 23일 17시,금요일,부산광역시 해운대구 좌동,경상사고,0,0,1,0,차대차 - 추돌,안전운전불이행,건조,맑음,교차로 - 교차로안,승용,남,61세,상해없음,승용,남,43세,경상
2020102300100584,2020년 10월 23일 18시,금요일,부산광역시 동구 초량동,중상사고,0,1,0,0,차대차 - 기타,교차로운행방법위반,건조,맑음,교차로 - 교차로안,승용,남,49세,상해없음,승용,여,53세,중상
2020102300100585,2020년 10월 23일 18시,금요일,부산광역시 서구 서대신동3가,중상사고,0,1,0,0,차대사람 - 횡단중,신호위반,건조,맑음,교차로 - 교차로안,화물,남,63세,상해없음,보행자,여,80세,중상
2020102300100586,2020년 10월 23일 18시,금요일,부산광역시 연제구 거제동,경상사고,0,0,1,0,차대차 - 추돌,안전운전불이행,건조,맑음,교차로 - 교차로부근,이륜,남,40세,상해없음,승용,남,28세,경상
2020102300100587,2020년 10월 23일 18시,금요일,부산광역시 강서구 명지동,경상사고,0,0,1,0,차대차 - 기타,안전운전불이행,건조,맑음,교차로 - 교차로안,승용,여,38세,상해없음,화물,남,45세,경상
2020102300100681,2020년 10월 23일 19시,금요일,부산광역시 금정구 회동동,경상사고,0,0,2,0,차대차 - 추돌,안전거리미확보,건조,맑음,교차로 - 교차로안,승용,남,28세,상해없음,승용,여,51세,경상
2020102300100682,2020년 10월 23일 19시,금요일,부산광역시 사상구 주례동,경상사고,0,0,1,0,차대사람 - 기타,안전운전불이행,건조,맑음,단일로 - 기타,기타불명,기타불명,미분류,기타불명,보행자,여,33세,경상
2020102300100736,2020년 10월 23일 20시,금요일,부산광역시 북구 화명동,부상신고사고,0,0,0,1,차대차 - 추돌,안전거리미확보,건조,맑음,단일로 - 기타,원동기,남,19세,상해없음,승용,남,43세,상해없음
2020102300100737,2020년 10월 23일 20시,금요일,부산광역시 부산진구 부전동,경상사고,0,0,2,0,차대차 - 기타,신호위반,건조,맑음,교차로 - 교차로안,이륜,남,36세,상해없음,승용,여,28세,상해없음
2020102300100775,2020년 10월 23일 21시,금요일,부산광역시 영도구 청학동,중상사고,0,1,3,0,차대차 - 기타,안전운전불이행,건조,맑음,단일로 - 기타,승용,남,60세,상해없음,승합,남,56세,경상
2020102300100829,2020년 10월 23일 23시,금요일,부산광역시 중구 중앙동3가,경상사고,0,0,1,0,차대차 - 기타,안전운전불이행,건조,맑음,단일로 - 기타,승용,남,54세,상해없음,이륜,남,20세,경상
2020102300100830,2020년 10월 23일 23시,금요일,부산광역시 사상구 괘법동,부상신고사고,0,0,0,1,차대차 - 기타,안전운전불이행,건조,맑음,단일로 - 기타,이륜,남,22세,부상신고,승용,남,72세,상해없음
2020102400100012,2020년 10월 24일 00시,토요일,부산광역시 금정구 구서동,경상사고,0,0,1,0,차대차 - 측면충돌,신호위반,건조,맑음,교차로 - 교차로안,승용,남,24세,상해없음,승용,남,55세,경상
2020102400100040,2020년 10월 24일 02시,토요일,부산광역시 해운대구 재송동,경상사고,0,0,3,0,차대차 - 추돌,안전운전불이행,건조,맑음,교차로 - 교차로안,승용,남,39세,상해없음,승용,남,23세,경상
2020102400100055,2020년 10월 24일 03시,토요일,부산광역시 동구 범일동,경상사고,0,0,4,0,차대차 - 측면충돌,교차로운행방법위반,건조,맑음,교차로 - 교차로안,승용,남,63세,경상,승용,남,37세,상해없음
2020102400100062,2020년 10월 24일 04시,토요일,부산광역시 수영구 광안동,중상사고,0,1,0,0,차대차 - 기타,안전운전불이행,건조,맑음,교차로 - 교차로안,승용,남,39세,상해없음,승용,남,54세,중상
2020102400100098,2020년 10월 24일 07시,토요일,부산광역시 기장군 장안읍,사망사고,1,0,0,0,차량단독 - 전도전복 - 전복,안전운전불이행,건조,맑음,교차로 - 교차로부근,이륜,남,25세,사망,,,,
2020102400100115,2020년 10월 24일 08시,토요일,부산광역시 남구 대연동,경상사고,0,0,1,1,차대차 - 정면충돌,교차로운행방법위반,건조,맑음,교차로 - 교차로안,승용,남,58세,상해없음,승용,남,66세,경상
2020102400100137,2020년 10월 24일 09시,토요일,부산광역시 동래구 복천동,경상사고,0,0,1,0,차대사람 - 기타,안전운전불이행,건조,맑음,기타 - 기타,승용,남,61세,상해없음,보행자,여,60세,경상
2020102400100138,2020년 10월 24일 09시,토요일,부산광역시 해운대구 우동,중상사고,0,1,2,0,차대차 - 측면충돌,교차로운행방법위반,건조,맑음,교차로 - 교차로안,승용,여,37세,상해없음,승용,남,64세,경상
2020102400100139,2020년 10월 24일 09시,토요일,부산광역시 강서구 대저2동,경상사고,0,0,2,0,차대차 - 추돌,안전운전불이행,건조,맑음,단일로 - 기타,승용,남,57세,상해없음,승용,남,56세,경상
2020102400100140,2020년 10월 24일 09시,토요일,부산광역시 사상구 감전동,경상사고,0,0,2,0,차대차 - 기타,안전운전불이행,건조,맑음,단일로 - 기타,화물,남,63세,경상,승용,여,49세,경상
2020102400100141,2020년 10월 24일 09시,토요일,부산광역시 기장군 기장읍,경상사고,0,0,1,0,차대차 - 추돌,과속,건조,맑음,단일로 - 기타,승용,남,37세,상해없음,화물,남,71세,경상
2020102400100169,2020년 10월 24일 10시,토요일,부산광역시 동래구 명장동,경상사고,0,0,1,0,차대차 - 추돌,교차로운행방법위반,건조,맑음,교차로 - 교차로안,승용,여,41세,상해없음,화물,남,53세,경상
2020102400100197,2020년 10월 24일 11시,토요일,부산광역시 해운대구 우동,중상사고,0,1,0,0,차대사람 - 횡단중,보행자보호의무위반,건조,맑음,단일로 - 기타,자전거,남,12세,상해없음,보행자,여,71세,중상
2020102400100198,2020년 10월 24일 11시,토요일,부산광역시 사하구 신평동,경상사고,0,0,1,0,차대차 - 기타,안전운전불이행,건조,맑음,교차로 - 교차로부근,승용,남,66세,상해없음,승용,남,30세,경상
2020102400100241,2020년 10월 24일 12시,토요일,부산광역시 서구 남부민동,중상사고,0,1,0,0,차대차 - 정면충돌,교차로운행방법위반,건조,맑음,교차로 - 교차로안,승용,남,38세,상해없음,자전거,남,68세,중상
2020102400100242,2020년 10월 24일 12시,토요일,부산광역시 서구 서대신동1가,중상사고,0,1,0,0,차대차 - 기타,안전운전불이행,건조,맑음,교차로 - 교차로안,승용,남,51세,상해없음,승합,남,54세,중상
2020102400100243,2020년 10월 24일 12시,토요일,부산광역시 북구 덕천동,중상사고,0,1,0,0,차대사람 - 기타,안전운전불이행,건조,맑음,기타 - 기타,승용,남,51세,상해없음,보행자,남,63세,중상
2020102400100244,2020년 10월 24일 12시,토요일,부산광역시 동래구 안락동,중상사고,0,1,0,0,차대차 - 측면충돌,안전운전불이행,건조,맑음,단일로 - 기타,이륜,남,42세,상해없음,승용,남,59세,중상
2020102400100245,2020년 10월 24일 12시,토요일,부산광역시 해운대구 우동,경상사고,0,0,2,0,차대차 - 후진중충돌,안전운전불이행,건조,맑음,교차로 - 교차로안,승용,여,35세,상해없음,승용,남,31세,경상
2020102400100246,2020년 10월 24일 12시,토요일,부산광역시 금정구 남산동,중상사고,0,1,0,0,차대차 - 기타,안전거리미확보,건조,맑음,단일로 - 기타,화물,남,64세,상해없음,이륜,남,29세,중상
2020102400100294,2020년 10월 24일 13시,토요일,부산광역시 부산진구 부전동,중상사고,0,1,0,0,차대차 - 기타,중앙선침범,건조,맑음,교차로 - 교차로안,승용,남,50세,상해없음,이륜,남,46세,중상
2020102400100340,2020년 10월 24일 14시,토요일,부산광역시 서구 서대신동3가,경상사고,0,0,2,0,차대차 - 측면충돌,안전거리미확보,건조,맑음,단일로 - 기타,승용,여,56세,상해없음,승용,남,26세,경상
2020102400100341,2020년 10월 24일 14시,토요일,부산광역시 금정구 오륜동,중상사고,0,1,0,1,차대차 - 추돌,안전운전불이행,건조,맑음,단일로 - 터널,승용,남,55세,부상신고,승용,남,54세,중상
2020102400100342,2020년 10월 24일 14시,토요일,부산광역시 연제구 연산동,중상사고,0,1,0,0,차대사람 - 길가장자리구역통행중,안전운전불이행,건조,맑음,단일로 - 기타,승용,여,34세,상해없음,보행자,여,69세,중상
2020102400100343,2020년 10월 24일 14시,토요일,부산광역시 강서구 대저2동,경상사고,0,0,3,0,차대차 - 기타,안전운전불이행,건조,맑음,기타 - 기타,승용,남,34세,상해없음,승용,남,55세,경상
2020102400100344,2020년 10월 24일 14시,토요일,부산광역시 강서구 범방동,경상사고,0,0,1,0,차대차 - 기타,차로위반,건조,맑음,단일로 - 기타,특수,남,66세,상해없음,승용,여,39세,경상
2020102400100401,2020년 10월 24일 15시,토요일,부산광역시 해운대구 반여동,중상사고,0,1,0,0,차대차 - 기타,중앙선침범,건조,맑음,단일로 - 기타,승용,남,63세,상해없음,이륜,남,34세,중상
2020102400100402,2020년 10월 24일 15시,토요일,부산광역시 금정구 서동,경상사고,0,0,1,0,차대사람 - 기타,안전운전불이행,건조,맑음,교차로 - 교차로안,승용,남,61세,상해없음,보행자,여,54세,경상
2020102400100403,2020년 10월 24일 15시,토요일,부산광역시 사상구 모라동,중상사고,0,1,0,0,차대사람 - 횡단중,안전운전불이행,건조,맑음,단일로 - 기타,화물,남,64세,상해없음,보행자,남,60세,중상
2020102400100445,2020년 10월 24일 16시,토요일,부산광역시 부산진구 당감동,중상사고,0,1,2,0,차대차 - 추돌,안전운전불이행,건조,맑음,단일로 - 고가도로위,승용,남,53세,상해없음,승용,여,28세,경상
2020102400100520,2020년 10월 24일 18시,토요일,부산광역시 동구 범일동,경상사고,0,0,2,0,차대차 - 측면충돌,교차로운행방법위반,건조,맑음,교차로 - 교차로안,승용,남,72세,상해없음,승용,남,58세,경상
2020102400100521,2020년 10월 24일 18시,토요일,부산광역시 부산진구 부전동,중상사고,0,1,0,0,차대차 - 기타,안전운전불이행,건조,맑음,교차로 - 교차로안,승용,남,70세,상해없음,이륜,남,19세,중상
2020102400100564,2020년 10월 24일 19시,토요일,부산광역시 중구 영주동,중상사고,0,1,0,0,차대차 - 측면충돌,신호위반,건조,맑음,단일로 - 기타,승용,남,25세,상해없음,이륜,여,31세,중상
2020102400100565,2020년 10월 24일 19시,토요일,부산광역시 남구 문현동,경상사고,0,0,2,0,차대차 - 추돌,안전운전불이행,건조,맑음,교차로 - 교차로부근,이륜,남,21세,상해없음,승용,남,46세,경상
2020102400100629,2020년 10월 24일 21시,토요일,부산광역시 남구 문현동,중상사고,0,1,0,0,차대차 - 측면충돌,기타,건조,맑음,단일로 - 기타,승용,남,56세,상해없음,이륜,남,20세,중상
2020102400100630,2020년 10월 24일 21시,토요일,부산광역시 수영구 광안동,경상사고,0,0,1,0,차대차 - 기타,안전운전불이행,건조,맑음,교차로 - 교차로안,승용,남,51세,상해없음,승용,남,27세,경상
2020102500100019,2020년 10월 25일 01시,일요일,부산광역시 남구 문현동,중상사고,0,1,0,0,차대차 - 측면충돌,안전운전불이행,건조,맑음,단일로 - 기타,승용,남,60세,상해없음,승용,남,24세,중상
2020102500100045,2020년 10월 25일 03시,일요일,부산광역시 해운대구 재송동,중상사고,0,1,1,0,차대차 - 측면충돌,신호위반,건조,맑음,교차로 - 교차로안,이륜,남,25세,중상,승용,남,33세,경상
2020102500100059,2020년 10월 25일 04시,일요일,부산광역시 동구 범일동,중상사고,0,2,0,0,차대차 - 정면충돌,중앙선침범,건조,맑음,단일로 - 고가도로위,승용,여,20세,상해없음,승용,여,21세,중상
2020102500100076,2020년 10월 25일 06시,일요일,부산광역시 강서구 봉림동,경상사고,0,0,1,0,차대차 - 기타,안전운전불이행,건조,맑음,단일로 - 기타,기타불명,기타불명,미분류,기타불명,화물,남,38세,상해없음
2020102500100087,2020년 10월 25일 07시,일요일,부산광역시 연제구 거제동,경상사고,0,0,3,0,차대차 - 정면충돌,안전거리미확보,건조,맑음,단일로 - 기타,승용,남,54세,상해없음,승용,남,76세,상해없음
2020102500100088,2020년 10월 25일 07시,일요일,부산광역시 강서구 명지동,중상사고,0,1,0,0,차대차 - 추돌,안전운전불이행,건조,맑음,교차로 - 교차로부근,승용,남,35세,상해없음,승용,남,27세,중상
2020102500100112,2020년 10월 25일 09시,일요일,부산광역시 사상구 괘법동,중상사고,0,1,0,0,차대차 - 기타,기타,건조,맑음,단일로 - 기타,승용,남,65세,상해없음,원동기,남,23세,중상
2020102500100113,2020년 10월 25일 09시,일요일,부산광역시 기장군 일광면,부상신고사고,0,0,0,2,차대차 - 추돌,안전거리미확보,건조,맑음,교차로 - 교차로부근,승용,여,21세,상해없음,승용,여,38세,부상신고
2020102500100136,2020년 10월 25일 10시,일요일,부산광역시 동래구 명장동,경상사고,0,0,1,0,차대차 - 기타,안전운전불이행,건조,맑음,단일로 - 기타,승용,남,72세,상해없음,승용,여,40세,경상
2020102500100159,2020년 10월 25일 11시,일요일,부산광역시 북구 화명동,경상사고,0,0,3,0,차대차 - 추돌,안전운전불이행,건조,맑음,단일로 - 기타,이륜,남,19세,상해없음,승용,남,45세,경상
2020102500100187,2020년 10월 25일 12시,일요일,부산광역시 남구 우암동,경상사고,0,0,4,0,차대차 - 추돌,안전운전불이행,건조,맑음,단일로 - 기타,승합,남,61세,상해없음,승용,남,45세,경상
2020102500100188,2020년 10월 25일 12시,일요일,부산광역시 강서구 명지동,중상사고,0,1,0,0,차대차 - 기타,안전운전불이행,건조,맑음,단일로 - 기타,승용,남,40세,상해없음,자전거,남,9세,중상
2020102500100189,2020년 10월 25일 12시,일요일,부산광역시 사상구 덕포동,경상사고,0,0,1,0,차대차 - 추돌,안전운전불이행,건조,맑음,교차로 - 교차로안,승용,여,53세,상해없음,승용,남,59세,경상
2020102500100259,2020년 10월 25일 14시,일요일,부산광역시 강서구 동선동,중상사고,0,1,0,0,차대차 - 기타,안전운전불이행,건조,맑음,교차로 - 교차로부근,자전거,남,61세,중상,승용,남,69세,상해없음
2020102500100289,2020년 10월 25일 15시,일요일,부산광역시 서구 남부민동,경상사고,0,0,1,0,차대차 - 측면충돌,안전운전불이행,건조,맑음,교차로 - 교차로안,승용,여,65세,상해없음,승용,남,71세,경상
2020102500100290,2020년 10월 25일 15시,일요일,부산광역시 북구 덕천동,부상신고사고,0,0,0,1,차대차 - 기타,안전운전불이행,건조,맑음,단일로 - 기타,자전거,남,45세,부상신고,자전거,남,81세,상해없음
2020102500100291,2020년 10월 25일 15시,일요일,부산광역시 해운대구 우동,경상사고,0,0,1,0,차대차 - 측면충돌,안전운전불이행,건조,맑음,단일로 - 기타,승용,남,59세,상해없음,승용,남,35세,경상
2020102500100328,2020년 10월 25일 16시,일요일,부산광역시 기장군 일광면,경상사고,0,0,3,0,차대차 - 측면충돌,교차로운행방법위반,건조,맑음,교차로 - 교차로안,승용,남,70세,경상,승용,남,49세,경상
2020102500100360,2020년 10월 25일 17시,일요일,부산광역시 부산진구 가야동,경상사고,0,0,1,0,차대차 - 기타,안전운전불이행,건조,맑음,단일로 - 기타,승용,남,33세,상해없음,화물,남,69세,상해없음
2020102500100408,2020년 10월 25일 18시,일요일,부산광역시 남구 대연동,부상신고사고,0,0,0,1,차대사람 - 보도통행중,안전운전불이행,건조,맑음,교차로 - 교차로부근,승용,남,60세,상해없음,보행자,남,45세,부상신고
2020102500100409,2020년 10월 25일 18시,일요일,부산광역시 남구 우암동,경상사고,0,0,1,0,차대차 - 후진중충돌,안전운전불이행,건조,맑음,단일로 - 기타,승용,남,53세,상해없음,원동기,남,28세,경상
2020102500100410,2020년 10월 25일 18시,일요일,부산광역시 북구 구포동,부상신고사고,0,0,0,1,차대사람 - 기타,안전운전불이행,건조,맑음,교차로 - 교차로안,승용,여,42세,상해없음,보행자,남,68세,부상신고
2020102500100411,2020년 10월 25일 18시,일요일,부산광역시 금정구 청룡동,부상신고사고,0,0,0,1,차대차 - 기타,안전운전불이행,건조,맑음,교차로 - 교차로부근,자전거,남,57세,부상신고,승용,남,27세,상해없음
2020102500100412,2020년 10월 25일 18시,일요일,부산광역시 강서구 명지동,부상신고사고,0,0,0,1,차대차 - 추돌,안전거리미확보,건조,맑음,단일로 - 기타,승용,여,38세,상해없음,승용,남,22세,부상신고
2020102500100471,2020년 10월 25일 19시,일요일,부산광역시 금정구 노포동,경상사고,0,0,1,0,차대차 - 기타,안전운전불이행,건조,맑음,단일로 - 기타,승용,남,61세,상해없음,승용,남,60세,경상
2020102500100572,2020년 10월 25일 23시,일요일,부산광역시 해운대구 재송동,부상신고사고,0,0,0,1,차대사람 - 횡단중,안전운전불이행,건조,맑음,교차로 - 교차로안,승용,남,59세,상해없음,보행자,남,55세,부상신고
2020102500100573,2020년 10월 25일 23시,일요일,부산광역시 사상구 삼락동,경상사고,0,0,1,0,차대차 - 추돌,안전운전불이행,건조,맑음,단일로 - 기타,이륜,남,20세,기타불명,승용,남,39세,경상
2020102600100019,2020년 10월 26일 03시,월요일,부산광역시 부산진구 양정동,경상사고,0,0,2,0,차대차 - 측면충돌,안전운전불이행,건조,맑음,단일로 - 기타,승용,남,19세,상해없음,승용,남,58세,경상
2020102600100060,2020년 10월 26일 07시,월요일,부산광역시 사하구 장림동,경상사고,0,0,3,0,차대차 - 측면충돌,안전거리미확보,건조,맑음,단일로 - 지하차도(도로)내,승용,남,76세,경상,승합,남,71세,경상
2020102600100101,2020년 10월 26일 08시,월요일,부산광역시 강서구 명지동,부상신고사고,0,0,0,1,차대차 - 측면충돌,신호위반,건조,맑음,교차로 - 교차로부근,승용,여,48세,상해없음,승용,남,24세,부상신고
2020102600100102,2020년 10월 26일 08시,월요일,부산광역시 사상구 모라동,경상사고,0,0,1,0,차대사람 - 횡단중,안전운전불이행,건조,맑음,교차로 - 교차로안,승용,여,45세,상해없음,보행자,남,76세,경상
2020102600100167,2020년 10월 26일 09시,월요일,부산광역시 북구 덕천동,중상사고,0,1,0,0,차대차 - 기타,교차로운행방법위반,건조,맑음,교차로 - 교차로안,승용,여,64세,상해없음,승합,남,61세,상해없음
2020102600100168,2020년 10월 26일 09시,월요일,부산광역시 사하구 하단동,중상사고,0,1,0,0,차대사람 - 기타,안전운전불이행,건조,맑음,단일로 - 지하차도(도로)내,승용,여,32세,상해없음,보행자,남,67세,중상
2020102600100195,2020년 10월 26일 10시,월요일,부산광역시 동래구 안락동,경상사고,0,0,1,0,차대차 - 기타,기타,건조,맑음,단일로 - 기타,화물,남,48세,경상,화물,남,47세,상해없음
2020102600100196,2020년 10월 26일 10시,월요일,부산광역시 사상구 학장동,경상사고,0,0,1,0,차대차 - 측면충돌,안전운전불이행,건조,맑음,단일로 - 기타,화물,남,30세,상해없음,승용,남,45세,경상
2020102600100243,2020년 10월 26일 11시,월요일,부산광역시 영도구 봉래동3가,경상사고,0,0,1,0,차대차 - 기타,안전거리미확보,건조,맑음,단일로 - 기타,승용,여,60세,상해없음,건설기계,남,33세,경상
2020102600100287,2020년 10월 26일 12시,월요일,부산광역시 북구 만덕동,경상사고,0,0,1,0,차대차 - 측면충돌,안전운전불이행,건조,맑음,단일로 - 기타,승용,여,58세,상해없음,승용,남,66세,경상
2020102600100288,2020년 10월 26일 12시,월요일,부산광역시 기장군 정관읍,경상사고,0,0,1,0,차대차 - 기타,안전거리미확보,건조,맑음,단일로 - 기타,승용,여,39세,상해없음,승합,남,37세,상해없음