사고번호,사고일시,요일,시군구,사고내용,사망자수,중상자수,경상자수,부상신고자수,사고유형,법규위반,노면상태,기상상태,도로형태,가해운전자 차종,가해운전자 성별,가해운전자 연령,가해운전자 상해정도,피해운전자 차종,피해운전자 성별,피해운전자 연령,피해운전자 상해정도
2020102600100357,2020년 10월 26일 14시,월요일,부산광역시 동구 범일동,경상사고,0,0,2,0,차대차 - 측면충돌,신호위반,건조,맑음,단일로 - 기타,승용,남,71세,상해없음,승용,여,29세,경상
2020102600100359,2020년 10월 26일 14시,월요일,부산광역시 사상구 덕포동,경상사고,0,0,1,0,차대사람 - 보도통행중,보행자보호의무위반,건조,맑음,교차로 - 교차로횡단보도내,화물,남,40세,상해없음,보행자,여,62세,경상
2020102600100383,2020년 10월 26일 15시,월요일,부산광역시 동래구 사직동,경상사고,0,0,1,0,차대차 - 기타,교차로운행방법위반,건조,맑음,교차로 - 교차로안,승용,여,33세,상해없음,이륜,남,40세,경상
2020102600100384,2020년 10월 26일 15시,월요일,부산광역시 강서구 명지동,경상사고,0,0,1,0,차대차 - 측면충돌,신호위반,건조,맑음,교차로 - 교차로안,승용,여,65세,상해없음,승용,여,59세,경상
2020102600100432,2020년 10월 26일 16시,월요일,부산광역시 수영구 남천동,경상사고,0,0,1,0,차대차 - 측면충돌,안전운전불이행,건조,맑음,단일로 - 기타,승합,남,66세,상해없음,승용,남,37세,경상
2020102600100433,2020년 10월 26일 16시,월요일,부산광역시 부산진구 전포동,중상사고,0,1,0,0,차대사람 - 기타,안전운전불이행,건조,맑음,단일로 - 기타,화물,남,37세,상해없음,보행자,여,81세,중상
2020102600100531,2020년 10월 26일 18시,월요일,부산광역시 중구 영주동,경상사고,0,0,1,0,차대차 - 후진중충돌,안전운전불이행,건조,맑음,단일로 - 기타,승용,남,48세,상해없음,화물,남,39세,경상
2020102600100532,2020년 10월 26일 18시,월요일,부산광역시 북구 금곡동,중상사고,0,1,0,0,차대사람 - 횡단중,신호위반,건조,맑음,단일로 - 기타,이륜,남,19세,상해없음,보행자,남,37세,중상
2020102600100533,2020년 10월 26일 18시,월요일,부산광역시 북구 만덕동,경상사고,0,0,2,0,차대차 - 기타,안전거리미확보,건조,맑음,단일로 - 기타,승용,여,50세,상해없음,승용,남,48세,경상
2020102600100534,2020년 10월 26일 18시,월요일,부산광역시 동래구 온천동,경상사고,0,0,1,0,차대차 - 기타,안전운전불이행,건조,맑음,단일로 - 기타,이륜,여,17세,상해없음,승용,남,33세,경상
2020102600100535,2020년 10월 26일 18시,월요일,부산광역시 부산진구 부암동,경상사고,0,0,1,0,차대차 - 측면충돌,안전운전불이행,건조,맑음,단일로 - 기타,승용,남,63세,상해없음,화물,남,37세,경상
2020102600100588,2020년 10월 26일 19시,월요일,부산광역시 해운대구 반여동,부상신고사고,0,0,0,1,차대차 - 기타,중앙선침범,건조,맑음,단일로 - 기타,승용,남,35세,상해없음,승용,남,58세,부상신고
2020102600100589,2020년 10월 26일 19시,월요일,부산광역시 사하구 괴정동,경상사고,0,0,2,0,차대차 - 측면충돌,안전운전불이행,건조,기타,교차로 - 교차로안,이륜,남,26세,경상,승용,남,69세,경상
2020102600100590,2020년 10월 26일 19시,월요일,부산광역시 연제구 연산동,경상사고,0,0,2,0,차대차 - 기타,신호위반,건조,맑음,단일로 - 기타,승용,남,51세,상해없음,승용,여,67세,경상
2020102600100657,2020년 10월 26일 21시,월요일,부산광역시 강서구 생곡동,중상사고,0,1,0,0,차대차 - 후진중충돌,불법유턴,건조,맑음,교차로 - 교차로부근,특수,남,59세,상해없음,화물,남,47세,중상
2020102600100675,2020년 10월 26일 22시,월요일,부산광역시 수영구 남천동,경상사고,0,0,1,1,차대차 - 추돌,안전운전불이행,건조,맑음,단일로 - 기타,승용,남,52세,상해없음,승용,여,29세,경상
2020102600100677,2020년 10월 26일 22시,월요일,부산광역시 강서구 강동동,중상사고,0,1,0,0,차대차 - 기타,안전운전불이행,건조,맑음,단일로 - 기타,승용,남,30세,상해없음,승용,남,47세,중상
2020102600100694,2020년 10월 26일 23시,월요일,부산광역시 북구 구포동,경상사고,0,0,1,0,차량단독 - 기타,안전운전불이행,건조,맑음,단일로 - 기타,이륜,남,31세,상해없음,,,,
2020102600100695,2020년 10월 26일 23시,월요일,부산광역시 동래구 명장동,중상사고,0,1,0,0,차대차 - 기타,과속,건조,맑음,단일로 - 기타,승용,남,28세,상해없음,승용,남,38세,상해없음
2020102700100005,2020년 10월 27일 00시,화요일,부산광역시 금정구 장전동,경상사고,0,0,2,0,차대사람 - 횡단중,안전운전불이행,건조,맑음,교차로 - 교차로횡단보도내,승용,남,26세,상해없음,보행자,여,20세,경상
2020102700100019,2020년 10월 27일 01시,화요일,부산광역시 북구 구포동,중상사고,0,1,1,0,차대차 - 측면충돌,교차로운행방법위반,건조,맑음,교차로 - 교차로안,승용,남,69세,경상,이륜,남,27세,중상
2020102700100036,2020년 10월 27일 04시,화요일,부산광역시 동구 범일동,중상사고,0,1,0,0,차대차 - 기타,안전운전불이행,건조,맑음,단일로 - 기타,자전거,남,80세,중상,승용,남,57세,상해없음
2020102700100053,2020년 10월 27일 06시,화요일,부산광역시 남구 대연동,경상사고,0,0,1,0,차대차 - 측면충돌,안전운전불이행,건조,맑음,기타 - 기타,승용,남,53세,상해없음,자전거,남,78세,경상
2020102700100071,2020년 10월 27일 07시,화요일,부산광역시 남구 대연동,중상사고,0,1,0,0,차대사람 - 기타,기타,건조,맑음,기타 - 기타,승용,여,62세,상해없음,보행자,여,53세,중상
2020102700100097,2020년 10월 27일 08시,화요일,부산광역시 부산진구 부전동,경상사고,0,0,1,0,차대차 - 측면충돌,불법유턴,건조,맑음,단일로 - 기타,자전거,기타불명,미분류,기타불명,승용,남,64세,상해없음
2020102700100098,2020년 10월 27일 08시,화요일,부산광역시 사하구 구평동,경상사고,0,0,1,0,차대차 - 측면충돌,안전운전불이행,건조,맑음,단일로 - 지하차도(도로)내,승용,남,31세,경상,화물,남,47세,상해없음
2020102700100099,2020년 10월 27일 08시,화요일,부산광역시 사상구 학장동,경상사고,0,0,1,0,차대차 - 측면충돌,신호위반,건조,맑음,교차로 - 교차로안,승용,남,62세,상해없음,승용,남,40세,경상
2020102700100132,2020년 10월 27일 09시,화요일,부산광역시 부산진구 부전동,중상사고,0,1,0,0,차대사람 - 기타,안전운전불이행,건조,맑음,단일로 - 기타,승용,여,37세,상해없음,보행자,남,46세,중상
2020102700100133,2020년 10월 27일 09시,화요일,부산광역시 부산진구 당감동,경상사고,0,0,1,0,차대차 - 측면충돌,교차로운행방법위반,건조,맑음,교차로 - 교차로안,화물,남,58세,상해없음,이륜,남,51세,경상
2020102700100174,2020년 10월 27일 10시,화요일,부산광역시 동구 수정동,중상사고,0,1,0,0,차대사람 - 기타,안전운전불이행,건조,맑음,단일로 - 기타,화물,남,64세,상해없음,보행자,여,65세,중상
2020102700100217,2020년 10월 27일 11시,화요일,부산광역시 연제구 거제동,중상사고,0,1,0,0,차대사람 - 기타,안전운전불이행,건조,맑음,교차로 - 교차로안,승용,여,48세,상해없음,보행자,여,93세,중상
2020102700100246,2020년 10월 27일 12시,화요일,부산광역시 남구 대연동,중상사고,0,1,0,0,차대차 - 추돌,안전운전불이행,건조,맑음,단일로 - 기타,이륜,남,24세,중상,승용,여,45세,상해없음
2020102700100325,2020년 10월 27일 14시,화요일,부산광역시 서구 남부민동,경상사고,0,0,2,0,차대차 - 측면충돌,안전운전불이행,건조,맑음,기타 - 기타,승용,남,64세,상해없음,승용,여,50세,경상
2020102700100357,2020년 10월 27일 15시,화요일,부산광역시 금정구 부곡동,중상사고,0,1,0,0,차대사람 - 기타,기타,건조,맑음,단일로 - 기타,이륜,남,26세,상해없음,보행자,여,57세,중상
2020102700100358,2020년 10월 27일 15시,화요일,부산광역시 사상구 감전동,중상사고,0,1,0,0,차대사람 - 횡단중,안전운전불이행,건조,맑음,단일로 - 기타,이륜,남,48세,상해없음,보행자,남,81세,중상
2020102700100394,2020년 10월 27일 16시,화요일,부산광역시 남구 용당동,중상사고,0,1,0,0,차대차 - 측면충돌,안전운전불이행,건조,맑음,기타 - 기타,이륜,남,45세,중상,승용,남,54세,상해없음
2020102700100395,2020년 10월 27일 16시,화요일,부산광역시 동래구 온천동,중상사고,0,1,0,0,차대차 - 측면충돌,불법유턴,건조,맑음,단일로 - 기타,자전거,여,55세,중상,승용,남,41세,상해없음
2020102700100396,2020년 10월 27일 16시,화요일,부산광역시 해운대구 반송동,중상사고,0,1,0,0,차대사람 - 횡단중,안전운전불이행,건조,맑음,교차로 - 교차로부근,화물,남,27세,상해없음,보행자,남,86세,중상
2020102700100448,2020년 10월 27일 17시,화요일,부산광역시 연제구 연산동,부상신고사고,0,0,0,1,차대사람 - 기타,신호위반,건조,맑음,단일로 - 기타,이륜,남,41세,상해없음,보행자,여,42세,부상신고
2020102700100449,2020년 10월 27일 17시,화요일,부산광역시 연제구 거제동,경상사고,0,0,2,0,차대차 - 기타,안전거리미확보,건조,맑음,교차로 - 교차로안,승용,남,77세,상해없음,화물,남,33세,경상
2020102700100480,2020년 10월 27일 18시,화요일,부산광역시 해운대구 우동,경상사고,0,0,5,0,차대차 - 측면충돌,안전거리미확보,건조,맑음,단일로 - 기타,승용,남,54세,경상,승용,남,29세,경상
2020102700100481,2020년 10월 27일 18시,화요일,부산광역시 부산진구 범천동,경상사고,0,0,1,0,차대사람 - 기타,안전운전불이행,건조,맑음,교차로 - 교차로안,승용,남,34세,상해없음,보행자,남,23세,경상
2020102700100482,2020년 10월 27일 18시,화요일,부산광역시 금정구 장전동,경상사고,0,0,1,0,차대차 - 기타,안전운전불이행,건조,맑음,단일로 - 기타,승용,여,56세,상해없음,이륜,남,26세,경상
2020102700100483,2020년 10월 27일 18시,화요일,부산광역시 사상구 학장동,경상사고,0,0,2,0,차대차 - 측면충돌,안전거리미확보,건조,맑음,단일로 - 기타,승용,남,60세,상해없음,승용,남,32세,경상
2020102700100552,2020년 10월 27일 19시,화요일,부산광역시 부산진구 부전동,경상사고,0,0,2,0,차대차 - 기타,신호위반,건조,맑음,교차로 - 교차로안,이륜,남,22세,경상,이륜,남,30세,경상
2020102700100553,2020년 10월 27일 19시,화요일,부산광역시 부산진구 부암동,중상사고,0,1,0,0,차대차 - 기타,신호위반,건조,맑음,교차로 - 교차로안,승용,남,43세,상해없음,이륜,남,30세,중상
2020102700100593,2020년 10월 27일 20시,화요일,부산광역시 남구 용호동,경상사고,0,0,1,0,차대사람 - 보도통행중,안전운전불이행,건조,맑음,기타 - 기타,승용,여,27세,상해없음,보행자,남,14세,경상
2020102700100594,2020년 10월 27일 20시,화요일,부산광역시 북구 구포동,경상사고,0,0,1,1,차대차 - 기타,안전운전불이행,건조,맑음,교차로 - 교차로안,승용,남,60세,부상신고,승용,여,49세,경상
2020102700100595,2020년 10월 27일 20시,화요일,부산광역시 해운대구 좌동,중상사고,0,1,0,0,차대사람 - 횡단중,안전운전불이행,건조,맑음,교차로 - 교차로안,화물,남,33세,상해없음,보행자,남,72세,중상
2020102700100628,2020년 10월 27일 21시,화요일,부산광역시 금정구 장전동,경상사고,0,0,1,0,차대차 - 기타,안전운전불이행,건조,맑음,교차로 - 교차로안,승용,남,68세,상해없음,승용,남,35세,경상
2020102700100629,2020년 10월 27일 21시,화요일,부산광역시 강서구 신호동,경상사고,0,0,1,0,차대사람 - 기타,안전운전불이행,건조,맑음,단일로 - 기타,승용,남,47세,상해없음,보행자,남,18세,경상
2020102700100655,2020년 10월 27일 22시,화요일,부산광역시 동래구 사직동,부상신고사고,0,0,0,1,차대사람 - 보도통행중,기타,건조,맑음,기타 - 기타,원동기,여,18세,상해없음,보행자,여,41세,부상신고
2020102700100672,2020년 10월 27일 23시,화요일,부산광역시 사하구 당리동,중상사고,0,1,0,0,차대차 - 기타,안전운전불이행,건조,맑음,교차로 - 교차로안,화물,남,27세,상해없음,이륜,남,48세,중상
2020102800100005,2020년 10월 28일 00시,수요일,부산광역시 동구 좌천동,경상사고,0,0,1,0,차대차 - 측면충돌,차로위반,건조,맑음,단일로 - 기타,승용,남,54세,상해없음,승용,남,49세,상해없음
2020102800100031,2020년 10월 28일 02시,수요일,부산광역시 강서구 지사동,사망사고,1,0,1,0,차대차 - 측면충돌,안전운전불이행,건조,맑음,단일로 - 기타,승용,남,37세,사망,화물,남,51세,경상
2020102800100052,2020년 10월 28일 05시,수요일,부산광역시 해운대구 우동,경상사고,0,0,1,0,차대차 - 측면충돌,안전거리미확보,건조,맑음,단일로 - 기타,화물,남,30세,상해없음,승용,남,43세,경상
2020102800100060,2020년 10월 28일 06시,수요일,부산광역시 동래구 온천동,중상사고,0,1,0,0,차대차 - 측면충돌,안전운전불이행,건조,맑음,단일로 - 기타,승용,남,72세,상해없음,자전거,남,78세,중상
2020102800100061,2020년 10월 28일 06시,수요일,부산광역시 사하구 장림동,경상사고,0,0,1,0,차대차 - 측면충돌,신호위반,건조,맑음,교차로 - 교차로안,화물,남,35세,상해없음,승용,남,54세,경상
2020102800100062,2020년 10월 28일 06시,수요일,부산광역시 강서구 명지동,경상사고,0,0,1,0,차대차 - 측면충돌,교차로운행방법위반,건조,맑음,교차로 - 교차로안,승용,남,69세,상해없음,승용,여,31세,경상
2020102800100098,2020년 10월 28일 08시,수요일,부산광역시 부산진구 부전동,경상사고,0,0,3,0,차대차 - 기타,안전운전불이행,건조,맑음,교차로 - 교차로부근,승용,여,33세,경상,승용,여,47세,경상
2020102800100099,2020년 10월 28일 08시,수요일,부산광역시 금정구 서동,경상사고,0,0,2,0,차대차 - 기타,직진우회전진행방해,건조,맑음,교차로 - 교차로안,화물,남,27세,상해없음,승용,여,30세,경상
2020102800100100,2020년 10월 28일 08시,수요일,부산광역시 사하구 감천동,경상사고,0,0,1,0,차대차 - 추돌,안전거리미확보,건조,맑음,교차로 - 교차로부근,화물,남,53세,상해없음,승용,남,32세,경상
2020102800100101,2020년 10월 28일 08시,수요일,부산광역시 연제구 연산동,경상사고,0,0,2,0,차대차 - 측면충돌,교차로운행방법위반,건조,맑음,교차로 - 교차로부근,승용,남,76세,기타불명,승용,남,52세,경상
2020102800100143,2020년 10월 28일 09시,수요일,부산광역시 부산진구 부전동,경상사고,0,0,2,0,차대차 - 측면충돌,신호위반,건조,맑음,교차로 - 교차로안,승용,여,58세,상해없음,화물,남,64세,경상
2020102800100144,2020년 10월 28일 09시,수요일,부산광역시 사하구 구평동,경상사고,0,0,1,0,차대차 - 측면충돌,안전운전불이행,건조,맑음,단일로 - 기타,화물,남,56세,상해없음,승용,여,30세,경상
2020102800100183,2020년 10월 28일 10시,수요일,부산광역시 부산진구 양정동,중상사고,0,1,0,0,차대차 - 기타,안전운전불이행,건조,맑음,단일로 - 기타,이륜,남,51세,중상,건설기계,남,66세,상해없음
2020102800100216,2020년 10월 28일 11시,수요일,부산광역시 금정구 부곡동,중상사고,0,1,0,1,차대차 - 기타,신호위반,건조,맑음,교차로 - 교차로안,승용,여,48세,부상신고,승용,남,67세,중상
2020102800100264,2020년 10월 28일 12시,수요일,부산광역시 서구 아미동1가,중상사고,0,1,0,0,차대사람 - 기타,안전운전불이행,건조,맑음,단일로 - 기타,승합,남,35세,상해없음,보행자,여,83세,중상
2020102800100291,2020년 10월 28일 13시,수요일,부산광역시 서구 동대신동3가,경상사고,0,0,2,0,차대차 - 측면충돌,안전운전불이행,건조,맑음,교차로 - 교차로부근,승용,남,76세,상해없음,화물,남,31세,경상
2020102800100292,2020년 10월 28일 13시,수요일,부산광역시 사하구 감천동,중상사고,0,1,0,0,차대사람 - 횡단중,안전운전불이행,건조,맑음,교차로 - 교차로부근,승용,여,54세,상해없음,보행자,여,9세,중상
2020102800100334,2020년 10월 28일 14시,수요일,부산광역시 남구 용호동,경상사고,0,0,1,0,차대차 - 측면충돌,안전운전불이행,건조,맑음,단일로 - 기타,승용,남,64세,기타불명,원동기,남,44세,경상
2020102800100335,2020년 10월 28일 14시,수요일,부산광역시 북구 구포동,중상사고,0,1,0,0,차대사람 - 기타,안전운전불이행,건조,맑음,단일로 - 교량,화물,남,37세,상해없음,보행자,남,76세,중상
2020102800100336,2020년 10월 28일 14시,수요일,부산광역시 연제구 연산동,경상사고,0,0,1,0,차대차 - 기타,안전운전불이행,건조,맑음,단일로 - 기타,승용,남,64세,상해없음,승용,남,58세,경상
2020102800100369,2020년 10월 28일 15시,수요일,부산광역시 남구 우암동,경상사고,0,0,1,0,차대차 - 추돌,안전운전불이행,건조,맑음,단일로 - 기타,기타불명,남,27세,상해없음,승합,남,60세,상해없음
2020102800100408,2020년 10월 28일 16시,수요일,부산광역시 동래구 사직동,중상사고,0,1,0,0,차대사람 - 기타,안전운전불이행,건조,맑음,교차로 - 교차로부근,승합,남,67세,상해없음,보행자,여,76세,중상
2020102800100409,2020년 10월 28일 16시,수요일,부산광역시 금정구 구서동,중상사고,0,1,0,0,차대사람 - 기타,안전운전불이행,건조,맑음,단일로 - 기타,승합,남,61세,상해없음,보행자,남,10세,중상
2020102800100446,2020년 10월 28일 17시,수요일,부산광역시 수영구 광안동,경상사고,0,0,1,0,차대사람 - 기타,보행자보호의무위반,건조,맑음,교차로 - 교차로횡단보도내,화물,남,52세,상해없음,보행자,남,74세,경상
2020102800100493,2020년 10월 28일 18시,수요일,부산광역시 동구 좌천동,부상신고사고,0,0,0,1,차대차 - 측면충돌,차로위반,건조,맑음,교차로 - 교차로부근,이륜,남,24세,부상신고,승용,남,66세,상해없음
2020102800100494,2020년 10월 28일 18시,수요일,부산광역시 남구 문현동,경상사고,0,0,1,0,차대차 - 측면충돌,안전거리미확보,건조,맑음,교차로 - 교차로부근,승용,여,25세,상해없음,승용,남,61세,경상
2020102800100496,2020년 10월 28일 18시,수요일,부산광역시 사하구 장림동,중상사고,0,1,0,0,차대사람 - 보도통행중,안전운전불이행,건조,맑음,교차로 - 교차로횡단보도내,승용,여,50세,상해없음,보행자,여,50세,중상
2020102800100497,2020년 10월 28일 18시,수요일,부산광역시 사상구 학장동,중상사고,0,2,0,0,차대차 - 측면충돌,안전운전불이행,건조,맑음,교차로 - 교차로안,승합,남,69세,상해없음,승합,남,72세,중상
2020102800100565,2020년 10월 28일 19시,수요일,부산광역시 사하구 하단동,중상사고,0,1,0,0,차대사람 - 길가장자리구역통행중,안전운전불이행,건조,맑음,단일로 - 기타,승용,남,53세,상해없음,보행자,여,50세,중상
2020102800100566,2020년 10월 28일 19시,수요일,부산광역시 사상구 모라동,경상사고,0,0,2,0,차대차 - 추돌,안전운전불이행,건조,맑음,교차로 - 교차로부근,승용,남,41세,상해없음,승용,남,33세,경상
2020102800100603,2020년 10월 28일 20시,수요일,부산광역시 동래구 안락동,부상신고사고,0,0,0,1,차대차 - 추돌,안전거리미확보,건조,맑음,단일로 - 기타,이륜,남,16세,상해없음,승용,여,58세,부상신고
2020102800100604,2020년 10월 28일 20시,수요일,부산광역시 사상구 엄궁동,경상사고,0,0,1,0,차대사람 - 보도통행중,안전운전불이행,건조,맑음,기타 - 기타,승용,남,54세,상해없음,보행자,여,21세,경상
2020102800100632,2020년 10월 28일 21시,수요일,부산광역시 연제구 연산동,경상사고,0,0,2,0,차대차 - 추돌,안전운전불이행,건조,맑음,교차로 - 교차로부근,승용,남,24세,상해없음,승용,남,67세,경상
2020102900100014,2020년 10월 29일 01시,목요일,부산광역시 사상구 모라동,중상사고,0,1,1,0,차대사람 - 횡단중,안전운전불이행,건조,맑음,단일로 - 기타,승용,남,50세,상해없음,보행자,남,47세,중상
2020102900100023,2020년 10월 29일 02시,목요일,부산광역시 남구 대연동,중상사고,0,1,0,0,차대사람 - 기타,안전운전불이행,건조,맑음,교차로 - 교차로안,승용,남,61세,상해없음,보행자,남,44세,중상
2020102900100024,2020년 10월 29일 02시,목요일,부산광역시 금정구 장전동,경상사고,0,0,1,0,차대사람 - 기타,안전운전불이행,건조,맑음,교차로 - 교차로안,승용,남,72세,상해없음,보행자,여,22세,경상
2020102900100034,2020년 10월 29일 03시,목요일,부산광역시 서구 토성동5가,경상사고,0,0,1,0,차량단독 - 전도전복 - 전도,안전운전불이행,건조,맑음,단일로 - 기타,원동기,남,53세,경상,,,,
2020102900100042,2020년 10월 29일 04시,목요일,부산광역시 사상구 삼락동,중상사고,0,1,0,0,차대차 - 측면충돌,신호위반,건조,맑음,교차로 - 교차로안,화물,남,56세,상해없음,승용,남,65세,중상
2020102900100114,2020년 10월 29일 08시,목요일,부산광역시 남구 용당동,경상사고,0,0,1,0,차대차 - 측면충돌,교차로운행방법위반,건조,맑음,교차로 - 교차로안,건설기계,남,61세,상해없음,화물,남,45세,경상
2020102900100151,2020년 10월 29일 09시,목요일,부산광역시 연제구 연산동,경상사고,0,0,1,0,차대차 - 측면충돌,교차로운행방법위반,건조,맑음,교차로 - 교차로안,승용,남,64세,상해없음,승용,남,76세,경상
2020102900100188,2020년 10월 29일 10시,목요일,부산광역시 연제구 연산동,중상사고,0,1,1,0,차대차 - 측면충돌,교차로운행방법위반,건조,맑음,교차로 - 교차로안,승용,남,60세,경상,승용,남,39세,중상
2020102900100189,2020년 10월 29일 10시,목요일,부산광역시 기장군 철마면,중상사고,0,1,0,0,차대차 - 정면충돌,신호위반,건조,맑음,교차로 - 교차로안,승용,남,77세,상해없음,이륜,남,34세,중상
2020102900100231,2020년 10월 29일 11시,목요일,부산광역시 수영구 광안동,중상사고,0,1,0,0,차대차 - 기타,안전운전불이행,건조,맑음,단일로 - 기타,승용,여,42세,상해없음,원동기,여,32세,중상
2020102900100232,2020년 10월 29일 11시,목요일,부산광역시 영도구 대평동2가,경상사고,0,0,1,0,차대차 - 측면충돌,안전운전불이행,건조,맑음,교차로 - 교차로안,화물,남,25세,상해없음,이륜,남,27세,경상
2020102900100267,2020년 10월 29일 12시,목요일,부산광역시 사하구 하단동,경상사고,0,0,2,0,차대차 - 기타,안전운전불이행,건조,맑음,단일로 - 지하차도(도로)내,승용,여,42세,상해없음,승용,남,32세,경상
2020102900100300,2020년 10월 29일 13시,목요일,부산광역시 북구 덕천동,경상사고,0,0,1,0,차대사람 - 기타,안전운전불이행,건조,맑음,단일로 - 기타,승용,남,65세,상해없음,보행자,여,33세,경상
2020102900100301,2020년 10월 29일 13시,목요일,부산광역시 기장군 기장읍,중상사고,0,1,0,0,차대사람 - 기타,안전운전불이행,건조,맑음,단일로 - 기타,건설기계,남,50세,상해없음,보행자,여,84세,중상
2020102900100339,2020년 10월 29일 14시,목요일,부산광역시 서구 동대신동2가,중상사고,0,1,0,0,차대사람 - 차도통행중,안전운전불이행,건조,맑음,단일로 - 기타,승용,남,68세,상해없음,보행자,여,69세,중상
2020102900100340,2020년 10월 29일 14시,목요일,부산광역시 강서구 송정동,중상사고,0,1,1,0,차대차 - 정면충돌,안전운전불이행,건조,맑음,단일로 - 기타,자전거,남,40세,중상,자전거,남,65세,경상
2020102900100376,2020년 10월 29일 15시,목요일,부산광역시 북구 화명동,중상사고,0,1,0,0,차대차 - 기타,안전운전불이행,건조,맑음,단일로 - 기타,이륜,남,73세,상해없음,자전거,남,12세,중상
2020102900100377,2020년 10월 29일 15시,목요일,부산광역시 동래구 온천동,경상사고,0,0,1,0,차대사람 - 횡단중,안전운전불이행,건조,맑음,교차로 - 교차로안,승용,여,54세,상해없음,보행자,남,80세,경상
2020102900100378,2020년 10월 29일 15시,목요일,부산광역시 사하구 당리동,경상사고,0,0,1,0,차대사람 - 기타,안전운전불이행,건조,맑음,교차로 - 교차로부근,승용,여,65세,상해없음,보행자,여,58세,경상
2020102900100421,2020년 10월 29일 16시,목요일,부산광역시 동래구 안락동,경상사고,0,0,1,0,차대차 - 기타,안전운전불이행,건조,맑음,교차로 - 교차로안,승용,남,53세,상해없음,승용,남,31세,경상
2020102900100422,2020년 10월 29일 16시,목요일,부산광역시 동래구 온천동,경상사고,0,0,1,0,차대차 - 기타,교차로운행방법위반,건조,맑음,교차로 - 교차로안,화물,남,74세,상해없음,화물,남,57세,경상
2020102900100423,2020년 10월 29일 16시,목요일,부산광역시 해운대구 좌동,경상사고,0,0,1,0,차대차 - 기타,기타,건조,맑음,단일로 - 기타,승용,남,51세,상해없음,승합,남,55세,경상
2020102900100424,2020년 10월 29일 16시,목요일,부산광역시 연제구 연산동,경상사고,0,0,1,0,차대차 - 기타,안전운전불이행,건조,맑음,단일로 - 기타,특수,남,51세,상해없음,기타불명,남,77세,경상
2020102900100463,2020년 10월 29일 17시,목요일,부산광역시 동래구 명륜동,경상사고,0,0,1,0,차대사람 - 기타,안전운전불이행,건조,맑음,교차로 - 교차로안,승용,여,58세,상해없음,보행자,여,57세,경상
2020102900100464,2020년 10월 29일 17시,목요일,부산광역시 동래구 안락동,경상사고,0,0,1,0,차량단독 - 기타,안전운전불이행,건조,맑음,단일로 - 기타,승합,남,52세,상해없음,,,,
2020102900100465,2020년 10월 29일 17시,목요일,부산광역시 해운대구 우동,중상사고,0,1,0,0,차대차 - 기타,안전거리미확보,건조,맑음,교차로 - 교차로부근,이륜,남,21세,상해없음,이륜,남,43세,중상
2020102900100466,2020년 10월 29일 17시,목요일,부산광역시 부산진구 전포동,중상사고,0,1,0,0,차대차 - 기타,안전운전불이행,건조,맑음,교차로 - 교차로안,승용,여,49세,상해없음,자전거,여,28세,중상
2020102900100467,2020년 10월 29일 17시,목요일,부산광역시 사하구 괴정동,경상사고,0,0,4,0,차대차 - 기타,안전거리미확보,건조,맑음,교차로 - 교차로부근,승용,남,31세,경상,승용,남,28세,경상
2020102900100468,2020년 10월 29일 17시,목요일,부산광역시 연제구 거제동,경상사고,0,0,1,0,차대차 - 측면충돌,안전거리미확보,건조,맑음,단일로 - 기타,승용,여,45세,상해없음,승합,여,51세,경상
2020102900100469,2020년 10월 29일 17시,목요일,부산광역시 강서구 명지동,경상사고,0,0,3,0,차대차 - 측면충돌,안전거리미확보,건조,맑음,단일로 - 기타,건설기계,남,45세,상해없음,승용,남,39세,경상
2020102900100524,2020년 10월 29일 18시,목요일,부산광역시 서구 암남동,경상사고,0,0,2,0,차대차 - 추돌,안전운전불이행,건조,맑음,단일로 - 기타,화물,남,77세,경상,승용,남,40세,경상
2020102900100525,2020년 10월 29일 18시,목요일,부산광역시 북구 화명동,중상사고,0,1,0,0,차대차 - 측면충돌,안전운전불이행,건조,맑음,교차로 - 교차로안,승용,남,45세,상해없음,이륜,남,40세,중상
2020102900100526,2020년 10월 29일 18시,목요일,부산광역시 북구 금곡동,중상사고,0,1,0,0,차대사람 - 기타,신호위반,건조,맑음,교차로 - 교차로안,원동기,남,39세,상해없음,보행자,남,7세,중상
2020102900100527,2020년 10월 29일 18시,목요일,부산광역시 동래구 명장동,중상사고,0,1,0,0,차대차 - 기타,안전운전불이행,건조,맑음,교차로 - 교차로안,승용,여,52세,상해없음,이륜,남,48세,중상
2020102900100528,2020년 10월 29일 18시,목요일,부산광역시 해운대구 좌동,중상사고,0,1,0,0,차대사람 - 차도통행중,안전운전불이행,건조,맑음,단일로 - 기타,승용,남,61세,상해없음,보행자,남,13세,중상
2020102900100529,2020년 10월 29일 18시,목요일,부산광역시 강서구 지사동,중상사고,0,1,0,0,차대차 - 측면충돌,신호위반,건조,맑음,교차로 - 교차로부근,승용,남,42세,상해없음,자전거,남,67세,중상
2020102900100530,2020년 10월 29일 18시,목요일,부산광역시 사상구 주례동,중상사고,0,1,0,0,차대사람 - 횡단중,보행자보호의무위반,건조,맑음,단일로 - 기타,승용,남,34세,상해없음,보행자,여,81세,중상