사고번호,사고일시,요일,시군구,사고내용,사망자수,중상자수,경상자수,부상신고자수,사고유형,법규위반,노면상태,기상상태,도로형태,가해운전자 차종,가해운전자 성별,가해운전자 연령,가해운전자 상해정도,피해운전자 차종,피해운전자 성별,피해운전자 연령,피해운전자 상해정도
2020111800100607,2020년 11월 18일 20시,수요일,부산광역시 부산진구 양정동,중상사고,0,1,0,0,차대차 - 기타,안전운전불이행,건조,맑음,기타 - 기타,승용,남,27세,상해없음,이륜,남,40세,중상
2020111800100608,2020년 11월 18일 20시,수요일,부산광역시 금정구 장전동,경상사고,0,0,1,0,차대차 - 기타,안전운전불이행,건조,맑음,기타 - 기타,화물,남,45세,상해없음,이륜,남,32세,경상
2020111800100664,2020년 11월 18일 22시,수요일,부산광역시 동래구 온천동,경상사고,0,0,1,0,차대차 - 기타,차로위반,젖음/습기,비,단일로 - 기타,승용,남,66세,상해없음,이륜,남,23세,경상
2020111800100665,2020년 11월 18일 22시,수요일,부산광역시 해운대구 중동,경상사고,0,0,1,0,차대차 - 기타,기타,건조,맑음,단일로 - 기타,승용,남,60세,상해없음,이륜,남,57세,경상
2020111900100033,2020년 11월 19일 02시,목요일,부산광역시 사상구 주례동,경상사고,0,0,1,0,차대사람 - 기타,안전운전불이행,건조,맑음,교차로 - 교차로안,승용,남,60세,상해없음,보행자,남,65세,경상
2020111900100071,2020년 11월 19일 06시,목요일,부산광역시 동래구 온천동,경상사고,0,0,1,0,차대차 - 기타,안전운전불이행,젖음/습기,맑음,단일로 - 기타,승합,남,56세,상해없음,승용,남,36세,경상
2020111900100072,2020년 11월 19일 06시,목요일,부산광역시 사하구 장림동,중상사고,0,1,2,0,차대차 - 기타,신호위반,건조,맑음,교차로 - 교차로부근,승합,남,63세,중상,승용,남,46세,경상
2020111900100104,2020년 11월 19일 07시,목요일,부산광역시 수영구 광안동,중상사고,0,1,0,0,차대차 - 측면충돌,안전거리미확보,젖음/습기,비,단일로 - 기타,승용,여,41세,상해없음,승용,여,37세,중상
2020111900100105,2020년 11월 19일 07시,목요일,부산광역시 사상구 괘법동,중상사고,0,1,0,0,차대사람 - 기타,보행자보호의무위반,젖음/습기,비,교차로 - 교차로부근,화물,남,44세,상해없음,보행자,여,74세,중상
2020111900100143,2020년 11월 19일 08시,목요일,부산광역시 남구 대연동,경상사고,0,0,1,0,차대차 - 측면충돌,안전운전불이행,건조,맑음,단일로 - 기타,화물,남,57세,상해없음,승용,남,27세,경상
2020111900100144,2020년 11월 19일 08시,목요일,부산광역시 북구 덕천동,부상신고사고,0,0,0,4,차대차 - 기타,신호위반,젖음/습기,비,교차로 - 교차로안,승용,여,50세,상해없음,승합,여,50세,부상신고
2020111900100146,2020년 11월 19일 08시,목요일,부산광역시 연제구 연산동,경상사고,0,0,2,0,차대차 - 기타,교차로운행방법위반,젖음/습기,비,교차로 - 교차로안,화물,남,50세,상해없음,승용,남,26세,경상
2020111900100147,2020년 11월 19일 08시,목요일,부산광역시 기장군 철마면,경상사고,0,0,8,0,차대차 - 추돌,안전거리미확보,젖음/습기,비,단일로 - 터널,승용,여,48세,경상,화물,남,50세,상해없음
2020111900100202,2020년 11월 19일 09시,목요일,부산광역시 해운대구 우동,경상사고,0,0,1,0,차대사람 - 기타,안전운전불이행,건조,맑음,교차로 - 교차로안,기타불명,기타불명,미분류,기타불명,보행자,여,61세,경상
2020111900100203,2020년 11월 19일 09시,목요일,부산광역시 부산진구 부전동,중상사고,0,1,0,0,차대차 - 측면충돌,신호위반,젖음/습기,비,교차로 - 교차로안,화물,남,53세,상해없음,이륜,남,25세,중상
2020111900100204,2020년 11월 19일 09시,목요일,부산광역시 금정구 회동동,경상사고,0,0,3,0,차대차 - 추돌,안전거리미확보,건조,맑음,단일로 - 기타,화물,남,64세,상해없음,화물,남,49세,경상
2020111900100239,2020년 11월 19일 10시,목요일,부산광역시 금정구 부곡동,경상사고,0,0,2,0,차대차 - 기타,안전운전불이행,젖음/습기,비,교차로 - 교차로부근,승용,여,61세,상해없음,승용,남,48세,경상
2020111900100240,2020년 11월 19일 10시,목요일,부산광역시 강서구 송정동,경상사고,0,0,1,0,차대차 - 측면충돌,안전거리미확보,젖음/습기,비,단일로 - 기타,화물,남,44세,상해없음,승용,남,63세,경상
2020111900100276,2020년 11월 19일 11시,목요일,부산광역시 금정구 노포동,중상사고,0,1,0,0,차량단독 - 기타,안전운전불이행,젖음/습기,비,단일로 - 기타,승용,남,71세,상해없음,,,,
2020111900100309,2020년 11월 19일 12시,목요일,부산광역시 금정구 장전동,경상사고,0,0,1,0,차대차 - 기타,교차로운행방법위반,젖음/습기,비,교차로 - 교차로안,승용,남,73세,상해없음,승용,남,59세,경상
2020111900100310,2020년 11월 19일 12시,목요일,부산광역시 사하구 다대동,경상사고,0,0,1,0,차대차 - 기타,안전운전불이행,젖음/습기,비,교차로 - 교차로부근,화물,남,48세,상해없음,승용,여,59세,경상
2020111900100311,2020년 11월 19일 12시,목요일,부산광역시 연제구 연산동,경상사고,0,0,1,0,차대차 - 기타,안전거리미확보,젖음/습기,비,단일로 - 기타,승용,여,44세,상해없음,건설기계,남,39세,경상
2020111900100339,2020년 11월 19일 13시,목요일,부산광역시 서구 동대신동3가,중상사고,0,1,0,0,차대차 - 기타,안전거리미확보,젖음/습기,비,단일로 - 기타,승용,남,43세,상해없음,원동기,남,54세,중상
2020111900100340,2020년 11월 19일 13시,목요일,부산광역시 남구 문현동,경상사고,0,0,1,0,차대차 - 기타,안전운전불이행,젖음/습기,비,교차로 - 교차로안,승용,남,62세,상해없음,승용,남,34세,경상
2020111900100341,2020년 11월 19일 13시,목요일,부산광역시 영도구 청학동,중상사고,0,1,0,0,차대사람 - 기타,안전운전불이행,건조,맑음,단일로 - 기타,승용,남,68세,상해없음,보행자,여,37세,중상
2020111900100342,2020년 11월 19일 13시,목요일,부산광역시 해운대구 반송동,중상사고,0,1,0,0,차대사람 - 차도통행중,안전운전불이행,젖음/습기,비,단일로 - 기타,이륜,남,53세,상해없음,보행자,여,75세,중상
2020111900100343,2020년 11월 19일 13시,목요일,부산광역시 부산진구 부전동,경상사고,0,0,1,0,차대차 - 측면충돌,안전운전불이행,젖음/습기,비,교차로 - 교차로안,승용,남,71세,상해없음,원동기,남,23세,경상
2020111900100372,2020년 11월 19일 14시,목요일,부산광역시 해운대구 우동,경상사고,0,0,1,0,차대차 - 추돌,안전운전불이행,젖음/습기,비,교차로 - 교차로부근,화물,남,65세,상해없음,승용,남,25세,경상
2020111900100373,2020년 11월 19일 14시,목요일,부산광역시 부산진구 전포동,경상사고,0,0,2,0,차대차 - 추돌,안전거리미확보,젖음/습기,비,단일로 - 기타,승용,남,41세,상해없음,승용,여,35세,경상
2020111900100407,2020년 11월 19일 15시,목요일,부산광역시 수영구 광안동,경상사고,0,0,2,0,차대차 - 측면충돌,안전운전불이행,젖음/습기,비,교차로 - 교차로안,승용,남,62세,경상,승합,남,50세,경상
2020111900100408,2020년 11월 19일 15시,목요일,부산광역시 강서구 송정동,경상사고,0,0,1,0,차대차 - 기타,안전운전불이행,젖음/습기,흐림,단일로 - 기타,승용,남,35세,상해없음,승용,여,46세,경상
2020111900100439,2020년 11월 19일 16시,목요일,부산광역시 동구 범일동,중상사고,0,1,2,0,차대차 - 정면충돌,중앙선침범,젖음/습기,흐림,단일로 - 기타,승용,남,23세,상해없음,승용,남,42세,경상
2020111900100440,2020년 11월 19일 16시,목요일,부산광역시 금정구 회동동,중상사고,0,1,2,2,차대차 - 추돌,신호위반,젖음/습기,맑음,단일로 - 터널,승용,남,63세,상해없음,승용,여,48세,중상
2020111900100477,2020년 11월 19일 17시,목요일,부산광역시 부산진구 부암동,경상사고,0,0,4,0,차대차 - 정면충돌,신호위반,건조,맑음,교차로 - 교차로안,승용,여,70세,경상,승용,남,68세,경상
2020111900100478,2020년 11월 19일 17시,목요일,부산광역시 사하구 당리동,경상사고,0,0,1,0,차대차 - 기타,안전운전불이행,젖음/습기,비,교차로 - 교차로안,화물,남,42세,상해없음,이륜,남,40세,경상
2020111900100527,2020년 11월 19일 18시,목요일,부산광역시 수영구 광안동,경상사고,0,0,2,0,차대차 - 기타,불법유턴,건조,맑음,교차로 - 교차로안,승용,남,49세,상해없음,승용,남,21세,경상
2020111900100528,2020년 11월 19일 18시,목요일,부산광역시 남구 대연동,중상사고,0,1,0,0,차대차 - 측면충돌,안전운전불이행,건조,맑음,교차로 - 교차로안,승용,여,52세,상해없음,이륜,남,46세,중상
2020111900100529,2020년 11월 19일 18시,목요일,부산광역시 부산진구 양정동,부상신고사고,0,0,0,1,차대차 - 측면충돌,신호위반,건조,맑음,교차로 - 교차로안,이륜,남,25세,부상신고,이륜,남,21세,상해없음
2020111900100579,2020년 11월 19일 19시,목요일,부산광역시 연제구 거제동,중상사고,0,1,0,0,차대차 - 기타,안전거리미확보,건조,맑음,단일로 - 기타,승용,남,27세,상해없음,이륜,남,39세,중상
2020111900100580,2020년 11월 19일 19시,목요일,부산광역시 사상구 엄궁동,경상사고,0,0,1,0,차대차 - 정면충돌,중앙선침범,젖음/습기,비,단일로 - 기타,승용,남,59세,상해없음,승용,여,38세,경상
2020111900100637,2020년 11월 19일 21시,목요일,부산광역시 기장군 정관읍,중상사고,0,1,1,0,차대차 - 기타,중앙선침범,건조,맑음,교차로 - 교차로부근,이륜,남,31세,경상,이륜,남,30세,중상
2020111900100687,2020년 11월 19일 23시,목요일,부산광역시 연제구 연산동,경상사고,0,0,1,0,차대차 - 기타,신호위반,젖음/습기,흐림,단일로 - 기타,이륜,남,30세,경상,이륜,남,57세,상해없음
2020112000100004,2020년 11월 20일 00시,금요일,부산광역시 영도구 남항동3가,경상사고,0,0,2,0,차대차 - 기타,안전운전불이행,건조,맑음,단일로 - 고가도로위,승용,남,59세,상해없음,승용,남,30세,상해없음
2020112000100005,2020년 11월 20일 00시,금요일,부산광역시 사상구 엄궁동,경상사고,0,0,1,0,차대차 - 측면충돌,안전운전불이행,건조,맑음,교차로 - 교차로안,기타불명,기타불명,미분류,기타불명,승용,남,23세,경상
2020112000100087,2020년 11월 20일 07시,금요일,부산광역시 강서구 구랑동,경상사고,0,0,2,0,차대차 - 추돌,신호위반,건조,맑음,교차로 - 교차로안,승용,여,60세,상해없음,승용,남,47세,상해없음
2020112000100142,2020년 11월 20일 09시,금요일,부산광역시 남구 대연동,경상사고,0,0,6,1,차대차 - 측면충돌,안전거리미확보,건조,맑음,단일로 - 기타,승용,여,54세,상해없음,승용,남,58세,경상
2020112000100143,2020년 11월 20일 09시,금요일,부산광역시 남구 대연동,중상사고,0,1,1,0,차대차 - 측면충돌,교차로운행방법위반,건조,맑음,교차로 - 교차로안,승용,남,26세,경상,승용,여,52세,중상
2020112000100144,2020년 11월 20일 09시,금요일,부산광역시 동래구 명륜동,중상사고,0,1,0,0,차량단독 - 기타,안전운전불이행,건조,맑음,단일로 - 기타,승합,남,62세,상해없음,,,,
2020112000100145,2020년 11월 20일 09시,금요일,부산광역시 금정구 구서동,경상사고,0,0,1,0,차대차 - 기타,보행자보호의무위반,건조,맑음,단일로 - 기타,화물,남,40세,상해없음,자전거,남,76세,경상
2020112000100189,2020년 11월 20일 11시,금요일,부산광역시 수영구 민락동,중상사고,0,1,0,0,차대사람 - 기타,안전운전불이행,건조,맑음,단일로 - 기타,승용,남,61세,상해없음,보행자,여,47세,중상
2020112000100190,2020년 11월 20일 11시,금요일,부산광역시 남구 문현동,경상사고,0,0,1,0,차대차 - 측면충돌,기타,건조,맑음,단일로 - 기타,승용,여,28세,경상,화물,남,52세,상해없음
2020112000100191,2020년 11월 20일 11시,금요일,부산광역시 해운대구 반여동,경상사고,0,0,1,0,차대사람 - 기타,보행자보호의무위반,건조,맑음,교차로 - 교차로부근,승용,여,55세,상해없음,보행자,여,63세,경상
2020112000100192,2020년 11월 20일 11시,금요일,부산광역시 사하구 당리동,경상사고,0,0,1,0,차대차 - 측면충돌,교차로운행방법위반,건조,맑음,단일로 - 기타,승용,남,64세,상해없음,이륜,남,33세,경상
2020112000100231,2020년 11월 20일 12시,금요일,부산광역시 서구 동대신동3가,중상사고,0,1,0,0,차대사람 - 횡단중,보행자보호의무위반,건조,맑음,단일로 - 기타,승합,남,52세,상해없음,보행자,여,66세,중상
2020112000100232,2020년 11월 20일 12시,금요일,부산광역시 북구 화명동,경상사고,0,0,1,0,차대차 - 기타,안전운전불이행,건조,맑음,단일로 - 기타,승용,여,39세,상해없음,승용,여,30세,경상
2020112000100233,2020년 11월 20일 12시,금요일,부산광역시 동래구 사직동,경상사고,0,0,1,0,차대차 - 기타,안전운전불이행,건조,맑음,단일로 - 기타,승용,여,38세,상해없음,승용,남,29세,경상
2020112000100234,2020년 11월 20일 12시,금요일,부산광역시 수영구 망미동,경상사고,0,0,2,0,차대차 - 기타,안전거리미확보,건조,맑음,단일로 - 기타,화물,남,52세,상해없음,승용,남,70세,경상
2020112000100266,2020년 11월 20일 13시,금요일,부산광역시 서구 암남동,중상사고,0,1,0,0,차대사람 - 기타,안전운전불이행,건조,맑음,단일로 - 기타,화물,남,63세,상해없음,보행자,남,55세,중상
2020112000100267,2020년 11월 20일 13시,금요일,부산광역시 금정구 노포동,경상사고,0,0,1,0,차대차 - 측면충돌,안전운전불이행,건조,맑음,교차로 - 교차로안,승용,남,42세,상해없음,승용,여,45세,경상
2020112000100268,2020년 11월 20일 13시,금요일,부산광역시 수영구 망미동,경상사고,0,0,1,0,차대차 - 기타,교차로운행방법위반,건조,맑음,교차로 - 교차로안,승용,여,30세,상해없음,이륜,남,38세,경상
2020112000100309,2020년 11월 20일 14시,금요일,부산광역시 해운대구 중동,경상사고,0,0,1,0,차대차 - 측면충돌,안전운전불이행,건조,맑음,교차로 - 교차로부근,승용,남,52세,상해없음,승용,여,40세,경상
2020112000100336,2020년 11월 20일 15시,금요일,부산광역시 동래구 온천동,경상사고,0,0,2,0,차대차 - 추돌,안전거리미확보,건조,맑음,기타 - 기타,승용,여,47세,상해없음,승용,남,54세,경상
2020112000100337,2020년 11월 20일 15시,금요일,부산광역시 사상구 학장동,경상사고,0,0,2,0,차대차 - 기타,안전운전불이행,건조,맑음,단일로 - 기타,이륜,남,40세,경상,승용,여,38세,경상
2020112000100375,2020년 11월 20일 16시,금요일,부산광역시 중구 부평동1가,중상사고,0,2,0,0,차대사람 - 횡단중,보행자보호의무위반,건조,맑음,교차로 - 교차로안,화물,남,46세,상해없음,보행자,여,65세,중상
2020112000100376,2020년 11월 20일 16시,금요일,부산광역시 사하구 하단동,경상사고,0,0,1,0,차대차 - 측면충돌,신호위반,건조,맑음,교차로 - 교차로안,승용,남,73세,상해없음,승용,남,54세,경상
2020112000100377,2020년 11월 20일 16시,금요일,부산광역시 사하구 다대동,경상사고,0,0,1,1,차대차 - 측면충돌,신호위반,건조,맑음,교차로 - 교차로안,이륜,남,32세,부상신고,승합,남,62세,상해없음
2020112000100378,2020년 11월 20일 16시,금요일,부산광역시 기장군 정관읍,부상신고사고,0,0,0,2,차대차 - 추돌,안전운전불이행,건조,맑음,교차로 - 교차로안,승용,여,50세,상해없음,승용,남,48세,부상신고
2020112000100421,2020년 11월 20일 17시,금요일,부산광역시 부산진구 양정동,중상사고,0,3,4,0,차대차 - 기타,안전운전불이행,건조,맑음,단일로 - 기타,이륜,남,17세,상해없음,승합,남,47세,상해없음
2020112000100422,2020년 11월 20일 17시,금요일,부산광역시 사상구 감전동,중상사고,0,1,1,0,차대차 - 측면충돌,교차로운행방법위반,건조,맑음,교차로 - 교차로안,이륜,남,54세,중상,이륜,남,43세,경상
2020112000100423,2020년 11월 20일 17시,금요일,부산광역시 사상구 괘법동,경상사고,0,0,2,0,차대차 - 기타,안전운전불이행,건조,맑음,단일로 - 고가도로위,승용,여,52세,경상,특수,남,58세,경상
2020112000100498,2020년 11월 20일 18시,금요일,부산광역시 북구 구포동,경상사고,0,0,3,0,차대차 - 기타,안전운전불이행,건조,맑음,단일로 - 기타,화물,남,69세,상해없음,승용,여,29세,경상
2020112000100499,2020년 11월 20일 18시,금요일,부산광역시 해운대구 중동,부상신고사고,0,0,0,1,차대차 - 측면충돌,안전운전불이행,건조,맑음,교차로 - 교차로안,이륜,남,20세,부상신고,승용,남,59세,상해없음
2020112000100500,2020년 11월 20일 18시,금요일,부산광역시 부산진구 양정동,중상사고,0,2,1,1,차대사람 - 기타,기타,건조,맑음,단일로 - 기타,이륜,남,21세,상해없음,보행자,여,61세,중상
2020112000100501,2020년 11월 20일 18시,금요일,부산광역시 사상구 덕포동,중상사고,0,1,0,0,차대차 - 기타,안전운전불이행,건조,맑음,기타 - 기타,이륜,남,63세,상해없음,승용,남,66세,중상
2020112000100502,2020년 11월 20일 18시,금요일,부산광역시 사상구 모라동,경상사고,0,0,1,0,차대차 - 측면충돌,안전운전불이행,건조,맑음,교차로 - 교차로안,이륜,여,45세,상해없음,화물,남,58세,경상
2020112000100503,2020년 11월 20일 18시,금요일,부산광역시 사상구 엄궁동,중상사고,0,1,0,0,차대사람 - 횡단중,보행자보호의무위반,건조,맑음,단일로 - 기타,승용,남,29세,상해없음,보행자,여,56세,중상
2020112000100570,2020년 11월 20일 19시,금요일,부산광역시 북구 덕천동,경상사고,0,0,1,0,차량단독 - 기타,안전운전불이행,건조,맑음,단일로 - 기타,승합,남,52세,상해없음,,,,
2020112000100618,2020년 11월 20일 20시,금요일,부산광역시 해운대구 우동,부상신고사고,0,0,0,1,차대차 - 측면충돌,안전거리미확보,건조,맑음,단일로 - 기타,승용,남,19세,상해없음,이륜,남,43세,부상신고
2020112000100619,2020년 11월 20일 20시,금요일,부산광역시 금정구 서동,부상신고사고,0,0,0,1,차대사람 - 기타,안전운전불이행,건조,맑음,단일로 - 기타,승용,여,69세,상해없음,보행자,남,65세,부상신고
2020112000100620,2020년 11월 20일 20시,금요일,부산광역시 사하구 하단동,중상사고,0,2,0,0,차대차 - 측면충돌,안전운전불이행,건조,맑음,교차로 - 교차로안,승용,남,21세,상해없음,승용,여,61세,중상
2020112000100653,2020년 11월 20일 21시,금요일,부산광역시 부산진구 부전동,경상사고,0,0,1,0,차대차 - 측면충돌,안전운전불이행,건조,맑음,단일로 - 기타,원동기,남,43세,경상,승용,여,24세,상해없음
2020112000100654,2020년 11월 20일 21시,금요일,부산광역시 사하구 하단동,경상사고,0,0,3,0,차대차 - 추돌,안전거리미확보,건조,맑음,교차로 - 교차로부근,승합,남,59세,상해없음,승용,여,33세,경상
2020112000100655,2020년 11월 20일 21시,금요일,부산광역시 사상구 모라동,경상사고,0,0,1,0,차대사람 - 기타,기타,건조,맑음,기타 - 기타,이륜,남,19세,상해없음,보행자,남,46세,경상
2020112000100714,2020년 11월 20일 23시,금요일,부산광역시 수영구 수영동,경상사고,0,0,2,0,차대차 - 기타,교차로운행방법위반,건조,맑음,교차로 - 교차로안,승용,여,42세,경상,승용,남,40세,경상
2020112100100024,2020년 11월 21일 01시,토요일,부산광역시 해운대구 우동,경상사고,0,0,1,0,차대차 - 측면충돌,안전운전불이행,건조,맑음,단일로 - 기타,승용,남,34세,기타불명,원동기,남,36세,경상
2020112100100073,2020년 11월 21일 06시,토요일,부산광역시 남구 용호동,중상사고,0,1,0,0,차대차 - 기타,안전운전불이행,건조,맑음,기타 - 기타,자전거,남,51세,상해없음,이륜,남,65세,중상
2020112100100090,2020년 11월 21일 07시,토요일,부산광역시 동구 초량동,경상사고,0,0,1,0,차대차 - 기타,안전운전불이행,건조,맑음,단일로 - 기타,승합,여,56세,상해없음,건설기계,남,56세,상해없음
2020112100100091,2020년 11월 21일 07시,토요일,부산광역시 금정구 장전동,부상신고사고,0,0,0,2,차대차 - 측면충돌,기타,건조,맑음,교차로 - 교차로안,승용,여,39세,상해없음,승용,남,46세,부상신고
2020112100100109,2020년 11월 21일 08시,토요일,부산광역시 사상구 괘법동,경상사고,0,0,3,0,차대차 - 추돌,안전운전불이행,건조,맑음,교차로 - 교차로부근,승용,남,43세,상해없음,승용,남,27세,경상
2020112100100149,2020년 11월 21일 10시,토요일,부산광역시 금정구 구서동,경상사고,0,0,1,0,차대사람 - 차도통행중,안전운전불이행,건조,맑음,단일로 - 기타,승합,남,43세,상해없음,보행자,여,78세,경상
2020112100100150,2020년 11월 21일 10시,토요일,부산광역시 금정구 노포동,경상사고,0,0,2,0,차대차 - 측면충돌,안전거리미확보,건조,맑음,단일로 - 기타,승합,여,55세,경상,승용,여,59세,상해없음
2020112100100176,2020년 11월 21일 11시,토요일,부산광역시 중구 광복동1가,부상신고사고,0,0,0,1,차대차 - 기타,안전운전불이행,건조,맑음,교차로 - 교차로안,이륜,남,30세,부상신고,승용,남,66세,상해없음
2020112100100177,2020년 11월 21일 11시,토요일,부산광역시 연제구 거제동,경상사고,0,0,1,0,차대사람 - 횡단중,보행자보호의무위반,건조,맑음,교차로 - 교차로부근,승용,남,29세,상해없음,보행자,여,31세,경상
2020112100100217,2020년 11월 21일 12시,토요일,부산광역시 해운대구 우동,경상사고,0,0,1,0,차대차 - 측면충돌,안전거리미확보,건조,맑음,단일로 - 기타,화물,남,36세,상해없음,승용,남,50세,경상
2020112100100256,2020년 11월 21일 13시,토요일,부산광역시 동구 초량동,중상사고,0,1,0,0,차대사람 - 기타,안전운전불이행,건조,흐림,단일로 - 기타,승용,남,38세,상해없음,보행자,남,71세,중상
2020112100100257,2020년 11월 21일 13시,토요일,부산광역시 부산진구 당감동,경상사고,0,0,1,0,차대차 - 추돌,안전거리미확보,건조,맑음,단일로 - 기타,승용,남,27세,상해없음,승용,남,50세,상해없음
2020112100100299,2020년 11월 21일 14시,토요일,부산광역시 중구 부평동2가,경상사고,0,0,1,0,차량단독 - 기타,기타,건조,맑음,단일로 - 기타,승합,남,36세,상해없음,,,,
2020112100100300,2020년 11월 21일 14시,토요일,부산광역시 강서구 신호동,경상사고,0,0,1,0,차대차 - 기타,안전운전불이행,건조,맑음,단일로 - 기타,승용,여,59세,경상,승용,여,57세,기타불명
2020112100100369,2020년 11월 21일 16시,토요일,부산광역시 해운대구 우동,경상사고,0,0,1,0,차대사람 - 보도통행중,보행자보호의무위반,건조,맑음,단일로 - 기타,승용,여,45세,상해없음,보행자,여,30세,경상
2020112100100370,2020년 11월 21일 16시,토요일,부산광역시 강서구 명지동,중상사고,0,1,0,0,차대차 - 측면충돌,안전운전불이행,건조,맑음,단일로 - 기타,특수,남,42세,상해없음,승용,여,45세,중상
2020112100100395,2020년 11월 21일 17시,토요일,부산광역시 동구 좌천동,경상사고,0,0,1,0,차대차 - 기타,안전운전불이행,건조,맑음,단일로 - 기타,승용,남,41세,상해없음,승합,남,45세,상해없음
2020112100100396,2020년 11월 21일 17시,토요일,부산광역시 서구 남부민동,중상사고,0,1,0,1,차대사람 - 횡단중,안전운전불이행,건조,맑음,단일로 - 기타,이륜,남,37세,부상신고,보행자,여,79세,중상
2020112100100397,2020년 11월 21일 17시,토요일,부산광역시 동래구 명륜동,경상사고,0,0,1,0,차대사람 - 길가장자리구역통행중,안전운전불이행,건조,맑음,단일로 - 기타,승용,남,61세,기타불명,보행자,남,18세,경상
2020112100100398,2020년 11월 21일 17시,토요일,부산광역시 부산진구 범천동,경상사고,0,0,1,0,차대사람 - 횡단중,안전운전불이행,건조,맑음,교차로 - 교차로안,승용,남,32세,상해없음,보행자,남,52세,경상
2020112100100399,2020년 11월 21일 17시,토요일,부산광역시 부산진구 부전동,경상사고,0,0,1,0,차대사람 - 기타,안전운전불이행,건조,맑음,단일로 - 기타,승합,남,59세,상해없음,보행자,남,77세,경상
2020112100100441,2020년 11월 21일 18시,토요일,부산광역시 해운대구 우동,경상사고,0,0,1,0,차대차 - 측면충돌,안전운전불이행,건조,맑음,단일로 - 기타,승용,남,52세,상해없음,승용,남,42세,경상
2020112100100442,2020년 11월 21일 18시,토요일,부산광역시 부산진구 범천동,중상사고,0,1,1,0,차대차 - 측면충돌,안전거리미확보,건조,맑음,단일로 - 기타,승용,남,40세,상해없음,승용,남,46세,중상
2020112100100483,2020년 11월 21일 19시,토요일,부산광역시 서구 부민동1가,중상사고,0,1,0,0,차대차 - 기타,안전운전불이행,건조,맑음,단일로 - 기타,승용,여,29세,상해없음,이륜,남,33세,중상
2020112100100484,2020년 11월 21일 19시,토요일,부산광역시 중구 광복동1가,중상사고,0,1,0,0,차대사람 - 차도통행중,안전운전불이행,건조,맑음,단일로 - 기타,이륜,남,19세,상해없음,보행자,여,5세,중상
2020112100100485,2020년 11월 21일 19시,토요일,부산광역시 부산진구 초읍동,경상사고,0,0,1,0,차대차 - 기타,교차로운행방법위반,건조,맑음,교차로 - 교차로안,승용,남,61세,상해없음,이륜,남,21세,경상
2020112100100517,2020년 11월 21일 20시,토요일,부산광역시 서구 암남동,경상사고,0,0,3,0,차대차 - 측면충돌,안전거리미확보,건조,맑음,단일로 - 기타,승용,남,30세,경상,승용,여,64세,경상
2020112100100518,2020년 11월 21일 20시,토요일,부산광역시 부산진구 당감동,중상사고,0,2,0,1,차대차 - 측면충돌,과속,건조,맑음,교차로 - 교차로부근,승용,여,27세,부상신고,승용,여,21세,중상
2020112100100539,2020년 11월 21일 21시,토요일,부산광역시 남구 대연동,경상사고,0,0,3,0,차대차 - 측면충돌,신호위반,건조,맑음,교차로 - 교차로안,승용,남,62세,상해없음,승용,남,63세,상해없음
2020112100100541,2020년 11월 21일 21시,토요일,부산광역시 연제구 거제동,경상사고,0,0,1,0,차대사람 - 횡단중,안전운전불이행,건조,맑음,단일로 - 기타,이륜,남,22세,상해없음,보행자,남,39세,경상
2020112100100565,2020년 11월 21일 22시,토요일,부산광역시 부산진구 부전동,중상사고,0,1,1,0,차대차 - 측면충돌,교차로운행방법위반,건조,맑음,교차로 - 교차로안,승용,남,59세,상해없음,이륜,남,17세,중상
2020112100100581,2020년 11월 21일 23시,토요일,부산광역시 해운대구 우동,경상사고,0,0,1,0,차대차 - 추돌,안전운전불이행,건조,맑음,교차로 - 교차로부근,승용,남,30세,상해없음,이륜,남,37세,경상
2020112100100582,2020년 11월 21일 23시,토요일,부산광역시 부산진구 부암동,경상사고,0,0,1,0,차대차 - 측면충돌,차로위반,건조,맑음,단일로 - 기타,승용,남,35세,상해없음,승용,남,53세,상해없음
2020112200100004,2020년 11월 22일 00시,일요일,부산광역시 사하구 하단동,부상신고사고,0,0,0,1,차대사람 - 길가장자리구역통행중,안전운전불이행,건조,맑음,단일로 - 기타,기타불명,기타불명,미분류,기타불명,보행자,남,30세,부상신고
2020112200100020,2020년 11월 22일 01시,일요일,부산광역시 사상구 모라동,중상사고,0,1,0,0,차대사람 - 차도통행중,안전운전불이행,건조,흐림,단일로 - 지하차도(도로)내,승용,남,67세,상해없음,보행자,여,59세,중상
2020112200100061,2020년 11월 22일 04시,일요일,부산광역시 사하구 하단동,중상사고,0,1,0,0,차대사람 - 횡단중,안전운전불이행,건조,맑음,단일로 - 기타,이륜,남,16세,상해없음,보행자,남,30세,중상
2020112200100071,2020년 11월 22일 05시,일요일,부산광역시 해운대구 반여동,중상사고,0,1,0,0,차대차 - 기타,안전운전불이행,건조,맑음,단일로 - 기타,승용,남,52세,상해없음,이륜,남,65세,중상
2020112200100081,2020년 11월 22일 06시,일요일,부산광역시 연제구 연산동,경상사고,0,0,1,0,차대차 - 기타,안전운전불이행,건조,맑음,단일로 - 기타,승용,남,69세,상해없음,자전거,남,66세,경상