사고번호,사고일시,요일,시군구,사고내용,사망자수,중상자수,경상자수,부상신고자수,사고유형,법규위반,노면상태,기상상태,도로형태,가해운전자 차종,가해운전자 성별,가해운전자 연령,가해운전자 상해정도,피해운전자 차종,피해운전자 성별,피해운전자 연령,피해운전자 상해정도
2020112500100453,2020년 11월 25일 18시,수요일,부산광역시 연제구 연산동,경상사고,0,0,1,1,차대차 - 기타,안전운전불이행,건조,맑음,교차로 - 교차로안,승용,남,57세,상해없음,승용,남,51세,경상
2020112500100517,2020년 11월 25일 19시,수요일,부산광역시 기장군 기장읍,중상사고,0,1,0,0,차대차 - 기타,직진우회전진행방해,건조,맑음,교차로 - 교차로안,이륜,남,28세,중상,화물,남,65세,상해없음
2020112500100598,2020년 11월 25일 22시,수요일,부산광역시 동래구 수안동,중상사고,0,1,0,0,차대사람 - 횡단중,보행자보호의무위반,건조,맑음,교차로 - 교차로안,승용,남,67세,상해없음,보행자,남,66세,중상
2020112500100599,2020년 11월 25일 22시,수요일,부산광역시 부산진구 당감동,경상사고,0,0,1,0,차대차 - 기타,안전거리미확보,건조,맑음,단일로 - 기타,승용,여,60세,상해없음,승용,남,48세,경상
2020112500100600,2020년 11월 25일 22시,수요일,부산광역시 사하구 신평동,경상사고,0,0,1,1,차대차 - 측면충돌,신호위반,건조,맑음,교차로 - 교차로안,특수,남,23세,부상신고,승용,여,37세,경상
2020112500100615,2020년 11월 25일 23시,수요일,부산광역시 남구 대연동,경상사고,0,0,1,0,차대차 - 측면충돌,안전운전불이행,건조,맑음,단일로 - 기타,승용,남,49세,상해없음,승용,남,27세,경상
2020112500100616,2020년 11월 25일 23시,수요일,부산광역시 부산진구 초읍동,경상사고,0,0,2,0,차대차 - 기타,직진우회전진행방해,건조,맑음,교차로 - 교차로안,승용,남,69세,상해없음,승용,남,61세,경상
2020112600100047,2020년 11월 26일 06시,목요일,부산광역시 해운대구 우동,중상사고,0,1,0,0,차대사람 - 횡단중,보행자보호의무위반,건조,맑음,단일로 - 기타,승용,남,34세,상해없음,보행자,남,72세,중상
2020112600100075,2020년 11월 26일 07시,목요일,부산광역시 강서구 대저2동,경상사고,0,0,1,0,차대사람 - 기타,안전운전불이행,건조,맑음,단일로 - 기타,승용,남,62세,상해없음,보행자,남,55세,경상
2020112600100096,2020년 11월 26일 08시,목요일,부산광역시 사하구 다대동,중상사고,0,1,0,0,차대사람 - 보도통행중,안전운전불이행,건조,맑음,단일로 - 기타,이륜,남,66세,상해없음,보행자,남,68세,중상
2020112600100153,2020년 11월 26일 10시,목요일,부산광역시 금정구 구서동,경상사고,0,0,1,0,차대차 - 기타,안전운전불이행,건조,맑음,단일로 - 기타,화물,남,54세,상해없음,이륜,남,41세,경상
2020112600100154,2020년 11월 26일 10시,목요일,부산광역시 강서구 대저2동,중상사고,0,1,0,0,차대차 - 기타,안전운전불이행,건조,맑음,단일로 - 기타,화물,남,30세,상해없음,승용,남,69세,중상
2020112600100184,2020년 11월 26일 11시,목요일,부산광역시 금정구 부곡동,경상사고,0,0,1,0,차대차 - 정면충돌,중앙선침범,건조,맑음,단일로 - 기타,이륜,남,77세,상해없음,이륜,남,24세,경상
2020112600100185,2020년 11월 26일 11시,목요일,부산광역시 사하구 하단동,중상사고,0,1,0,0,차대차 - 측면충돌,기타,건조,흐림,교차로 - 교차로안,이륜,남,30세,중상,승용,남,63세,상해없음
2020112600100243,2020년 11월 26일 13시,목요일,부산광역시 금정구 서동,중상사고,0,1,0,0,차대사람 - 길가장자리구역통행중,안전운전불이행,건조,맑음,교차로 - 교차로안,승용,남,67세,상해없음,보행자,여,81세,중상
2020112600100269,2020년 11월 26일 14시,목요일,부산광역시 해운대구 반송동,경상사고,0,0,1,0,차대차 - 후진중충돌,안전운전불이행,건조,맑음,교차로 - 교차로부근,승용,남,50세,상해없음,승용,남,55세,경상
2020112600100305,2020년 11월 26일 15시,목요일,부산광역시 금정구 장전동,경상사고,0,0,1,0,차대차 - 측면충돌,안전운전불이행,건조,맑음,단일로 - 기타,승용,남,63세,상해없음,승용,여,48세,경상
2020112600100306,2020년 11월 26일 15시,목요일,부산광역시 수영구 수영동,경상사고,0,0,1,0,차대사람 - 기타,안전운전불이행,건조,맑음,단일로 - 기타,화물,남,70세,상해없음,보행자,남,58세,경상
2020112600100307,2020년 11월 26일 15시,목요일,부산광역시 강서구 신호동,경상사고,0,0,1,0,차대차 - 기타,불법유턴,건조,맑음,단일로 - 기타,승용,여,44세,상해없음,이륜,남,44세,경상
2020112600100374,2020년 11월 26일 17시,목요일,부산광역시 해운대구 중동,경상사고,0,0,1,0,차대차 - 측면충돌,교차로운행방법위반,건조,맑음,교차로 - 교차로안,승용,여,51세,상해없음,이륜,남,26세,경상
2020112600100375,2020년 11월 26일 17시,목요일,부산광역시 수영구 망미동,경상사고,0,0,1,0,차대사람 - 길가장자리구역통행중,안전운전불이행,건조,맑음,교차로 - 교차로안,화물,남,65세,상해없음,보행자,남,55세,경상
2020112600100376,2020년 11월 26일 17시,목요일,부산광역시 기장군 기장읍,경상사고,0,0,1,0,차대차 - 측면충돌,중앙선침범,건조,맑음,단일로 - 기타,승용,남,61세,상해없음,승용,여,57세,경상
2020112600100424,2020년 11월 26일 18시,목요일,부산광역시 수영구 광안동,경상사고,0,0,1,0,차대차 - 추돌,안전운전불이행,건조,맑음,단일로 - 기타,승용,남,35세,상해없음,승용,남,41세,경상
2020112600100425,2020년 11월 26일 18시,목요일,부산광역시 해운대구 우동,중상사고,0,1,0,0,차대차 - 측면충돌,안전운전불이행,건조,맑음,단일로 - 기타,승용,여,58세,중상,승용,남,72세,상해없음
2020112600100427,2020년 11월 26일 18시,목요일,부산광역시 연제구 연산동,경상사고,0,0,3,0,차대차 - 기타,교차로운행방법위반,건조,맑음,교차로 - 교차로부근,승용,남,25세,기타불명,승용,남,69세,경상
2020112600100428,2020년 11월 26일 18시,목요일,부산광역시 수영구 망미동,경상사고,0,0,1,0,차대차 - 추돌,기타,건조,맑음,단일로 - 기타,승용,남,43세,상해없음,승용,남,34세,경상
2020112600100494,2020년 11월 26일 19시,목요일,부산광역시 동구 초량동,경상사고,0,0,1,0,차대차 - 측면충돌,교차로운행방법위반,건조,맑음,교차로 - 교차로안,승용,남,55세,상해없음,승용,여,34세,경상
2020112600100495,2020년 11월 26일 19시,목요일,부산광역시 동래구 사직동,경상사고,0,0,1,0,차대차 - 기타,교차로운행방법위반,건조,맑음,교차로 - 교차로안,화물,남,51세,상해없음,이륜,남,37세,경상
2020112600100496,2020년 11월 26일 19시,목요일,부산광역시 사상구 학장동,경상사고,0,0,1,0,차대차 - 측면충돌,신호위반,건조,맑음,교차로 - 교차로안,승용,여,51세,상해없음,이륜,남,28세,경상
2020112600100535,2020년 11월 26일 20시,목요일,부산광역시 강서구 범방동,경상사고,0,0,5,0,차대차 - 추돌,안전운전불이행,건조,맑음,단일로 - 기타,특수,남,59세,상해없음,승용,남,68세,경상
2020112600100564,2020년 11월 26일 21시,목요일,부산광역시 수영구 광안동,중상사고,0,1,0,0,차대차 - 추돌,안전운전불이행,건조,맑음,단일로 - 기타,승용,남,63세,상해없음,화물,남,51세,중상
2020112600100565,2020년 11월 26일 21시,목요일,부산광역시 동래구 사직동,부상신고사고,0,0,0,1,차대차 - 추돌,안전운전불이행,건조,맑음,단일로 - 기타,기타불명,기타불명,미분류,기타불명,이륜,남,29세,부상신고
2020112600100566,2020년 11월 26일 21시,목요일,부산광역시 부산진구 부전동,중상사고,0,2,2,0,차대차 - 측면충돌,신호위반,건조,맑음,교차로 - 교차로안,승용,남,72세,상해없음,승용,남,63세,중상
2020112600100568,2020년 11월 26일 21시,목요일,부산광역시 기장군 기장읍,경상사고,0,0,2,0,차대차 - 추돌,안전운전불이행,건조,맑음,교차로 - 교차로안,승용,남,55세,경상,승용,남,23세,경상
2020112600100606,2020년 11월 26일 23시,목요일,부산광역시 부산진구 부암동,경상사고,0,0,1,0,차대차 - 측면충돌,신호위반,건조,맑음,교차로 - 교차로안,승용,남,58세,상해없음,원동기,남,23세,경상
2020112700100002,2020년 11월 27일 00시,금요일,부산광역시 강서구 봉림동,중상사고,0,1,0,0,차대차 - 기타,안전운전불이행,건조,맑음,단일로 - 기타,화물,남,46세,중상,화물,남,56세,기타불명
2020112700100076,2020년 11월 27일 08시,금요일,부산광역시 영도구 청학동,경상사고,0,0,1,0,차대차 - 측면충돌,안전운전불이행,건조,맑음,교차로 - 교차로안,승용,여,39세,상해없음,이륜,남,24세,경상
2020112700100122,2020년 11월 27일 10시,금요일,부산광역시 동구 좌천동,경상사고,0,0,1,0,차량단독 - 기타,기타,건조,맑음,단일로 - 기타,승용,남,74세,상해없음,,,,
2020112700100123,2020년 11월 27일 10시,금요일,부산광역시 북구 구포동,부상신고사고,0,0,0,1,차대사람 - 기타,안전운전불이행,건조,맑음,단일로 - 기타,화물,남,48세,상해없음,보행자,남,66세,부상신고
2020112700100124,2020년 11월 27일 10시,금요일,부산광역시 북구 구포동,경상사고,0,0,1,0,차량단독 - 기타,기타,건조,맑음,교차로 - 교차로안,승합,남,62세,상해없음,,,,
2020112700100125,2020년 11월 27일 10시,금요일,부산광역시 해운대구 반여동,경상사고,0,0,1,0,차대차 - 기타,안전거리미확보,건조,맑음,단일로 - 기타,승용,여,52세,상해없음,승용,여,63세,경상
2020112700100147,2020년 11월 27일 11시,금요일,부산광역시 동구 수정동,경상사고,0,0,1,0,차대사람 - 기타,안전운전불이행,건조,맑음,단일로 - 기타,승용,남,53세,상해없음,보행자,여,56세,경상
2020112700100148,2020년 11월 27일 11시,금요일,부산광역시 동구 수정동,중상사고,0,1,0,0,차대사람 - 기타,안전운전불이행,건조,맑음,단일로 - 기타,승용,남,57세,상해없음,보행자,여,72세,중상
2020112700100149,2020년 11월 27일 11시,금요일,부산광역시 서구 서대신동1가,경상사고,0,0,2,0,차대차 - 측면충돌,안전운전불이행,건조,맑음,단일로 - 기타,승용,남,45세,상해없음,승용,남,51세,경상
2020112700100150,2020년 11월 27일 11시,금요일,부산광역시 해운대구 재송동,중상사고,0,1,0,0,차대차 - 기타,안전운전불이행,건조,맑음,단일로 - 기타,승용,남,27세,상해없음,이륜,기타불명,미분류,기타불명
2020112700100151,2020년 11월 27일 11시,금요일,부산광역시 강서구 죽동동,경상사고,0,0,1,0,차대차 - 기타,중앙선침범,건조,맑음,단일로 - 기타,자전거,여,74세,경상,화물,남,63세,상해없음
2020112700100177,2020년 11월 27일 12시,금요일,부산광역시 강서구 대저1동,경상사고,0,0,1,0,차대차 - 측면충돌,신호위반,건조,맑음,교차로 - 교차로안,승용,남,61세,상해없음,승용,남,40세,경상
2020112700100178,2020년 11월 27일 12시,금요일,부산광역시 사상구 삼락동,중상사고,0,1,0,0,차대차 - 기타,신호위반,건조,기타,교차로 - 교차로안,화물,남,45세,상해없음,승용,남,28세,중상
2020112700100241,2020년 11월 27일 14시,금요일,부산광역시 사상구 모라동,부상신고사고,0,0,0,1,차대차 - 기타,안전운전불이행,건조,맑음,단일로 - 기타,특수,남,58세,상해없음,승용,남,32세,부상신고
2020112700100279,2020년 11월 27일 15시,금요일,부산광역시 강서구 송정동,경상사고,0,0,2,1,차대차 - 측면충돌,교차로운행방법위반,건조,맑음,교차로 - 교차로안,화물,남,40세,상해없음,화물,남,66세,경상
2020112700100321,2020년 11월 27일 16시,금요일,부산광역시 동래구 사직동,경상사고,0,0,4,0,차대차 - 추돌,안전운전불이행,건조,맑음,단일로 - 기타,승용,남,70세,상해없음,승합,남,65세,경상
2020112700100322,2020년 11월 27일 16시,금요일,부산광역시 동래구 명륜동,경상사고,0,0,1,0,차대차 - 기타,안전운전불이행,건조,맑음,단일로 - 기타,승용,여,56세,상해없음,이륜,남,24세,경상
2020112700100323,2020년 11월 27일 16시,금요일,부산광역시 해운대구 반여동,경상사고,0,0,1,0,차대차 - 기타,안전운전불이행,건조,맑음,단일로 - 기타,화물,남,31세,상해없음,이륜,남,65세,경상
2020112700100324,2020년 11월 27일 16시,금요일,부산광역시 부산진구 당감동,경상사고,0,0,1,0,차대차 - 측면충돌,안전운전불이행,건조,맑음,단일로 - 기타,화물,남,55세,상해없음,자전거,남,80세,경상
2020112700100325,2020년 11월 27일 16시,금요일,부산광역시 부산진구 양정동,중상사고,0,1,0,0,차대차 - 측면충돌,신호위반,건조,맑음,교차로 - 교차로안,승합,남,48세,상해없음,원동기,남,40세,중상
2020112700100326,2020년 11월 27일 16시,금요일,부산광역시 연제구 연산동,경상사고,0,0,1,0,차대사람 - 횡단중,신호위반,건조,맑음,단일로 - 기타,승용,여,64세,상해없음,보행자,여,69세,경상
2020112700100327,2020년 11월 27일 16시,금요일,부산광역시 강서구 구랑동,경상사고,0,0,1,0,차대차 - 추돌,안전운전불이행,건조,맑음,단일로 - 기타,승용,남,50세,상해없음,승용,남,28세,상해없음
2020112700100377,2020년 11월 27일 17시,금요일,부산광역시 부산진구 당감동,경상사고,0,0,1,0,차대차 - 측면충돌,차로위반,건조,맑음,단일로 - 고가도로위,특수,남,53세,상해없음,승용,여,28세,경상
2020112700100378,2020년 11월 27일 17시,금요일,부산광역시 강서구 송정동,경상사고,0,0,2,0,차대차 - 측면충돌,중앙선침범,건조,맑음,단일로 - 기타,승용,남,59세,상해없음,화물,남,61세,상해없음
2020112700100379,2020년 11월 27일 17시,금요일,부산광역시 사상구 괘법동,중상사고,0,1,0,0,차대차 - 기타,차로위반,건조,맑음,단일로 - 기타,승용,남,33세,상해없음,이륜,남,22세,중상
2020112700100434,2020년 11월 27일 18시,금요일,부산광역시 부산진구 전포동,중상사고,0,1,0,0,차대사람 - 기타,중앙선침범,건조,맑음,교차로 - 교차로안,화물,남,51세,기타불명,보행자,남,55세,중상
2020112700100435,2020년 11월 27일 18시,금요일,부산광역시 금정구 부곡동,경상사고,0,0,1,0,차대차 - 기타,안전운전불이행,건조,맑음,단일로 - 터널,승용,여,26세,상해없음,승용,남,36세,경상
2020112700100436,2020년 11월 27일 18시,금요일,부산광역시 강서구 대저1동,경상사고,0,0,1,0,차대차 - 추돌,안전운전불이행,건조,맑음,단일로 - 기타,승용,남,59세,상해없음,승용,남,30세,경상
2020112700100437,2020년 11월 27일 18시,금요일,부산광역시 기장군 기장읍,중상사고,0,1,0,0,차대차 - 추돌,중앙선침범,건조,맑음,단일로 - 기타,승용,남,68세,상해없음,이륜,남,39세,중상
2020112700100438,2020년 11월 27일 18시,금요일,부산광역시 기장군 장안읍,중상사고,0,1,3,0,차대차 - 후진중충돌,중앙선침범,건조,맑음,교차로 - 교차로부근,승용,여,35세,상해없음,승용,여,39세,경상
2020112700100512,2020년 11월 27일 19시,금요일,부산광역시 북구 덕천동,경상사고,0,0,1,0,차대차 - 기타,차로위반,건조,맑음,단일로 - 기타,승용,남,54세,상해없음,이륜,남,18세,경상
2020112700100513,2020년 11월 27일 19시,금요일,부산광역시 사하구 다대동,경상사고,0,0,1,0,차대차 - 기타,안전운전불이행,건조,맑음,단일로 - 지하차도(도로)내,자전거,남,74세,경상,승용,남,68세,상해없음
2020112700100594,2020년 11월 27일 21시,금요일,부산광역시 동구 범일동,경상사고,0,0,2,0,차대차 - 추돌,안전거리미확보,건조,맑음,단일로 - 기타,승합,남,46세,상해없음,승용,여,48세,상해없음
2020112700100595,2020년 11월 27일 21시,금요일,부산광역시 동래구 온천동,경상사고,0,0,1,0,차대차 - 기타,안전거리미확보,건조,맑음,단일로 - 기타,승용,남,70세,상해없음,승용,여,26세,경상
2020112700100659,2020년 11월 27일 23시,금요일,부산광역시 금정구 장전동,경상사고,0,0,4,0,차대차 - 측면충돌,신호위반,건조,맑음,교차로 - 교차로안,이륜,남,17세,기타불명,승용,남,37세,경상
2020112800100004,2020년 11월 28일 00시,토요일,부산광역시 북구 화명동,경상사고,0,0,1,1,차대차 - 기타,안전운전불이행,건조,맑음,단일로 - 기타,승용,남,30세,상해없음,승용,남,33세,부상신고
2020112800100016,2020년 11월 28일 01시,토요일,부산광역시 부산진구 범천동,부상신고사고,0,0,0,1,차량단독 - 전도전복 - 전도,안전운전불이행,건조,맑음,단일로 - 기타,이륜,남,20세,부상신고,,,,
2020112800100022,2020년 11월 28일 02시,토요일,부산광역시 부산진구 양정동,중상사고,0,2,2,0,차대차 - 측면충돌,신호위반,건조,맑음,교차로 - 교차로안,승용,남,26세,기타불명,승용,남,69세,경상
2020112800100034,2020년 11월 28일 05시,토요일,부산광역시 동래구 사직동,경상사고,0,0,1,0,차대차 - 기타,교차로운행방법위반,건조,맑음,교차로 - 교차로안,승용,남,36세,상해없음,화물,남,54세,경상
2020112800100057,2020년 11월 28일 08시,토요일,부산광역시 수영구 민락동,경상사고,0,0,2,0,차대차 - 측면충돌,안전운전불이행,건조,맑음,단일로 - 기타,승용,여,30세,기타불명,승용,남,54세,경상
2020112800100058,2020년 11월 28일 08시,토요일,부산광역시 강서구 죽림동,경상사고,0,0,1,0,차대차 - 기타,안전운전불이행,건조,맑음,교차로 - 교차로부근,건설기계,남,61세,상해없음,화물,남,41세,경상
2020112800100076,2020년 11월 28일 09시,토요일,부산광역시 동래구 명륜동,부상신고사고,0,0,0,1,차대사람 - 기타,안전운전불이행,건조,맑음,기타 - 기타,자전거,여,71세,상해없음,보행자,여,73세,부상신고
2020112800100077,2020년 11월 28일 09시,토요일,부산광역시 부산진구 범천동,경상사고,0,0,3,0,차대차 - 기타,신호위반,건조,맑음,교차로 - 교차로안,승용,남,56세,경상,승용,여,53세,경상
2020112800100078,2020년 11월 28일 09시,토요일,부산광역시 기장군 정관읍,경상사고,0,0,1,0,차대사람 - 기타,안전운전불이행,건조,맑음,기타 - 기타,자전거,여,50세,상해없음,보행자,여,62세,경상
2020112800100111,2020년 11월 28일 10시,토요일,부산광역시 연제구 연산동,경상사고,0,0,1,0,차대사람 - 기타,안전운전불이행,건조,맑음,단일로 - 기타,승용,남,66세,상해없음,보행자,여,11세,경상
2020112800100133,2020년 11월 28일 11시,토요일,부산광역시 남구 감만동,경상사고,0,0,1,0,차대차 - 측면충돌,안전운전불이행,건조,맑음,단일로 - 기타,승용,남,69세,상해없음,승용,여,53세,경상
2020112800100134,2020년 11월 28일 11시,토요일,부산광역시 기장군 기장읍,경상사고,0,0,1,0,차대차 - 기타,안전운전불이행,건조,맑음,교차로 - 교차로부근,자전거,남,8세,경상,승용,여,54세,상해없음
2020112800100175,2020년 11월 28일 12시,토요일,부산광역시 동래구 안락동,경상사고,0,0,1,0,차대사람 - 기타,안전운전불이행,건조,맑음,단일로 - 기타,승용,남,81세,상해없음,보행자,여,74세,경상
2020112800100176,2020년 11월 28일 12시,토요일,부산광역시 해운대구 반송동,경상사고,0,0,1,0,차대차 - 측면충돌,직진우회전진행방해,건조,맑음,교차로 - 교차로안,화물,남,63세,상해없음,이륜,남,47세,경상
2020112800100177,2020년 11월 28일 12시,토요일,부산광역시 부산진구 당감동,경상사고,0,0,1,0,차대차 - 추돌,안전거리미확보,건조,맑음,단일로 - 터널,승용,남,31세,상해없음,승용,남,40세,경상
2020112800100178,2020년 11월 28일 12시,토요일,부산광역시 사하구 구평동,중상사고,0,1,0,0,차대차 - 측면충돌,안전운전불이행,건조,맑음,교차로 - 교차로안,이륜,남,34세,중상,승용,남,29세,상해없음
2020112800100217,2020년 11월 28일 13시,토요일,부산광역시 사하구 장림동,중상사고,0,1,0,0,차대사람 - 차도통행중,보행자보호의무위반,건조,맑음,단일로 - 기타,승용,남,43세,상해없음,보행자,여,45세,중상
2020112800100218,2020년 11월 28일 13시,토요일,부산광역시 사하구 감천동,중상사고,0,1,0,0,차대사람 - 횡단중,기타,건조,맑음,단일로 - 기타,승용,여,48세,상해없음,보행자,여,7세,중상
2020112800100219,2020년 11월 28일 13시,토요일,부산광역시 수영구 망미동,중상사고,0,1,0,0,차대차 - 기타,차로위반,건조,맑음,단일로 - 기타,승용,남,41세,상해없음,이륜,남,17세,중상
2020112800100269,2020년 11월 28일 14시,토요일,부산광역시 남구 대연동,중상사고,0,1,1,0,차대차 - 추돌,안전운전불이행,건조,맑음,단일로 - 터널,승용,남,27세,상해없음,승용,여,43세,중상
2020112800100270,2020년 11월 28일 14시,토요일,부산광역시 북구 구포동,부상신고사고,0,0,0,1,차대차 - 측면충돌,안전운전불이행,건조,맑음,단일로 - 기타,승용,남,53세,부상신고,승용,여,47세,상해없음
2020112800100271,2020년 11월 28일 14시,토요일,부산광역시 동래구 온천동,경상사고,0,0,3,1,차대차 - 정면충돌,신호위반,건조,맑음,단일로 - 기타,이륜,여,40세,부상신고,승용,여,41세,경상
2020112800100272,2020년 11월 28일 14시,토요일,부산광역시 해운대구 좌동,경상사고,0,0,1,0,차대차 - 측면충돌,안전운전불이행,건조,맑음,단일로 - 기타,승용,여,52세,상해없음,자전거,남,89세,경상
2020112800100273,2020년 11월 28일 14시,토요일,부산광역시 사하구 장림동,경상사고,0,0,1,0,차대차 - 측면충돌,안전거리미확보,건조,맑음,단일로 - 기타,건설기계,남,65세,상해없음,승용,여,45세,경상
2020112800100314,2020년 11월 28일 15시,토요일,부산광역시 수영구 민락동,중상사고,0,1,0,0,차대차 - 측면충돌,안전운전불이행,건조,맑음,단일로 - 기타,자전거,남,64세,중상,이륜,남,51세,기타불명
2020112800100315,2020년 11월 28일 15시,토요일,부산광역시 북구 만덕동,중상사고,0,1,1,0,차대차 - 추돌,안전운전불이행,건조,맑음,단일로 - 터널,건설기계,남,60세,상해없음,승용,남,61세,경상
2020112800100316,2020년 11월 28일 15시,토요일,부산광역시 해운대구 좌동,경상사고,0,0,1,0,차대차 - 기타,안전거리미확보,건조,맑음,단일로 - 기타,승용,남,27세,상해없음,승용,여,58세,경상
2020112800100317,2020년 11월 28일 15시,토요일,부산광역시 강서구 대저1동,경상사고,0,0,4,0,차대차 - 기타,안전운전불이행,건조,맑음,단일로 - 기타,승용,남,33세,상해없음,승용,남,59세,경상
2020112800100348,2020년 11월 28일 16시,토요일,부산광역시 수영구 민락동,경상사고,0,0,1,0,차대차 - 기타,안전운전불이행,건조,맑음,교차로 - 교차로안,승용,남,60세,상해없음,승용,남,25세,경상
2020112800100349,2020년 11월 28일 16시,토요일,부산광역시 해운대구 반여동,경상사고,0,0,1,0,차대차 - 기타,안전운전불이행,건조,맑음,단일로 - 기타,화물,남,60세,상해없음,승용,남,37세,경상
2020112800100350,2020년 11월 28일 16시,토요일,부산광역시 부산진구 부전동,경상사고,0,0,1,0,차대사람 - 횡단중,안전운전불이행,건조,맑음,단일로 - 기타,승용,남,28세,상해없음,보행자,남,25세,경상
2020112800100351,2020년 11월 28일 16시,토요일,부산광역시 기장군 정관읍,경상사고,0,0,2,0,차대차 - 추돌,신호위반,건조,맑음,교차로 - 교차로안,승용,남,60세,경상,화물,남,74세,경상
2020112800100380,2020년 11월 28일 17시,토요일,부산광역시 동구 초량동,경상사고,0,0,2,0,차대차 - 측면충돌,안전운전불이행,건조,맑음,단일로 - 기타,승용,남,38세,경상,이륜,남,49세,경상
2020112800100417,2020년 11월 28일 18시,토요일,부산광역시 해운대구 좌동,중상사고,0,1,1,0,차대차 - 추돌,안전운전불이행,건조,맑음,단일로 - 기타,이륜,남,21세,중상,승용,여,27세,경상
2020112800100418,2020년 11월 28일 18시,토요일,부산광역시 사하구 신평동,중상사고,0,1,0,0,차대사람 - 기타,안전운전불이행,건조,맑음,교차로 - 교차로안,승용,남,62세,상해없음,보행자,남,41세,중상
2020112800100419,2020년 11월 28일 18시,토요일,부산광역시 강서구 명지동,중상사고,0,1,0,0,차대차 - 기타,신호위반,건조,맑음,교차로 - 교차로안,이륜,남,41세,상해없음,이륜,남,39세,중상
2020112800100420,2020년 11월 28일 18시,토요일,부산광역시 사상구 감전동,중상사고,0,1,0,0,차대사람 - 차도통행중,안전운전불이행,건조,맑음,단일로 - 기타,화물,남,38세,기타불명,보행자,남,74세,중상
2020112800100489,2020년 11월 28일 20시,토요일,부산광역시 부산진구 연지동,중상사고,0,2,0,0,차대차 - 기타,교차로운행방법위반,건조,맑음,교차로 - 교차로안,이륜,남,17세,중상,이륜,남,42세,중상
2020112800100513,2020년 11월 28일 21시,토요일,부산광역시 수영구 광안동,경상사고,0,0,1,0,차대차 - 측면충돌,안전운전불이행,건조,맑음,단일로 - 기타,이륜,남,30세,상해없음,승용,여,29세,경상
2020112800100514,2020년 11월 28일 21시,토요일,부산광역시 해운대구 반여동,경상사고,0,0,1,0,차대사람 - 기타,안전운전불이행,건조,맑음,단일로 - 기타,이륜,남,34세,상해없음,보행자,남,40세,경상
2020112800100554,2020년 11월 28일 22시,토요일,부산광역시 강서구 명지동,경상사고,0,0,4,0,차대차 - 정면충돌,안전운전불이행,건조,맑음,교차로 - 교차로부근,승용,여,48세,상해없음,승용,여,36세,경상
2020112800100574,2020년 11월 28일 23시,토요일,부산광역시 사상구 괘법동,중상사고,0,1,0,0,차대사람 - 횡단중,보행자보호의무위반,건조,맑음,교차로 - 교차로횡단보도내,승용,남,18세,상해없음,보행자,남,39세,중상
2020112900100002,2020년 11월 29일 00시,일요일,부산광역시 강서구 신호동,경상사고,0,0,4,0,차대차 - 기타,안전운전불이행,건조,맑음,교차로 - 교차로안,승용,남,29세,상해없음,승용,남,19세,경상
2020112900100055,2020년 11월 29일 06시,일요일,부산광역시 남구 용당동,부상신고사고,0,0,0,1,차대차 - 측면충돌,안전운전불이행,건조,맑음,단일로 - 기타,원동기,남,18세,부상신고,승합,남,37세,상해없음
2020112900100056,2020년 11월 29일 06시,일요일,부산광역시 사상구 덕포동,경상사고,0,0,1,0,차대차 - 측면충돌,교차로운행방법위반,건조,맑음,교차로 - 교차로안,기타불명,기타불명,미분류,기타불명,승용,여,47세,경상
2020112900100068,2020년 11월 29일 08시,일요일,부산광역시 금정구 금성동,중상사고,0,1,3,0,차대차 - 기타,중앙선침범,건조,맑음,기타 - 기타,이륜,남,61세,경상,승합,남,63세,상해없음
2020112900100076,2020년 11월 29일 09시,일요일,부산광역시 사하구 하단동,경상사고,0,0,1,0,차량단독 - 기타,안전운전불이행,건조,맑음,단일로 - 기타,승합,남,41세,상해없음,,,,
2020112900100102,2020년 11월 29일 11시,일요일,부산광역시 북구 만덕동,경상사고,0,0,2,0,차대차 - 기타,차로위반,건조,맑음,교차로 - 교차로부근,승용,남,26세,상해없음,승용,남,53세,경상
2020112900100103,2020년 11월 29일 11시,일요일,부산광역시 북구 만덕동,경상사고,0,0,2,0,차대차 - 측면충돌,교차로운행방법위반,건조,맑음,교차로 - 교차로안,승용,남,72세,상해없음,승용,남,31세,경상
2020112900100122,2020년 11월 29일 12시,일요일,부산광역시 동구 초량동,경상사고,0,0,2,0,차대차 - 측면충돌,안전운전불이행,건조,맑음,단일로 - 기타,승용,남,62세,상해없음,승용,남,31세,경상
2020112900100123,2020년 11월 29일 12시,일요일,부산광역시 사상구 덕포동,경상사고,0,0,1,0,차대차 - 기타,교차로운행방법위반,건조,맑음,교차로 - 교차로안,화물,남,61세,상해없음,자전거,남,25세,경상
2020112900100146,2020년 11월 29일 13시,일요일,부산광역시 해운대구 우동,경상사고,0,0,1,0,차대차 - 측면충돌,안전거리미확보,건조,맑음,단일로 - 기타,승용,남,50세,상해없음,승용,남,36세,경상
2020112900100173,2020년 11월 29일 14시,일요일,부산광역시 남구 대연동,경상사고,0,0,3,0,차대차 - 기타,교차로운행방법위반,건조,맑음,교차로 - 교차로안,승용,남,39세,상해없음,승용,남,53세,경상