사고번호,사고일시,요일,시군구,사고내용,사망자수,중상자수,경상자수,부상신고자수,사고유형,법규위반,노면상태,기상상태,도로형태,가해운전자 차종,가해운전자 성별,가해운전자 연령,가해운전자 상해정도,피해운전자 차종,피해운전자 성별,피해운전자 연령,피해운전자 상해정도
2020120200100470,2020년 12월 2일 19시,수요일,부산광역시 사하구 당리동,중상사고,0,1,0,0,차대사람 - 횡단중,보행자보호의무위반,건조,맑음,교차로 - 교차로횡단보도내,이륜,남,20세,상해없음,보행자,여,20세,중상
2020120200100530,2020년 12월 2일 21시,수요일,부산광역시 남구 대연동,중상사고,0,1,0,0,차대차 - 기타,안전운전불이행,건조,맑음,단일로 - 기타,승용,남,38세,상해없음,승용,여,33세,중상
2020120200100531,2020년 12월 2일 21시,수요일,부산광역시 부산진구 당감동,중상사고,0,1,0,0,차대차 - 추돌,안전운전불이행,건조,맑음,단일로 - 기타,승용,남,23세,상해없음,승용,남,35세,중상
2020120200100532,2020년 12월 2일 21시,수요일,부산광역시 기장군 정관읍,경상사고,0,0,1,0,차대차 - 추돌,신호위반,건조,맑음,교차로 - 교차로안,승용,여,50세,상해없음,승용,여,59세,경상
2020120200100554,2020년 12월 2일 22시,수요일,부산광역시 서구 암남동,경상사고,0,0,1,0,차량단독 - 기타,기타,건조,맑음,단일로 - 기타,승합,남,53세,상해없음,,,,
2020120300100010,2020년 12월 3일 01시,목요일,부산광역시 동래구 안락동,경상사고,0,0,1,0,차대사람 - 차도통행중,신호위반,건조,맑음,단일로 - 기타,승용,남,69세,상해없음,보행자,남,47세,경상
2020120300100050,2020년 12월 3일 07시,목요일,부산광역시 해운대구 반여동,경상사고,0,0,1,0,차대사람 - 기타,안전운전불이행,건조,맑음,단일로 - 기타,화물,남,66세,상해없음,보행자,여,29세,경상
2020120300100074,2020년 12월 3일 08시,목요일,부산광역시 해운대구 좌동,중상사고,0,1,1,0,차대사람 - 횡단중,신호위반,건조,맑음,교차로 - 교차로횡단보도내,승용,남,67세,상해없음,보행자,남,72세,중상
2020120300100104,2020년 12월 3일 09시,목요일,부산광역시 중구 영주동,경상사고,0,0,1,0,차대차 - 측면충돌,중앙선침범,건조,맑음,단일로 - 기타,화물,남,55세,상해없음,화물,남,45세,경상
2020120300100105,2020년 12월 3일 09시,목요일,부산광역시 동래구 온천동,경상사고,0,0,2,0,차대차 - 기타,안전운전불이행,건조,맑음,단일로 - 기타,승용,남,64세,상해없음,화물,남,61세,경상
2020120300100134,2020년 12월 3일 10시,목요일,부산광역시 사하구 하단동,경상사고,0,0,2,0,차대차 - 기타,안전운전불이행,건조,맑음,교차로 - 교차로부근,승용,남,69세,경상,승용,남,62세,경상
2020120300100135,2020년 12월 3일 10시,목요일,부산광역시 기장군 기장읍,중상사고,0,1,0,0,차대차 - 기타,직진우회전진행방해,건조,맑음,교차로 - 교차로안,승용,남,46세,상해없음,승용,여,51세,중상
2020120300100152,2020년 12월 3일 11시,목요일,부산광역시 중구 부평동3가,경상사고,0,0,1,0,차량단독 - 기타,기타,건조,맑음,단일로 - 기타,승합,남,53세,상해없음,,,,
2020120300100153,2020년 12월 3일 11시,목요일,부산광역시 동구 초량동,경상사고,0,0,1,0,차대차 - 측면충돌,안전거리미확보,건조,맑음,단일로 - 기타,승용,남,68세,상해없음,승용,남,66세,상해없음
2020120300100154,2020년 12월 3일 11시,목요일,부산광역시 영도구 남항동2가,중상사고,0,1,0,0,차대차 - 기타,안전운전불이행,건조,맑음,단일로 - 기타,화물,남,71세,상해없음,이륜,남,42세,중상
2020120300100155,2020년 12월 3일 11시,목요일,부산광역시 기장군 기장읍,중상사고,0,1,0,0,차대차 - 기타,교차로운행방법위반,건조,맑음,교차로 - 교차로안,화물,남,76세,상해없음,자전거,남,80세,중상
2020120300100190,2020년 12월 3일 12시,목요일,부산광역시 남구 대연동,중상사고,0,1,0,0,차대차 - 기타,안전운전불이행,건조,맑음,단일로 - 기타,화물,남,50세,상해없음,이륜,남,33세,중상
2020120300100191,2020년 12월 3일 12시,목요일,부산광역시 해운대구 중동,경상사고,0,0,2,0,차대차 - 기타,안전운전불이행,건조,맑음,교차로 - 교차로안,승용,남,48세,상해없음,자전거,남,17세,경상
2020120300100192,2020년 12월 3일 12시,목요일,부산광역시 부산진구 부전동,경상사고,0,0,1,0,차대차 - 추돌,안전운전불이행,건조,맑음,교차로 - 교차로부근,승용,남,61세,상해없음,승용,남,36세,경상
2020120300100217,2020년 12월 3일 13시,목요일,부산광역시 남구 문현동,경상사고,0,0,1,0,차대차 - 측면충돌,신호위반,건조,맑음,교차로 - 교차로안,화물,남,53세,상해없음,자전거,남,63세,경상
2020120300100249,2020년 12월 3일 14시,목요일,부산광역시 영도구 봉래동5가,경상사고,0,0,1,0,차대차 - 후진중충돌,불법유턴,건조,맑음,교차로 - 교차로안,승용,남,48세,상해없음,승용,남,30세,경상
2020120300100251,2020년 12월 3일 14시,목요일,부산광역시 사하구 다대동,중상사고,0,1,0,0,차대사람 - 기타,안전운전불이행,건조,맑음,단일로 - 기타,승용,여,36세,상해없음,보행자,여,75세,중상
2020120300100252,2020년 12월 3일 14시,목요일,부산광역시 연제구 연산동,경상사고,0,0,1,0,차대차 - 측면충돌,안전운전불이행,건조,맑음,단일로 - 기타,승용,남,48세,상해없음,이륜,남,47세,경상
2020120300100284,2020년 12월 3일 15시,목요일,부산광역시 동래구 낙민동,경상사고,0,0,2,0,차대차 - 기타,안전운전불이행,건조,맑음,단일로 - 기타,승용,여,55세,상해없음,승용,여,63세,경상
2020120300100285,2020년 12월 3일 15시,목요일,부산광역시 사하구 장림동,경상사고,0,0,1,0,차대차 - 기타,안전운전불이행,건조,맑음,교차로 - 교차로부근,화물,남,65세,상해없음,승용,남,51세,경상
2020120300100322,2020년 12월 3일 16시,목요일,부산광역시 남구 대연동,중상사고,0,1,1,0,차대차 - 측면충돌,차로위반,건조,맑음,기타 - 기타,승용,여,27세,상해없음,승용,남,24세,중상
2020120300100359,2020년 12월 3일 17시,목요일,부산광역시 수영구 광안동,경상사고,0,0,1,0,차대사람 - 기타,안전운전불이행,건조,맑음,단일로 - 기타,자전거,남,44세,상해없음,보행자,여,45세,경상
2020120300100360,2020년 12월 3일 17시,목요일,부산광역시 해운대구 반여동,부상신고사고,0,0,0,2,차대차 - 측면충돌,직진우회전진행방해,건조,맑음,교차로 - 교차로부근,승용,남,48세,상해없음,승용,남,28세,부상신고
2020120300100408,2020년 12월 3일 18시,목요일,부산광역시 서구 서대신동2가,경상사고,0,0,1,0,차대차 - 추돌,안전거리미확보,건조,맑음,단일로 - 기타,승용,여,41세,상해없음,원동기,남,22세,경상
2020120300100409,2020년 12월 3일 18시,목요일,부산광역시 동래구 온천동,경상사고,0,0,1,0,차대차 - 기타,안전운전불이행,건조,맑음,단일로 - 기타,승용,여,44세,상해없음,승용,여,39세,경상
2020120300100410,2020년 12월 3일 18시,목요일,부산광역시 해운대구 중동,경상사고,0,0,1,0,차대차 - 추돌,안전운전불이행,건조,맑음,단일로 - 기타,승용,남,80세,상해없음,승용,여,53세,경상
2020120300100493,2020년 12월 3일 20시,목요일,부산광역시 남구 용호동,경상사고,0,0,1,0,차대차 - 측면충돌,안전운전불이행,건조,맑음,단일로 - 기타,승용,남,45세,상해없음,이륜,남,26세,경상
2020120300100538,2020년 12월 3일 22시,목요일,부산광역시 사상구 감전동,경상사고,0,0,1,0,차대차 - 측면충돌,차로위반,건조,맑음,단일로 - 기타,건설기계,남,59세,상해없음,승용,남,47세,경상
2020120400100004,2020년 12월 4일 00시,금요일,부산광역시 해운대구 중동,경상사고,0,0,1,0,차대차 - 후진중충돌,안전운전불이행,건조,맑음,교차로 - 교차로부근,승용,남,38세,상해없음,승용,남,59세,경상
2020120400100022,2020년 12월 4일 03시,금요일,부산광역시 서구 충무동1가,사망사고,1,0,0,0,차대사람 - 횡단중,안전운전불이행,건조,맑음,교차로 - 교차로횡단보도내,승용,남,64세,상해없음,보행자,여,76세,사망
2020120400100095,2020년 12월 4일 08시,금요일,부산광역시 남구 대연동,경상사고,0,0,2,0,차대차 - 기타,안전운전불이행,건조,맑음,단일로 - 기타,화물,남,34세,상해없음,승용,여,45세,경상
2020120400100096,2020년 12월 4일 08시,금요일,부산광역시 영도구 청학동,중상사고,0,1,0,0,차대차 - 측면충돌,안전거리미확보,건조,맑음,교차로 - 교차로부근,승용,남,73세,상해없음,이륜,남,42세,중상
2020120400100098,2020년 12월 4일 08시,금요일,부산광역시 기장군 기장읍,경상사고,0,0,1,0,차대차 - 측면충돌,교차로운행방법위반,건조,맑음,교차로 - 교차로안,승용,여,45세,상해없음,승용,남,64세,경상
2020120400100131,2020년 12월 4일 09시,금요일,부산광역시 부산진구 부암동,중상사고,0,1,0,0,차대사람 - 차도통행중,안전운전불이행,건조,맑음,교차로 - 교차로횡단보도내,화물,남,60세,상해없음,보행자,여,83세,중상
2020120400100199,2020년 12월 4일 11시,금요일,부산광역시 부산진구 전포동,부상신고사고,0,0,0,1,차대차 - 측면충돌,직진우회전진행방해,건조,맑음,교차로 - 교차로안,이륜,남,29세,부상신고,승용,남,72세,상해없음
2020120400100226,2020년 12월 4일 12시,금요일,부산광역시 남구 용호동,중상사고,0,1,0,0,차대사람 - 기타,안전운전불이행,건조,맑음,단일로 - 기타,승용,남,68세,상해없음,보행자,여,41세,중상
2020120400100294,2020년 12월 4일 14시,금요일,부산광역시 북구 만덕동,경상사고,0,0,1,0,차대차 - 기타,안전거리미확보,건조,맑음,교차로 - 교차로부근,건설기계,남,60세,상해없음,승용,여,48세,경상
2020120400100295,2020년 12월 4일 14시,금요일,부산광역시 부산진구 가야동,부상신고사고,0,0,0,1,차대사람 - 보도통행중,보행자보호의무위반,건조,맑음,단일로 - 기타,승용,남,62세,상해없음,보행자,남,81세,부상신고
2020120400100363,2020년 12월 4일 16시,금요일,부산광역시 동래구 수안동,중상사고,0,1,0,0,차대사람 - 차도통행중,안전운전불이행,건조,맑음,단일로 - 기타,승용,남,46세,상해없음,보행자,여,81세,중상
2020120400100403,2020년 12월 4일 17시,금요일,부산광역시 수영구 광안동,경상사고,0,0,1,0,차대사람 - 기타,안전운전불이행,건조,맑음,교차로 - 교차로부근,승용,여,46세,상해없음,보행자,여,53세,경상
2020120400100404,2020년 12월 4일 17시,금요일,부산광역시 북구 화명동,경상사고,0,0,1,0,차대차 - 기타,안전운전불이행,건조,맑음,단일로 - 기타,이륜,남,59세,상해없음,승용,남,24세,경상
2020120400100465,2020년 12월 4일 18시,금요일,부산광역시 동구 범일동,경상사고,0,0,1,0,차대차 - 기타,안전운전불이행,건조,맑음,단일로 - 기타,화물,남,55세,상해없음,승용,남,54세,경상
2020120400100466,2020년 12월 4일 18시,금요일,부산광역시 동래구 온천동,부상신고사고,0,0,0,1,차대차 - 측면충돌,안전운전불이행,건조,맑음,교차로 - 교차로안,이륜,남,42세,부상신고,이륜,남,32세,상해없음
2020120400100533,2020년 12월 4일 19시,금요일,부산광역시 영도구 신선동2가,경상사고,0,0,1,0,차대차 - 측면충돌,직진우회전진행방해,건조,맑음,교차로 - 교차로안,승용,남,61세,상해없음,승용,여,63세,경상
2020120400100534,2020년 12월 4일 19시,금요일,부산광역시 해운대구 좌동,중상사고,0,1,0,0,차대차 - 기타,신호위반,건조,맑음,교차로 - 교차로안,이륜,남,37세,상해없음,이륜,남,70세,중상
2020120400100535,2020년 12월 4일 19시,금요일,부산광역시 기장군 정관읍,경상사고,0,0,1,0,차대차 - 추돌,신호위반,건조,맑음,단일로 - 기타,승용,남,40세,상해없음,이륜,남,21세,경상
2020120400100566,2020년 12월 4일 20시,금요일,부산광역시 중구 대청동1가,경상사고,0,0,1,0,차대차 - 측면충돌,안전거리미확보,건조,맑음,단일로 - 기타,이륜,남,42세,경상,승용,남,58세,상해없음
2020120400100567,2020년 12월 4일 20시,금요일,부산광역시 금정구 장전동,부상신고사고,0,0,0,1,차대사람 - 기타,안전운전불이행,건조,맑음,단일로 - 기타,개인형이동수단(PM),남,13세,상해없음,보행자,남,32세,부상신고
2020120400100568,2020년 12월 4일 20시,금요일,부산광역시 강서구 대저1동,중상사고,0,1,0,0,차대사람 - 기타,안전운전불이행,건조,맑음,단일로 - 기타,승용,남,27세,상해없음,보행자,남,37세,중상
2020120400100605,2020년 12월 4일 21시,금요일,부산광역시 해운대구 우동,경상사고,0,0,1,0,차대차 - 추돌,안전운전불이행,건조,맑음,교차로 - 교차로안,승용,남,61세,상해없음,승용,여,26세,경상
2020120400100606,2020년 12월 4일 21시,금요일,부산광역시 부산진구 전포동,경상사고,0,0,1,0,차대차 - 측면충돌,안전거리미확보,건조,맑음,교차로 - 교차로안,승용,여,54세,상해없음,승용,여,36세,경상
2020120400100639,2020년 12월 4일 22시,금요일,부산광역시 중구 영주동,중상사고,0,1,0,0,차대차 - 측면충돌,안전운전불이행,건조,맑음,교차로 - 교차로부근,승용,남,45세,상해없음,이륜,남,38세,중상
2020120400100640,2020년 12월 4일 22시,금요일,부산광역시 사상구 삼락동,경상사고,0,0,2,0,차대차 - 추돌,안전거리미확보,건조,맑음,단일로 - 기타,승용,남,43세,상해없음,승용,남,31세,경상
2020120400100660,2020년 12월 4일 23시,금요일,부산광역시 해운대구 재송동,경상사고,0,0,1,0,차대차 - 측면충돌,중앙선침범,건조,맑음,단일로 - 기타,승용,남,44세,상해없음,승용,남,53세,경상
2020120500100002,2020년 12월 5일 00시,토요일,부산광역시 동래구 온천동,경상사고,0,0,1,0,차대차 - 추돌,안전거리미확보,건조,맑음,단일로 - 기타,승용,남,45세,상해없음,승용,남,59세,경상
2020120500100029,2020년 12월 5일 02시,토요일,부산광역시 동래구 안락동,중상사고,0,1,1,0,차대차 - 추돌,안전운전불이행,건조,맑음,기타 - 기타,승용,남,30세,상해없음,승용,남,60세,중상
2020120500100038,2020년 12월 5일 04시,토요일,부산광역시 부산진구 전포동,경상사고,0,0,2,0,차대차 - 기타,신호위반,건조,맑음,교차로 - 교차로안,승용,남,24세,상해없음,승용,남,23세,경상
2020120500100041,2020년 12월 5일 05시,토요일,부산광역시 남구 용호동,경상사고,0,0,1,0,차대차 - 추돌,안전운전불이행,건조,맑음,단일로 - 기타,승용,남,52세,상해없음,승용,남,47세,경상
2020120500100049,2020년 12월 5일 06시,토요일,부산광역시 중구 부평동3가,경상사고,0,0,1,0,차대차 - 정면충돌,신호위반,건조,맑음,교차로 - 교차로안,이륜,남,63세,경상,승용,남,39세,상해없음
2020120500100076,2020년 12월 5일 09시,토요일,부산광역시 동래구 안락동,경상사고,0,0,1,0,차대차 - 추돌,안전운전불이행,건조,맑음,교차로 - 교차로부근,승용,남,54세,상해없음,승용,여,57세,경상
2020120500100101,2020년 12월 5일 10시,토요일,부산광역시 동래구 온천동,경상사고,0,0,2,0,차대차 - 추돌,안전거리미확보,건조,맑음,교차로 - 교차로부근,승용,남,61세,상해없음,승용,여,51세,경상
2020120500100102,2020년 12월 5일 10시,토요일,부산광역시 금정구 회동동,중상사고,0,2,2,0,차대차 - 추돌,안전운전불이행,건조,맑음,단일로 - 터널,승용,남,60세,상해없음,승용,남,65세,상해없음
2020120500100103,2020년 12월 5일 10시,토요일,부산광역시 사상구 괘법동,경상사고,0,0,1,0,차대사람 - 기타,안전운전불이행,건조,맑음,교차로 - 교차로안,승용,남,31세,상해없음,보행자,여,63세,경상
2020120500100138,2020년 12월 5일 11시,토요일,부산광역시 해운대구 반여동,경상사고,0,0,1,0,차대차 - 기타,안전운전불이행,건조,맑음,교차로 - 교차로안,승용,남,67세,상해없음,이륜,남,31세,경상
2020120500100139,2020년 12월 5일 11시,토요일,부산광역시 해운대구 반여동,경상사고,0,0,2,0,차대차 - 측면충돌,안전운전불이행,건조,맑음,교차로 - 교차로부근,화물,남,48세,상해없음,승용,남,33세,경상
2020120500100179,2020년 12월 5일 12시,토요일,부산광역시 부산진구 전포동,중상사고,0,1,0,0,차대차 - 추돌,안전운전불이행,건조,맑음,단일로 - 기타,원동기,남,23세,상해없음,승용,남,60세,상해없음
2020120500100180,2020년 12월 5일 12시,토요일,부산광역시 사하구 신평동,경상사고,0,0,2,0,차대차 - 추돌,안전운전불이행,건조,맑음,교차로 - 교차로부근,승용,남,28세,상해없음,승용,남,28세,경상
2020120500100181,2020년 12월 5일 12시,토요일,부산광역시 기장군 기장읍,경상사고,0,0,5,0,차대차 - 기타,교차로운행방법위반,건조,맑음,교차로 - 교차로안,승용,남,54세,경상,승용,여,43세,경상
2020120500100224,2020년 12월 5일 13시,토요일,부산광역시 서구 암남동,경상사고,0,0,1,0,차대차 - 정면충돌,신호위반,건조,맑음,교차로 - 교차로안,승용,남,54세,상해없음,화물,남,58세,경상
2020120500100225,2020년 12월 5일 13시,토요일,부산광역시 서구 부민동2가,경상사고,0,0,1,0,차대차 - 기타,신호위반,건조,맑음,교차로 - 교차로안,이륜,남,28세,상해없음,이륜,남,37세,경상
2020120500100226,2020년 12월 5일 13시,토요일,부산광역시 사하구 괴정동,경상사고,0,0,1,0,차대차 - 기타,안전운전불이행,건조,맑음,교차로 - 교차로부근,승용,여,41세,상해없음,이륜,남,32세,경상
2020120500100227,2020년 12월 5일 13시,토요일,부산광역시 수영구 수영동,경상사고,0,0,1,0,차대차 - 후진중충돌,안전운전불이행,건조,맑음,교차로 - 교차로안,승용,남,71세,기타불명,특수,남,28세,경상
2020120500100261,2020년 12월 5일 14시,토요일,부산광역시 서구 남부민동,경상사고,0,0,1,0,차대차 - 추돌,안전거리미확보,건조,맑음,단일로 - 기타,승용,남,61세,상해없음,이륜,남,24세,경상
2020120500100262,2020년 12월 5일 14시,토요일,부산광역시 수영구 광안동,중상사고,0,1,0,0,차대차 - 기타,안전거리미확보,건조,맑음,단일로 - 기타,이륜,남,17세,중상,승용,여,24세,상해없음
2020120500100263,2020년 12월 5일 14시,토요일,부산광역시 북구 화명동,경상사고,0,0,2,0,차대사람 - 기타,기타,건조,맑음,단일로 - 기타,승용,여,61세,상해없음,보행자,여,23세,경상
2020120500100264,2020년 12월 5일 14시,토요일,부산광역시 북구 화명동,경상사고,0,0,1,0,차대차 - 기타,안전거리미확보,건조,맑음,단일로 - 기타,승용,남,43세,상해없음,승용,남,50세,경상
2020120500100266,2020년 12월 5일 14시,토요일,부산광역시 사하구 신평동,중상사고,0,1,0,0,차대차 - 기타,안전운전불이행,건조,맑음,단일로 - 지하차도(도로)내,이륜,남,22세,중상,승용,남,52세,상해없음
2020120500100302,2020년 12월 5일 15시,토요일,부산광역시 해운대구 좌동,경상사고,0,0,1,0,차대차 - 기타,불법유턴,건조,맑음,교차로 - 교차로안,개인형이동수단(PM),남,32세,상해없음,자전거,여,13세,경상
2020120500100303,2020년 12월 5일 15시,토요일,부산광역시 금정구 구서동,경상사고,0,0,3,0,차대차 - 기타,안전운전불이행,건조,맑음,단일로 - 기타,승용,여,33세,상해없음,승용,남,37세,경상
2020120500100331,2020년 12월 5일 16시,토요일,부산광역시 해운대구 좌동,경상사고,0,0,1,0,차대사람 - 횡단중,보행자보호의무위반,건조,맑음,교차로 - 교차로부근,승용,남,59세,상해없음,보행자,남,22세,경상
2020120500100361,2020년 12월 5일 17시,토요일,부산광역시 동래구 온천동,중상사고,0,1,0,0,차대사람 - 횡단중,보행자보호의무위반,건조,맑음,교차로 - 교차로안,승용,여,49세,상해없음,보행자,남,66세,중상
2020120500100362,2020년 12월 5일 17시,토요일,부산광역시 부산진구 부전동,중상사고,0,1,0,0,차대사람 - 보도통행중,기타,건조,맑음,단일로 - 기타,이륜,남,18세,상해없음,보행자,남,24세,중상
2020120500100363,2020년 12월 5일 17시,토요일,부산광역시 부산진구 초읍동,중상사고,0,1,1,0,차대차 - 기타,직진우회전진행방해,건조,맑음,교차로 - 교차로안,승용,남,77세,상해없음,승용,남,66세,중상
2020120500100405,2020년 12월 5일 18시,토요일,부산광역시 사하구 하단동,중상사고,0,1,0,1,차대차 - 기타,신호위반,건조,맑음,교차로 - 교차로안,이륜,남,38세,부상신고,이륜,남,53세,중상
2020120500100450,2020년 12월 5일 19시,토요일,부산광역시 해운대구 반여동,중상사고,0,1,0,0,차대차 - 추돌,안전운전불이행,건조,맑음,교차로 - 교차로안,이륜,남,38세,상해없음,이륜,남,21세,중상
2020120500100451,2020년 12월 5일 19시,토요일,부산광역시 금정구 부곡동,중상사고,0,1,0,0,차대차 - 기타,안전운전불이행,건조,맑음,교차로 - 교차로안,승합,남,29세,상해없음,이륜,남,33세,중상
2020120500100484,2020년 12월 5일 20시,토요일,부산광역시 연제구 연산동,중상사고,0,1,0,0,차대차 - 기타,차로위반,건조,맑음,단일로 - 기타,승용,남,22세,상해없음,승용,남,34세,중상
2020120500100507,2020년 12월 5일 21시,토요일,부산광역시 영도구 청학동,사망사고,1,0,0,0,차대차 - 기타,안전운전불이행,건조,맑음,단일로 - 기타,화물,남,51세,상해없음,이륜,남,35세,사망
2020120500100508,2020년 12월 5일 21시,토요일,부산광역시 기장군 기장읍,경상사고,0,0,1,0,차대차 - 추돌,안전운전불이행,건조,맑음,교차로 - 교차로부근,승용,남,44세,상해없음,승용,여,52세,경상
2020120500100532,2020년 12월 5일 22시,토요일,부산광역시 해운대구 반송동,중상사고,0,2,0,0,차대차 - 추돌,안전운전불이행,건조,맑음,단일로 - 기타,이륜,남,23세,중상,승용,남,33세,상해없음
2020120500100551,2020년 12월 5일 23시,토요일,부산광역시 수영구 망미동,부상신고사고,0,0,0,1,차량단독 - 공작물충돌,안전운전불이행,건조,맑음,단일로 - 기타,승용,여,24세,부상신고,,,,
2020120500100552,2020년 12월 5일 23시,토요일,부산광역시 사상구 모라동,경상사고,0,0,1,0,차대차 - 추돌,안전운전불이행,건조,맑음,단일로 - 기타,승용,남,32세,상해없음,승용,남,24세,경상
2020120600100001,2020년 12월 6일 00시,일요일,부산광역시 북구 덕천동,중상사고,0,1,1,0,차대차 - 기타,안전운전불이행,건조,맑음,교차로 - 교차로안,승용,남,19세,상해없음,이륜,남,31세,중상
2020120600100002,2020년 12월 6일 00시,일요일,부산광역시 해운대구 우동,중상사고,0,1,0,0,차대사람 - 횡단중,보행자보호의무위반,건조,맑음,교차로 - 교차로횡단보도내,승용,남,42세,상해없음,보행자,남,44세,중상
2020120600100003,2020년 12월 6일 00시,일요일,부산광역시 연제구 연산동,부상신고사고,0,0,0,1,차대차 - 기타,교차로운행방법위반,건조,맑음,교차로 - 교차로부근,원동기,남,22세,부상신고,승용,여,43세,상해없음
2020120600100028,2020년 12월 6일 02시,일요일,부산광역시 해운대구 우동,경상사고,0,0,1,0,차대차 - 추돌,신호위반,건조,맑음,교차로 - 교차로안,승용,남,22세,상해없음,승용,남,59세,경상
2020120600100040,2020년 12월 6일 05시,일요일,부산광역시 동구 범일동,경상사고,0,0,1,0,차대차 - 측면충돌,신호위반,건조,맑음,교차로 - 교차로안,승용,기타불명,미분류,기타불명,승합,남,48세,경상
2020120600100049,2020년 12월 6일 06시,일요일,부산광역시 금정구 남산동,중상사고,0,1,0,0,차대사람 - 기타,안전운전불이행,건조,맑음,교차로 - 교차로횡단보도내,화물,남,42세,상해없음,보행자,여,77세,중상
2020120600100067,2020년 12월 6일 08시,일요일,부산광역시 강서구 명지동,경상사고,0,0,1,0,차대차 - 기타,안전운전불이행,건조,맑음,단일로 - 기타,건설기계,남,53세,상해없음,건설기계,남,59세,경상
2020120600100076,2020년 12월 6일 09시,일요일,부산광역시 서구 남부민동,중상사고,0,1,1,0,차대차 - 측면충돌,안전거리미확보,건조,맑음,단일로 - 기타,화물,남,59세,상해없음,승용,여,56세,중상
2020120600100077,2020년 12월 6일 09시,일요일,부산광역시 남구 문현동,경상사고,0,0,3,0,차대차 - 기타,안전운전불이행,건조,맑음,단일로 - 기타,승용,남,64세,상해없음,승용,여,35세,경상
2020120600100088,2020년 12월 6일 10시,일요일,부산광역시 서구 암남동,경상사고,0,0,1,0,차대차 - 정면충돌,중앙선침범,건조,맑음,단일로 - 기타,승용,남,46세,상해없음,승용,남,68세,경상
2020120600100089,2020년 12월 6일 10시,일요일,부산광역시 동래구 온천동,경상사고,0,0,1,0,차대차 - 추돌,안전운전불이행,건조,맑음,단일로 - 기타,승용,남,33세,상해없음,승용,남,61세,상해없음
2020120600100109,2020년 12월 6일 11시,일요일,부산광역시 부산진구 부전동,경상사고,0,0,2,0,차대차 - 측면충돌,신호위반,건조,맑음,교차로 - 교차로안,승용,남,55세,상해없음,화물,남,55세,경상
2020120600100110,2020년 12월 6일 11시,일요일,부산광역시 연제구 연산동,중상사고,0,1,0,0,차대차 - 기타,차로위반,건조,맑음,단일로 - 기타,승용,남,58세,상해없음,이륜,남,34세,중상
2020120600100128,2020년 12월 6일 12시,일요일,부산광역시 서구 동대신동3가,중상사고,0,2,0,1,차대차 - 측면충돌,안전운전불이행,건조,맑음,교차로 - 교차로부근,화물,남,62세,부상신고,승용,남,60세,중상
2020120600100129,2020년 12월 6일 12시,일요일,부산광역시 부산진구 가야동,경상사고,0,0,1,0,차대차 - 추돌,안전운전불이행,건조,맑음,단일로 - 기타,이륜,남,22세,상해없음,승용,남,27세,경상
2020120600100153,2020년 12월 6일 13시,일요일,부산광역시 강서구 대저1동,경상사고,0,0,2,0,차대차 - 기타,안전운전불이행,건조,맑음,단일로 - 기타,승용,남,23세,상해없음,승용,여,33세,경상
2020120600100154,2020년 12월 6일 13시,일요일,부산광역시 사상구 엄궁동,경상사고,0,0,1,0,차대차 - 추돌,안전운전불이행,건조,맑음,교차로 - 교차로부근,화물,남,59세,기타불명,승용,남,35세,경상
2020120600100192,2020년 12월 6일 14시,일요일,부산광역시 동구 초량동,경상사고,0,0,1,0,차대차 - 기타,안전운전불이행,건조,맑음,단일로 - 기타,승용,남,34세,상해없음,승용,남,69세,경상
2020120600100193,2020년 12월 6일 14시,일요일,부산광역시 금정구 서동,경상사고,0,0,1,0,차대차 - 측면충돌,안전운전불이행,건조,맑음,교차로 - 교차로안,승용,남,62세,상해없음,이륜,남,17세,경상
2020120600100216,2020년 12월 6일 15시,일요일,부산광역시 강서구 봉림동,경상사고,0,0,1,0,차량단독 - 공작물충돌,안전운전불이행,건조,맑음,단일로 - 기타,승용,남,22세,상해없음,,,,
2020120600100217,2020년 12월 6일 15시,일요일,부산광역시 강서구 대저1동,중상사고,0,1,0,1,차대차 - 기타,안전운전불이행,건조,맑음,교차로 - 교차로부근,승용,남,60세,상해없음,건설기계,남,36세,중상
2020120600100272,2020년 12월 6일 17시,일요일,부산광역시 남구 대연동,중상사고,0,1,0,0,차대차 - 측면충돌,신호위반,건조,맑음,교차로 - 교차로안,승용,남,74세,상해없음,이륜,남,28세,중상
2020120600100273,2020년 12월 6일 17시,일요일,부산광역시 부산진구 초읍동,중상사고,0,2,1,0,차대차 - 측면충돌,신호위반,건조,맑음,교차로 - 교차로안,이륜,남,31세,중상,승용,남,70세,경상
2020120600100274,2020년 12월 6일 17시,일요일,부산광역시 금정구 구서동,경상사고,0,0,1,0,차대차 - 기타,안전운전불이행,건조,맑음,단일로 - 기타,이륜,남,79세,경상,화물,남,40세,상해없음
2020120600100275,2020년 12월 6일 17시,일요일,부산광역시 사하구 괴정동,경상사고,0,0,1,0,차대사람 - 길가장자리구역통행중,안전운전불이행,건조,맑음,단일로 - 기타,승용,여,51세,상해없음,보행자,여,35세,경상
2020120600100299,2020년 12월 6일 18시,일요일,부산광역시 사하구 장림동,부상신고사고,0,0,0,1,차대차 - 기타,신호위반,건조,맑음,단일로 - 기타,이륜,남,30세,부상신고,승용,남,35세,상해없음
2020120600100300,2020년 12월 6일 18시,일요일,부산광역시 사하구 괴정동,중상사고,0,1,1,0,차대차 - 기타,안전거리미확보,건조,맑음,단일로 - 기타,승용,남,63세,상해없음,승용,여,52세,중상