사고번호,사고일시,요일,시군구,사고내용,사망자수,중상자수,경상자수,부상신고자수,사고유형,법규위반,노면상태,기상상태,도로형태,가해운전자 차종,가해운전자 성별,가해운전자 연령,가해운전자 상해정도,피해운전자 차종,피해운전자 성별,피해운전자 연령,피해운전자 상해정도
2020121900100119,2020년 12월 19일 11시,토요일,부산광역시 수영구 남천동,중상사고,0,2,0,0,차대사람 - 보도통행중,보행자보호의무위반,건조,맑음,교차로 - 교차로횡단보도내,승용,여,69세,상해없음,보행자,여,74세,중상
2020121900100120,2020년 12월 19일 11시,토요일,부산광역시 부산진구 부전동,경상사고,0,0,1,0,차대차 - 측면충돌,차로위반,건조,맑음,단일로 - 기타,승용,남,71세,상해없음,승용,남,36세,경상
2020121900100147,2020년 12월 19일 12시,토요일,부산광역시 남구 문현동,경상사고,0,0,1,0,차대차 - 측면충돌,안전운전불이행,건조,맑음,단일로 - 기타,화물,남,57세,상해없음,승용,남,61세,경상
2020121900100148,2020년 12월 19일 12시,토요일,부산광역시 금정구 장전동,경상사고,0,0,1,0,차대차 - 추돌,안전운전불이행,건조,맑음,교차로 - 교차로부근,승용,여,31세,상해없음,승용,남,42세,경상
2020121900100149,2020년 12월 19일 12시,토요일,부산광역시 연제구 거제동,경상사고,0,0,1,0,차대차 - 기타,안전운전불이행,건조,맑음,단일로 - 기타,승용,남,53세,상해없음,승용,남,27세,경상
2020121900100150,2020년 12월 19일 12시,토요일,부산광역시 사상구 감전동,중상사고,0,1,0,0,차대차 - 추돌,안전운전불이행,건조,맑음,교차로 - 교차로부근,승용,남,19세,상해없음,승용,여,48세,중상
2020121900100188,2020년 12월 19일 13시,토요일,부산광역시 동래구 온천동,경상사고,0,0,1,0,차대차 - 기타,교차로운행방법위반,건조,맑음,교차로 - 교차로안,승용,남,34세,상해없음,이륜,남,34세,경상
2020121900100257,2020년 12월 19일 15시,토요일,부산광역시 동래구 사직동,경상사고,0,0,1,0,차대사람 - 차도통행중,안전운전불이행,건조,맑음,단일로 - 기타,승용,남,27세,기타불명,보행자,여,74세,경상
2020121900100258,2020년 12월 19일 15시,토요일,부산광역시 사상구 감전동,경상사고,0,0,3,0,차대차 - 기타,신호위반,건조,맑음,교차로 - 교차로안,승합,남,31세,상해없음,승용,남,66세,경상
2020121900100292,2020년 12월 19일 16시,토요일,부산광역시 남구 대연동,경상사고,0,0,2,0,차대차 - 측면충돌,안전운전불이행,건조,맑음,교차로 - 교차로부근,화물,남,58세,상해없음,승용,남,24세,경상
2020121900100293,2020년 12월 19일 16시,토요일,부산광역시 북구 덕천동,부상신고사고,0,0,0,1,차대차 - 기타,안전거리미확보,건조,맑음,교차로 - 교차로부근,승용,남,29세,상해없음,승용,남,47세,상해없음
2020121900100294,2020년 12월 19일 16시,토요일,부산광역시 사상구 주례동,경상사고,0,0,1,0,차대사람 - 횡단중,안전운전불이행,건조,맑음,단일로 - 기타,승용,남,51세,상해없음,보행자,여,91세,경상
2020121900100328,2020년 12월 19일 17시,토요일,부산광역시 영도구 봉래동2가,중상사고,0,1,0,0,차대사람 - 기타,중앙선침범,건조,맑음,교차로 - 교차로부근,승용,남,58세,상해없음,보행자,여,42세,중상
2020121900100329,2020년 12월 19일 17시,토요일,부산광역시 부산진구 부암동,경상사고,0,0,3,0,차대차 - 추돌,안전운전불이행,건조,맑음,단일로 - 고가도로위,화물,남,50세,상해없음,승용,남,44세,경상
2020121900100369,2020년 12월 19일 18시,토요일,부산광역시 해운대구 석대동,중상사고,0,1,0,0,차대사람 - 횡단중,안전운전불이행,건조,맑음,단일로 - 기타,승용,남,57세,상해없음,보행자,남,80세,중상
2020121900100370,2020년 12월 19일 18시,토요일,부산광역시 해운대구 반여동,경상사고,0,0,1,0,차대차 - 측면충돌,안전운전불이행,건조,맑음,교차로 - 교차로안,승용,남,57세,상해없음,원동기,남,56세,경상
2020121900100371,2020년 12월 19일 18시,토요일,부산광역시 부산진구 양정동,경상사고,0,0,1,0,차대차 - 기타,안전운전불이행,건조,맑음,단일로 - 기타,승용,남,31세,상해없음,이륜,남,49세,경상
2020121900100372,2020년 12월 19일 18시,토요일,부산광역시 사하구 감천동,경상사고,0,0,1,0,차대사람 - 차도통행중,안전운전불이행,건조,맑음,단일로 - 기타,화물,남,70세,상해없음,보행자,남,61세,경상
2020121900100434,2020년 12월 19일 19시,토요일,부산광역시 동래구 명륜동,경상사고,0,0,1,0,차대차 - 측면충돌,안전운전불이행,건조,맑음,단일로 - 기타,승용,남,55세,상해없음,이륜,남,17세,경상
2020121900100435,2020년 12월 19일 19시,토요일,부산광역시 부산진구 범전동,경상사고,0,0,1,0,차대사람 - 횡단중,신호위반,건조,맑음,단일로 - 기타,원동기,남,34세,상해없음,보행자,남,36세,경상
2020121900100436,2020년 12월 19일 19시,토요일,부산광역시 사하구 다대동,중상사고,0,1,0,1,차대차 - 측면충돌,안전운전불이행,건조,맑음,교차로 - 교차로안,이륜,남,53세,부상신고,이륜,남,39세,중상
2020121900100437,2020년 12월 19일 19시,토요일,부산광역시 연제구 거제동,중상사고,0,1,0,0,차대사람 - 차도통행중,안전운전불이행,건조,맑음,단일로 - 기타,승용,남,41세,상해없음,보행자,여,78세,중상
2020121900100476,2020년 12월 19일 20시,토요일,부산광역시 부산진구 부전동,경상사고,0,0,1,0,차대차 - 측면충돌,기타,건조,맑음,단일로 - 기타,승용,남,41세,상해없음,원동기,여,29세,경상
2020121900100519,2020년 12월 19일 21시,토요일,부산광역시 동구 초량동,경상사고,0,0,1,0,차대사람 - 보도통행중,기타,건조,맑음,단일로 - 기타,승용,여,60세,상해없음,보행자,남,30세,경상
2020121900100520,2020년 12월 19일 21시,토요일,부산광역시 북구 구포동,경상사고,0,0,1,0,차대차 - 측면충돌,안전거리미확보,건조,맑음,단일로 - 지하차도(도로)내,승용,남,73세,상해없음,이륜,남,27세,경상
2020121900100521,2020년 12월 19일 21시,토요일,부산광역시 금정구 부곡동,부상신고사고,0,0,0,1,차대사람 - 기타,안전운전불이행,건조,맑음,기타 - 기타,기타불명,기타불명,미분류,기타불명,보행자,여,63세,부상신고
2020121900100552,2020년 12월 19일 22시,토요일,부산광역시 부산진구 양정동,경상사고,0,0,1,0,차대차 - 추돌,안전운전불이행,건조,맑음,단일로 - 기타,승합,남,51세,상해없음,승용,남,55세,경상
2020122000100011,2020년 12월 20일 01시,일요일,부산광역시 연제구 연산동,부상신고사고,0,0,0,1,차대사람 - 기타,안전운전불이행,건조,맑음,교차로 - 교차로안,승용,남,48세,상해없음,보행자,남,70세,부상신고
2020122000100034,2020년 12월 20일 08시,일요일,부산광역시 남구 용호동,경상사고,0,0,2,0,차대차 - 측면충돌,신호위반,건조,맑음,교차로 - 교차로안,승용,남,33세,상해없음,이륜,남,57세,경상
2020122000100065,2020년 12월 20일 11시,일요일,부산광역시 기장군 정관읍,경상사고,0,0,1,0,차대차 - 기타,신호위반,건조,맑음,교차로 - 교차로안,승합,남,37세,상해없음,승용,여,52세,경상
2020122000100107,2020년 12월 20일 13시,일요일,부산광역시 수영구 남천동,경상사고,0,0,1,0,차대사람 - 횡단중,보행자보호의무위반,건조,맑음,단일로 - 터널,승용,여,80세,상해없음,보행자,여,53세,경상
2020122000100136,2020년 12월 20일 14시,일요일,부산광역시 영도구 영선동3가,경상사고,0,0,1,0,차대차 - 측면충돌,안전운전불이행,건조,맑음,교차로 - 교차로안,승용,여,48세,상해없음,이륜,남,22세,경상
2020122000100163,2020년 12월 20일 15시,일요일,부산광역시 기장군 철마면,경상사고,0,0,1,0,차대차 - 기타,안전거리미확보,건조,맑음,교차로 - 교차로부근,이륜,남,48세,상해없음,화물,남,53세,경상
2020122000100181,2020년 12월 20일 16시,일요일,부산광역시 해운대구 반여동,경상사고,0,0,1,0,차대사람 - 횡단중,보행자보호의무위반,건조,맑음,교차로 - 교차로부근,승용,남,43세,상해없음,보행자,남,49세,경상
2020122000100182,2020년 12월 20일 16시,일요일,부산광역시 사하구 감천동,경상사고,0,0,1,0,차대차 - 추돌,안전운전불이행,건조,맑음,단일로 - 기타,승용,여,45세,상해없음,이륜,남,38세,경상
2020122000100202,2020년 12월 20일 17시,일요일,부산광역시 서구 충무동1가,중상사고,0,2,1,0,차대차 - 측면충돌,안전운전불이행,건조,맑음,교차로 - 교차로안,이륜,남,60세,중상,승용,남,35세,경상
2020122000100224,2020년 12월 20일 18시,일요일,부산광역시 남구 대연동,중상사고,0,1,0,0,차대차 - 측면충돌,안전운전불이행,건조,맑음,교차로 - 교차로안,승용,남,40세,상해없음,이륜,남,27세,중상
2020122000100225,2020년 12월 20일 18시,일요일,부산광역시 해운대구 우동,중상사고,0,1,0,0,차대사람 - 기타,과속,건조,맑음,기타 - 기타,승용,남,57세,상해없음,보행자,여,57세,중상
2020122000100226,2020년 12월 20일 18시,일요일,부산광역시 금정구 부곡동,경상사고,0,0,2,0,차대차 - 기타,교차로운행방법위반,건조,맑음,교차로 - 교차로부근,승용,남,61세,상해없음,화물,남,60세,경상
2020122000100227,2020년 12월 20일 18시,일요일,부산광역시 기장군 일광면,중상사고,0,1,0,0,차대차 - 측면충돌,교차로운행방법위반,건조,맑음,교차로 - 교차로부근,승용,남,65세,상해없음,이륜,남,25세,중상
2020122000100260,2020년 12월 20일 19시,일요일,부산광역시 남구 대연동,경상사고,0,0,1,0,차대차 - 측면충돌,안전거리미확보,건조,맑음,단일로 - 기타,승용,남,35세,상해없음,원동기,남,25세,경상
2020122000100261,2020년 12월 20일 19시,일요일,부산광역시 남구 용호동,경상사고,0,0,2,0,차대차 - 측면충돌,안전운전불이행,건조,맑음,단일로 - 기타,승용,남,34세,상해없음,승용,남,29세,경상
2020122000100262,2020년 12월 20일 19시,일요일,부산광역시 수영구 남천동,경상사고,0,0,2,0,차대차 - 추돌,안전운전불이행,건조,맑음,단일로 - 기타,승용,여,33세,상해없음,승용,남,63세,경상
2020122000100264,2020년 12월 20일 19시,일요일,부산광역시 사하구 장림동,부상신고사고,0,0,0,1,차대사람 - 기타,안전운전불이행,건조,맑음,교차로 - 교차로부근,이륜,남,18세,부상신고,보행자,기타불명,미분류,기타불명
2020122000100265,2020년 12월 20일 19시,일요일,부산광역시 사상구 학장동,중상사고,0,1,0,0,차대차 - 측면충돌,신호위반,건조,맑음,교차로 - 교차로안,이륜,남,75세,중상,승용,남,49세,상해없음
2020122000100293,2020년 12월 20일 20시,일요일,부산광역시 수영구 남천동,경상사고,0,0,1,0,차대차 - 추돌,안전운전불이행,건조,맑음,교차로 - 교차로안,승용,남,56세,상해없음,원동기,남,45세,경상
2020122000100294,2020년 12월 20일 20시,일요일,부산광역시 금정구 장전동,부상신고사고,0,0,0,1,차대차 - 추돌,안전운전불이행,건조,맑음,단일로 - 기타,승용,남,26세,상해없음,승용,남,60세,부상신고
2020122000100317,2020년 12월 20일 21시,일요일,부산광역시 동구 초량동,경상사고,0,0,2,0,차대사람 - 보도통행중,보행자보호의무위반,건조,맑음,단일로 - 기타,승용,남,62세,상해없음,보행자,남,29세,경상
2020122100100006,2020년 12월 21일 00시,월요일,부산광역시 부산진구 양정동,경상사고,0,0,1,0,차대차 - 추돌,안전운전불이행,건조,맑음,단일로 - 기타,승용,남,35세,상해없음,이륜,남,21세,경상
2020122100100036,2020년 12월 21일 06시,월요일,부산광역시 동구 초량동,중상사고,0,1,0,0,차대사람 - 횡단중,안전운전불이행,건조,기타,단일로 - 기타,승용,남,67세,상해없음,보행자,남,50세,중상
2020122100100050,2020년 12월 21일 07시,월요일,부산광역시 사하구 장림동,중상사고,0,1,1,0,차대차 - 기타,신호위반,건조,맑음,교차로 - 교차로부근,승용,남,40세,중상,승용,남,38세,경상
2020122100100086,2020년 12월 21일 08시,월요일,부산광역시 부산진구 전포동,경상사고,0,0,1,0,차대차 - 측면충돌,안전거리미확보,건조,맑음,기타 - 기타,건설기계,남,65세,상해없음,승용,남,54세,경상
2020122100100150,2020년 12월 21일 10시,월요일,부산광역시 기장군 정관읍,경상사고,0,0,1,0,차대차 - 추돌,안전운전불이행,건조,맑음,교차로 - 교차로부근,화물,남,68세,상해없음,화물,남,68세,경상
2020122100100186,2020년 12월 21일 11시,월요일,부산광역시 서구 서대신동2가,부상신고사고,0,0,0,1,차량단독 - 전도전복 - 전도,안전운전불이행,건조,맑음,단일로 - 터널,이륜,남,61세,부상신고,,,,
2020122100100187,2020년 12월 21일 11시,월요일,부산광역시 부산진구 부전동,경상사고,0,0,2,0,차대차 - 기타,불법유턴,건조,맑음,기타 - 기타,승용,남,50세,상해없음,이륜,남,58세,경상
2020122100100188,2020년 12월 21일 11시,월요일,부산광역시 연제구 연산동,경상사고,0,0,2,0,차대차 - 추돌,안전운전불이행,건조,맑음,단일로 - 기타,승용,남,75세,상해없음,승용,남,67세,상해없음
2020122100100228,2020년 12월 21일 12시,월요일,부산광역시 해운대구 중동,경상사고,0,0,1,0,차대차 - 기타,안전운전불이행,건조,맑음,단일로 - 기타,이륜,남,20세,상해없음,승용,남,47세,경상
2020122100100229,2020년 12월 21일 12시,월요일,부산광역시 사하구 장림동,중상사고,0,1,0,0,차대차 - 기타,안전운전불이행,건조,맑음,교차로 - 교차로안,승용,남,69세,상해없음,이륜,남,47세,중상
2020122100100255,2020년 12월 21일 13시,월요일,부산광역시 동구 초량동,경상사고,0,0,1,0,차대사람 - 차도통행중,안전운전불이행,건조,맑음,교차로 - 교차로안,승용,남,51세,상해없음,보행자,여,72세,경상
2020122100100256,2020년 12월 21일 13시,월요일,부산광역시 부산진구 부전동,경상사고,0,0,1,0,차대차 - 기타,안전운전불이행,건조,기타,단일로 - 기타,화물,남,62세,상해없음,승용,남,30세,경상
2020122100100257,2020년 12월 21일 13시,월요일,부산광역시 부산진구 부전동,중상사고,0,1,0,0,차대사람 - 기타,안전운전불이행,건조,맑음,교차로 - 교차로안,승합,남,59세,상해없음,보행자,여,69세,중상
2020122100100258,2020년 12월 21일 13시,월요일,부산광역시 부산진구 연지동,경상사고,0,0,3,0,차대차 - 측면충돌,직진우회전진행방해,건조,맑음,교차로 - 교차로안,승용,남,70세,경상,승합,남,50세,경상
2020122100100291,2020년 12월 21일 14시,월요일,부산광역시 북구 덕천동,경상사고,0,0,1,0,차대사람 - 기타,안전운전불이행,건조,맑음,단일로 - 기타,승용,남,24세,상해없음,보행자,남,58세,경상
2020122100100292,2020년 12월 21일 14시,월요일,부산광역시 강서구 대저1동,경상사고,0,0,1,0,차대차 - 측면충돌,안전거리미확보,건조,맑음,교차로 - 교차로부근,승용,남,78세,상해없음,승용,남,63세,경상
2020122100100293,2020년 12월 21일 14시,월요일,부산광역시 사상구 모라동,중상사고,0,1,0,0,차대사람 - 횡단중,신호위반,건조,맑음,기타 - 기타,승용,남,71세,상해없음,보행자,여,22세,중상
2020122100100321,2020년 12월 21일 15시,월요일,부산광역시 부산진구 부전동,중상사고,0,1,0,0,차대차 - 측면충돌,교차로운행방법위반,건조,맑음,교차로 - 교차로안,승용,남,36세,상해없음,자전거,여,44세,중상
2020122100100322,2020년 12월 21일 15시,월요일,부산광역시 금정구 부곡동,경상사고,0,0,1,0,차대차 - 기타,안전거리미확보,건조,맑음,단일로 - 기타,승용,남,42세,상해없음,원동기,남,18세,경상
2020122100100361,2020년 12월 21일 16시,월요일,부산광역시 부산진구 가야동,경상사고,0,0,1,1,차대차 - 추돌,안전운전불이행,건조,맑음,단일로 - 기타,승용,여,50세,상해없음,승용,여,53세,부상신고
2020122100100399,2020년 12월 21일 17시,월요일,부산광역시 동래구 명륜동,경상사고,0,0,1,0,차대차 - 측면충돌,안전운전불이행,건조,맑음,단일로 - 기타,승용,여,51세,상해없음,이륜,남,29세,경상
2020122100100400,2020년 12월 21일 17시,월요일,부산광역시 부산진구 범천동,중상사고,0,1,0,0,차대사람 - 횡단중,안전운전불이행,건조,맑음,단일로 - 기타,화물,남,48세,상해없음,보행자,여,75세,중상
2020122100100401,2020년 12월 21일 17시,월요일,부산광역시 강서구 송정동,중상사고,0,1,2,0,차대차 - 측면충돌,기타,건조,맑음,교차로 - 교차로안,승용,남,40세,경상,화물,남,58세,경상
2020122100100402,2020년 12월 21일 17시,월요일,부산광역시 강서구 명지동,경상사고,0,0,1,0,차대차 - 후진중충돌,안전운전불이행,건조,맑음,단일로 - 기타,승용,남,35세,상해없음,승용,여,30세,경상
2020122100100448,2020년 12월 21일 18시,월요일,부산광역시 해운대구 반여동,경상사고,0,0,1,0,차대사람 - 횡단중,안전운전불이행,건조,맑음,교차로 - 교차로부근,승용,남,64세,상해없음,보행자,여,66세,경상
2020122100100449,2020년 12월 21일 18시,월요일,부산광역시 강서구 송정동,중상사고,0,1,0,0,차대차 - 기타,안전운전불이행,건조,맑음,단일로 - 기타,특수,남,49세,상해없음,승용,남,62세,중상
2020122100100450,2020년 12월 21일 18시,월요일,부산광역시 사상구 덕포동,경상사고,0,0,1,0,차대사람 - 기타,기타,건조,기타,단일로 - 기타,건설기계,남,60세,상해없음,보행자,여,67세,경상
2020122100100509,2020년 12월 21일 19시,월요일,부산광역시 중구 중앙동6가,경상사고,0,0,1,0,차량단독 - 기타,기타,건조,맑음,교차로 - 교차로부근,승합,남,57세,상해없음,,,,
2020122100100561,2020년 12월 21일 20시,월요일,부산광역시 동구 초량동,경상사고,0,0,2,0,차대차 - 측면충돌,안전거리미확보,건조,맑음,단일로 - 기타,승용,여,42세,상해없음,승용,여,26세,경상
2020122100100562,2020년 12월 21일 20시,월요일,부산광역시 북구 화명동,경상사고,0,0,1,0,차량단독 - 기타,안전운전불이행,건조,맑음,단일로 - 기타,승합,남,55세,상해없음,,,,
2020122100100563,2020년 12월 21일 20시,월요일,부산광역시 동래구 수안동,경상사고,0,0,1,0,차대차 - 정면충돌,안전운전불이행,건조,맑음,교차로 - 교차로안,승용,남,64세,상해없음,승용,남,33세,경상
2020122100100564,2020년 12월 21일 20시,월요일,부산광역시 금정구 부곡동,경상사고,0,0,1,0,차대차 - 기타,안전운전불이행,건조,맑음,교차로 - 교차로안,승용,여,47세,기타불명,승용,남,61세,경상
2020122100100565,2020년 12월 21일 20시,월요일,부산광역시 사상구 괘법동,경상사고,0,0,1,0,차대차 - 추돌,안전운전불이행,건조,맑음,단일로 - 기타,승용,남,52세,상해없음,승용,남,45세,경상
2020122100100620,2020년 12월 21일 22시,월요일,부산광역시 기장군 철마면,부상신고사고,0,0,0,2,차대차 - 추돌,안전운전불이행,건조,맑음,단일로 - 기타,승용,남,27세,기타불명,화물,남,53세,부상신고
2020122100100636,2020년 12월 21일 23시,월요일,부산광역시 해운대구 중동,경상사고,0,0,1,0,차대차 - 측면충돌,안전운전불이행,건조,맑음,단일로 - 기타,승용,남,29세,상해없음,승합,남,42세,경상
2020122200100013,2020년 12월 22일 03시,화요일,부산광역시 서구 동대신동3가,중상사고,0,1,0,0,차대차 - 측면충돌,신호위반,건조,맑음,교차로 - 교차로안,승용,남,26세,상해없음,화물,남,31세,중상
2020122200100021,2020년 12월 22일 05시,화요일,부산광역시 부산진구 초읍동,중상사고,0,1,0,0,차대사람 - 횡단중,안전운전불이행,건조,맑음,교차로 - 교차로부근,승용,남,26세,상해없음,보행자,여,40세,중상
2020122200100045,2020년 12월 22일 07시,화요일,부산광역시 연제구 연산동,중상사고,0,1,0,0,차대사람 - 횡단중,안전운전불이행,건조,맑음,단일로 - 기타,승용,남,69세,상해없음,보행자,여,83세,중상
2020122200100046,2020년 12월 22일 07시,화요일,부산광역시 강서구 명지동,경상사고,0,0,1,0,차대차 - 측면충돌,안전운전불이행,건조,맑음,교차로 - 교차로안,승용,남,46세,상해없음,승용,남,33세,경상
2020122200100081,2020년 12월 22일 08시,화요일,부산광역시 동구 수정동,부상신고사고,0,0,0,1,차량단독 - 전도전복 - 전도,안전운전불이행,건조,맑음,단일로 - 기타,이륜,남,51세,부상신고,,,,
2020122200100108,2020년 12월 22일 09시,화요일,부산광역시 사하구 감천동,경상사고,0,0,1,0,차대차 - 측면충돌,신호위반,건조,맑음,교차로 - 교차로안,승용,남,37세,상해없음,승용,남,68세,경상
2020122200100132,2020년 12월 22일 10시,화요일,부산광역시 동래구 안락동,경상사고,0,0,2,0,차대차 - 추돌,안전운전불이행,건조,맑음,단일로 - 기타,승용,남,49세,상해없음,승용,남,26세,경상
2020122200100154,2020년 12월 22일 11시,화요일,부산광역시 금정구 부곡동,경상사고,0,0,1,0,차대차 - 측면충돌,안전운전불이행,건조,맑음,교차로 - 교차로안,이륜,남,57세,경상,승용,남,65세,상해없음
2020122200100155,2020년 12월 22일 11시,화요일,부산광역시 연제구 거제동,중상사고,0,1,1,0,차대차 - 측면충돌,신호위반,건조,맑음,단일로 - 기타,이륜,여,68세,중상,승용,여,48세,경상
2020122200100222,2020년 12월 22일 13시,화요일,부산광역시 부산진구 연지동,부상신고사고,0,0,0,1,차대차 - 측면충돌,안전운전불이행,건조,맑음,교차로 - 교차로부근,승용,남,30세,부상신고,화물,남,68세,상해없음
2020122200100223,2020년 12월 22일 13시,화요일,부산광역시 부산진구 부전동,경상사고,0,0,1,0,차대차 - 측면충돌,안전운전불이행,건조,맑음,교차로 - 교차로안,승용,남,65세,상해없음,승용,남,54세,경상
2020122200100224,2020년 12월 22일 13시,화요일,부산광역시 금정구 장전동,부상신고사고,0,0,0,1,차대사람 - 기타,안전운전불이행,건조,맑음,기타 - 기타,기타불명,기타불명,미분류,기타불명,보행자,여,32세,부상신고
2020122200100225,2020년 12월 22일 13시,화요일,부산광역시 사하구 괴정동,중상사고,0,1,0,0,차대차 - 측면충돌,신호위반,건조,맑음,교차로 - 교차로안,화물,남,71세,상해없음,이륜,남,59세,중상
2020122200100247,2020년 12월 22일 14시,화요일,부산광역시 중구 부평동2가,중상사고,0,1,0,0,차대사람 - 기타,안전운전불이행,건조,맑음,단일로 - 기타,화물,남,57세,상해없음,보행자,여,76세,중상
2020122200100248,2020년 12월 22일 14시,화요일,부산광역시 동구 좌천동,경상사고,0,0,2,0,차대차 - 추돌,안전거리미확보,건조,맑음,단일로 - 기타,특수,남,69세,상해없음,화물,남,67세,경상
2020122200100285,2020년 12월 22일 15시,화요일,부산광역시 동구 초량동,경상사고,0,0,1,0,차대사람 - 차도통행중,보행자보호의무위반,건조,맑음,교차로 - 교차로안,승용,남,79세,상해없음,보행자,남,62세,경상
2020122200100286,2020년 12월 22일 15시,화요일,부산광역시 부산진구 범천동,경상사고,0,0,1,0,차대사람 - 기타,안전운전불이행,건조,맑음,기타 - 기타,승용,남,59세,상해없음,보행자,여,22세,경상
2020122200100287,2020년 12월 22일 15시,화요일,부산광역시 금정구 장전동,중상사고,0,1,0,0,차대사람 - 기타,안전운전불이행,건조,맑음,교차로 - 교차로부근,승용,여,31세,상해없음,보행자,여,79세,중상
2020122200100322,2020년 12월 22일 16시,화요일,부산광역시 동구 초량동,중상사고,0,1,0,0,차대차 - 측면충돌,안전거리미확보,건조,맑음,단일로 - 기타,승용,남,62세,상해없음,승용,남,20세,중상
2020122200100324,2020년 12월 22일 16시,화요일,부산광역시 강서구 녹산동,중상사고,0,1,0,0,차대차 - 추돌,안전운전불이행,건조,맑음,교차로 - 교차로부근,승용,남,62세,상해없음,승용,남,27세,중상
2020122200100353,2020년 12월 22일 17시,화요일,부산광역시 중구 중앙동4가,경상사고,0,0,1,0,차대차 - 기타,안전운전불이행,건조,맑음,단일로 - 기타,이륜,남,28세,상해없음,승용,여,63세,경상
2020122200100354,2020년 12월 22일 17시,화요일,부산광역시 연제구 연산동,경상사고,0,0,3,0,차대차 - 정면충돌,교차로운행방법위반,건조,맑음,교차로 - 교차로안,승용,남,68세,경상,이륜,남,36세,경상
2020122200100355,2020년 12월 22일 17시,화요일,부산광역시 강서구 신호동,중상사고,0,1,0,0,차대차 - 측면충돌,안전운전불이행,건조,맑음,교차로 - 교차로안,승용,여,57세,상해없음,이륜,남,49세,중상
2020122200100389,2020년 12월 22일 18시,화요일,부산광역시 동래구 명장동,중상사고,0,1,0,0,차대차 - 측면충돌,교차로운행방법위반,건조,맑음,단일로 - 기타,승용,남,22세,상해없음,승용,남,25세,중상
2020122200100390,2020년 12월 22일 18시,화요일,부산광역시 해운대구 재송동,부상신고사고,0,0,0,1,차대차 - 기타,불법유턴,건조,맑음,교차로 - 교차로안,자전거,남,56세,부상신고,기타불명,기타불명,미분류,기타불명
2020122200100391,2020년 12월 22일 18시,화요일,부산광역시 사상구 학장동,경상사고,0,0,1,0,차대차 - 기타,안전운전불이행,건조,맑음,단일로 - 기타,화물,남,63세,상해없음,승용,남,27세,경상
2020122200100461,2020년 12월 22일 19시,화요일,부산광역시 북구 화명동,경상사고,0,0,1,0,차대차 - 측면충돌,신호위반,건조,맑음,교차로 - 교차로안,승용,여,43세,상해없음,이륜,남,39세,경상
2020122200100462,2020년 12월 22일 19시,화요일,부산광역시 부산진구 부전동,중상사고,0,1,0,0,차대사람 - 길가장자리구역통행중,안전운전불이행,건조,맑음,교차로 - 교차로안,화물,남,66세,상해없음,보행자,여,56세,중상
2020122200100502,2020년 12월 22일 20시,화요일,부산광역시 수영구 광안동,중상사고,0,1,0,0,차대차 - 기타,안전운전불이행,건조,맑음,교차로 - 교차로안,승용,여,37세,상해없음,이륜,남,36세,중상
2020122200100535,2020년 12월 22일 21시,화요일,부산광역시 수영구 남천동,경상사고,0,0,1,0,차대차 - 기타,안전운전불이행,건조,맑음,기타 - 기타,자전거,남,49세,상해없음,이륜,남,25세,경상
2020122200100536,2020년 12월 22일 21시,화요일,부산광역시 부산진구 전포동,중상사고,0,1,0,0,차대사람 - 횡단중,보행자보호의무위반,건조,맑음,교차로 - 교차로횡단보도내,화물,남,27세,상해없음,보행자,여,41세,중상
2020122200100537,2020년 12월 22일 21시,화요일,부산광역시 수영구 수영동,경상사고,0,0,1,0,차대사람 - 차도통행중,안전운전불이행,건조,맑음,단일로 - 기타,이륜,남,41세,상해없음,보행자,남,62세,경상
2020122200100538,2020년 12월 22일 21시,화요일,부산광역시 북구 구포동,경상사고,0,0,1,1,차대차 - 기타,신호위반,건조,맑음,교차로 - 교차로부근,화물,남,53세,부상신고,화물,남,59세,경상
2020122300100037,2020년 12월 23일 06시,수요일,부산광역시 부산진구 전포동,중상사고,0,1,0,0,차대사람 - 횡단중,중앙선침범,건조,맑음,단일로 - 기타,화물,남,64세,상해없음,보행자,남,80세,중상
2020122300100065,2020년 12월 23일 07시,수요일,부산광역시 남구 대연동,경상사고,0,0,1,0,차대차 - 기타,안전운전불이행,건조,맑음,기타 - 기타,승용,남,46세,상해없음,승용,남,44세,경상
2020122300100134,2020년 12월 23일 09시,수요일,부산광역시 수영구 광안동,경상사고,0,0,1,0,차대사람 - 기타,안전운전불이행,건조,맑음,단일로 - 기타,승용,남,54세,상해없음,보행자,남,30세,경상
2020122300100135,2020년 12월 23일 09시,수요일,부산광역시 연제구 거제동,경상사고,0,0,2,0,차대차 - 측면충돌,신호위반,건조,맑음,교차로 - 교차로안,승용,여,52세,경상,승용,남,26세,경상
2020122300100159,2020년 12월 23일 10시,수요일,부산광역시 연제구 거제동,경상사고,0,0,1,0,차대차 - 기타,안전운전불이행,건조,맑음,단일로 - 기타,승용,남,62세,상해없음,승용,남,41세,경상
2020122300100200,2020년 12월 23일 12시,수요일,부산광역시 해운대구 반송동,부상신고사고,0,0,0,1,차대차 - 기타,안전운전불이행,건조,맑음,교차로 - 교차로안,화물,남,45세,상해없음,이륜,남,52세,부상신고