사고번호,사고일시,요일,시군구,사고내용,사망자수,중상자수,경상자수,부상신고자수,사고유형,법규위반,노면상태,기상상태,도로형태,가해운전자 차종,가해운전자 성별,가해운전자 연령,가해운전자 상해정도,피해운전자 차종,피해운전자 성별,피해운전자 연령,피해운전자 상해정도
2020122800100140,2020년 12월 28일 10시,월요일,부산광역시 남구 대연동,중상사고,0,1,1,0,차대차 - 추돌,기타,건조,맑음,교차로 - 교차로안,승용,여,35세,경상,승용,여,53세,중상
2020122800100141,2020년 12월 28일 10시,월요일,부산광역시 사하구 구평동,경상사고,0,0,1,0,차대차 - 기타,안전운전불이행,건조,맑음,단일로 - 지하차도(도로)내,승용,여,53세,경상,화물,남,32세,상해없음
2020122800100142,2020년 12월 28일 10시,월요일,부산광역시 수영구 수영동,중상사고,0,1,1,0,차대사람 - 횡단중,신호위반,건조,맑음,단일로 - 기타,이륜,남,56세,상해없음,보행자,여,53세,경상
2020122800100173,2020년 12월 28일 11시,월요일,부산광역시 해운대구 좌동,경상사고,0,0,1,0,차대사람 - 기타,안전운전불이행,건조,맑음,단일로 - 기타,승용,남,60세,상해없음,보행자,여,53세,경상
2020122800100174,2020년 12월 28일 11시,월요일,부산광역시 연제구 연산동,부상신고사고,0,0,0,1,차대사람 - 기타,불법유턴,건조,맑음,단일로 - 기타,승용,남,49세,상해없음,보행자,남,57세,부상신고
2020122800100199,2020년 12월 28일 12시,월요일,부산광역시 영도구 영선동1가,중상사고,0,1,0,0,차대차 - 기타,신호위반,건조,맑음,교차로 - 교차로안,승합,남,61세,상해없음,승용,남,58세,중상
2020122800100200,2020년 12월 28일 12시,월요일,부산광역시 사상구 괘법동,부상신고사고,0,0,0,1,차대차 - 측면충돌,안전거리미확보,건조,맑음,단일로 - 기타,이륜,남,76세,부상신고,승용,남,34세,상해없음
2020122800100238,2020년 12월 28일 13시,월요일,부산광역시 사하구 장림동,경상사고,0,0,1,0,차대사람 - 기타,기타,건조,맑음,기타 - 기타,화물,남,45세,상해없음,보행자,남,53세,경상
2020122800100277,2020년 12월 28일 14시,월요일,부산광역시 동구 수정동,중상사고,0,1,0,0,차대사람 - 기타,안전운전불이행,건조,맑음,교차로 - 교차로안,승용,남,59세,상해없음,보행자,남,71세,중상
2020122800100278,2020년 12월 28일 14시,월요일,부산광역시 사하구 하단동,중상사고,0,1,0,0,차대사람 - 기타,신호위반,건조,맑음,교차로 - 교차로부근,이륜,남,30세,상해없음,보행자,여,57세,중상
2020122800100279,2020년 12월 28일 14시,월요일,부산광역시 연제구 연산동,경상사고,0,0,1,0,차대차 - 기타,안전거리미확보,건조,맑음,단일로 - 기타,화물,남,56세,상해없음,승용,남,42세,경상
2020122800100315,2020년 12월 28일 15시,월요일,부산광역시 중구 영주동,경상사고,0,0,1,0,차대사람 - 횡단중,보행자보호의무위반,건조,맑음,교차로 - 교차로안,승용,남,75세,상해없음,보행자,남,68세,경상
2020122800100316,2020년 12월 28일 15시,월요일,부산광역시 동구 초량동,경상사고,0,0,1,0,차대사람 - 횡단중,보행자보호의무위반,건조,맑음,교차로 - 교차로횡단보도내,승용,남,57세,상해없음,보행자,여,30세,경상
2020122800100317,2020년 12월 28일 15시,월요일,부산광역시 남구 대연동,경상사고,0,0,1,0,차대차 - 기타,안전거리미확보,건조,맑음,단일로 - 기타,승용,남,39세,경상,특수,남,37세,상해없음
2020122800100318,2020년 12월 28일 15시,월요일,부산광역시 부산진구 양정동,경상사고,0,0,2,0,차대차 - 기타,안전거리미확보,건조,맑음,교차로 - 교차로안,승용,여,38세,상해없음,승용,여,33세,경상
2020122800100347,2020년 12월 28일 16시,월요일,부산광역시 수영구 광안동,경상사고,0,0,1,0,차대차 - 측면충돌,안전운전불이행,건조,맑음,단일로 - 기타,승용,남,82세,상해없음,승합,남,55세,경상
2020122800100348,2020년 12월 28일 16시,월요일,부산광역시 동래구 수안동,경상사고,0,0,1,0,차대차 - 추돌,안전운전불이행,건조,맑음,교차로 - 교차로안,승용,여,60세,상해없음,승용,남,57세,경상
2020122800100383,2020년 12월 28일 17시,월요일,부산광역시 서구 동대신동2가,부상신고사고,0,0,0,1,차대차 - 추돌,안전거리미확보,건조,맑음,단일로 - 터널,이륜,남,32세,부상신고,승용,여,27세,상해없음
2020122800100384,2020년 12월 28일 17시,월요일,부산광역시 동래구 수안동,중상사고,0,1,0,0,차대사람 - 차도통행중,안전운전불이행,건조,맑음,교차로 - 교차로안,승용,여,59세,기타불명,보행자,여,66세,중상
2020122800100385,2020년 12월 28일 17시,월요일,부산광역시 수영구 망미동,경상사고,0,0,1,0,차대차 - 기타,안전운전불이행,건조,맑음,단일로 - 고가도로위,승용,남,38세,상해없음,승용,여,50세,경상
2020122800100386,2020년 12월 28일 17시,월요일,부산광역시 부산진구 부암동,경상사고,0,0,1,0,차대차 - 기타,안전운전불이행,건조,맑음,단일로 - 기타,승용,남,68세,상해없음,자전거,남,14세,경상
2020122800100387,2020년 12월 28일 17시,월요일,부산광역시 수영구 수영동,경상사고,0,0,1,1,차대차 - 측면충돌,안전운전불이행,건조,맑음,교차로 - 교차로안,승용,남,70세,상해없음,승용,여,32세,부상신고
2020122800100388,2020년 12월 28일 17시,월요일,부산광역시 사상구 감전동,경상사고,0,0,2,0,차대차 - 추돌,안전운전불이행,건조,맑음,교차로 - 교차로부근,승합,남,63세,상해없음,승용,남,48세,경상
2020122800100434,2020년 12월 28일 18시,월요일,부산광역시 서구 아미동2가,중상사고,0,1,0,0,차대사람 - 차도통행중,안전운전불이행,건조,맑음,교차로 - 교차로부근,승합,남,41세,상해없음,보행자,여,73세,중상
2020122800100435,2020년 12월 28일 18시,월요일,부산광역시 북구 구포동,경상사고,0,0,1,0,차대사람 - 기타,안전운전불이행,건조,맑음,교차로 - 교차로횡단보도내,승용,여,38세,상해없음,보행자,남,80세,경상
2020122800100436,2020년 12월 28일 18시,월요일,부산광역시 동래구 수안동,경상사고,0,0,1,0,차대차 - 측면충돌,안전운전불이행,건조,맑음,단일로 - 기타,화물,남,64세,기타불명,원동기,여,50세,경상
2020122800100506,2020년 12월 28일 20시,월요일,부산광역시 부산진구 당감동,경상사고,0,0,3,0,차대차 - 측면충돌,안전거리미확보,건조,맑음,단일로 - 기타,승합,남,47세,상해없음,승용,남,38세,경상
2020122800100547,2020년 12월 28일 22시,월요일,부산광역시 연제구 연산동,중상사고,0,1,0,0,차대차 - 추돌,안전운전불이행,건조,맑음,교차로 - 교차로부근,승용,남,35세,상해없음,원동기,남,43세,중상
2020122800100558,2020년 12월 28일 23시,월요일,부산광역시 중구 보수동1가,중상사고,0,1,0,0,차대사람 - 횡단중,안전운전불이행,건조,맑음,단일로 - 기타,이륜,남,41세,상해없음,보행자,여,85세,중상
2020122900100003,2020년 12월 29일 01시,화요일,부산광역시 사하구 괴정동,중상사고,0,1,0,0,차대차 - 정면충돌,중앙선침범,건조,맑음,단일로 - 기타,승용,여,60세,상해없음,승용,남,26세,중상
2020122900100072,2020년 12월 29일 09시,화요일,부산광역시 남구 문현동,중상사고,0,1,0,0,차대차 - 추돌,안전운전불이행,건조,맑음,단일로 - 기타,승용,여,49세,상해없음,승용,남,38세,중상
2020122900100073,2020년 12월 29일 09시,화요일,부산광역시 동래구 낙민동,경상사고,0,0,1,0,차대차 - 측면충돌,교차로운행방법위반,건조,맑음,단일로 - 기타,승합,남,46세,상해없음,승용,남,61세,경상
2020122900100087,2020년 12월 29일 10시,화요일,부산광역시 남구 용호동,경상사고,0,0,1,0,차대차 - 기타,안전운전불이행,건조,맑음,교차로 - 교차로부근,이륜,남,57세,경상,화물,남,71세,상해없음
2020122900100100,2020년 12월 29일 11시,화요일,부산광역시 수영구 광안동,경상사고,0,0,1,0,차대차 - 추돌,안전운전불이행,건조,맑음,단일로 - 기타,승용,남,74세,상해없음,승용,여,48세,경상
2020122900100101,2020년 12월 29일 11시,화요일,부산광역시 해운대구 반여동,경상사고,0,0,1,0,차대차 - 측면충돌,안전거리미확보,건조,맑음,단일로 - 기타,특수,남,67세,상해없음,승용,남,48세,경상
2020122900100125,2020년 12월 29일 12시,화요일,부산광역시 금정구 남산동,중상사고,0,1,2,0,차대차 - 기타,안전운전불이행,건조,맑음,교차로 - 교차로안,승용,남,25세,상해없음,화물,남,54세,경상
2020122900100141,2020년 12월 29일 13시,화요일,부산광역시 동구 범일동,부상신고사고,0,0,0,1,차대차 - 기타,안전거리미확보,건조,맑음,기타 - 기타,승용,여,64세,상해없음,승합,남,42세,상해없음
2020122900100142,2020년 12월 29일 13시,화요일,부산광역시 해운대구 우동,부상신고사고,0,0,0,2,차대차 - 추돌,안전거리미확보,건조,맑음,교차로 - 교차로안,승용,남,62세,상해없음,승용,남,27세,부상신고
2020122900100143,2020년 12월 29일 13시,화요일,부산광역시 금정구 부곡동,경상사고,0,0,1,0,차대차 - 측면충돌,안전운전불이행,건조,맑음,단일로 - 기타,승용,남,44세,상해없음,이륜,남,62세,경상
2020122900100144,2020년 12월 29일 13시,화요일,부산광역시 연제구 연산동,경상사고,0,0,1,0,차대사람 - 기타,안전운전불이행,건조,맑음,단일로 - 기타,승용,남,61세,상해없음,보행자,여,82세,경상
2020122900100223,2020년 12월 29일 16시,화요일,부산광역시 수영구 남천동,중상사고,0,1,0,0,차대차 - 측면충돌,안전운전불이행,건조,맑음,단일로 - 기타,화물,남,64세,상해없음,승용,남,41세,중상
2020122900100224,2020년 12월 29일 16시,화요일,부산광역시 동래구 온천동,경상사고,0,0,2,0,차대차 - 측면충돌,차로위반,건조,맑음,단일로 - 기타,승용,남,60세,상해없음,승용,남,65세,경상
2020122900100260,2020년 12월 29일 17시,화요일,부산광역시 북구 구포동,중상사고,0,1,0,0,차대사람 - 횡단중,보행자보호의무위반,건조,맑음,교차로 - 교차로안,승용,남,43세,상해없음,보행자,여,58세,중상
2020122900100261,2020년 12월 29일 17시,화요일,부산광역시 사하구 신평동,중상사고,0,1,1,0,차대차 - 기타,신호위반,젖음/습기,비,교차로 - 교차로안,승용,남,64세,상해없음,승용,남,57세,중상
2020122900100262,2020년 12월 29일 17시,화요일,부산광역시 강서구 대저1동,경상사고,0,0,1,0,차대차 - 측면충돌,안전운전불이행,건조,맑음,교차로 - 교차로부근,승용,남,60세,상해없음,자전거,여,76세,경상
2020122900100299,2020년 12월 29일 18시,화요일,부산광역시 동래구 온천동,경상사고,0,0,1,0,차대차 - 측면충돌,신호위반,젖음/습기,비,교차로 - 교차로안,승용,남,74세,상해없음,승용,남,58세,경상
2020122900100300,2020년 12월 29일 18시,화요일,부산광역시 해운대구 반여동,중상사고,0,1,0,0,차대사람 - 길가장자리구역통행중,안전운전불이행,건조,맑음,교차로 - 교차로안,화물,남,63세,상해없음,보행자,여,69세,중상
2020122900100301,2020년 12월 29일 18시,화요일,부산광역시 부산진구 부암동,경상사고,0,0,1,0,차대사람 - 차도통행중,안전운전불이행,건조,맑음,교차로 - 교차로안,승용,남,62세,상해없음,보행자,여,72세,경상
2020122900100302,2020년 12월 29일 18시,화요일,부산광역시 부산진구 개금동,경상사고,0,0,1,0,차대사람 - 횡단중,신호위반,젖음/습기,비,단일로 - 기타,승용,여,66세,상해없음,보행자,여,28세,경상
2020122900100303,2020년 12월 29일 18시,화요일,부산광역시 강서구 명지동,경상사고,0,0,1,0,차대차 - 기타,신호위반,건조,맑음,교차로 - 교차로안,이륜,남,41세,상해없음,승용,여,26세,경상
2020122900100356,2020년 12월 29일 19시,화요일,부산광역시 사하구 신평동,경상사고,0,0,1,0,차대차 - 기타,안전운전불이행,건조,맑음,단일로 - 지하차도(도로)내,승용,남,61세,상해없음,승용,남,46세,경상
2020122900100357,2020년 12월 29일 19시,화요일,부산광역시 사상구 감전동,중상사고,0,1,1,0,차대차 - 추돌,안전운전불이행,젖음/습기,비,단일로 - 기타,승합,남,55세,상해없음,승용,남,68세,경상
2020122900100396,2020년 12월 29일 20시,화요일,부산광역시 부산진구 양정동,경상사고,0,0,1,0,차대차 - 측면충돌,안전거리미확보,젖음/습기,비,단일로 - 기타,승용,남,66세,상해없음,승용,여,42세,경상
2020122900100421,2020년 12월 29일 21시,화요일,부산광역시 수영구 남천동,경상사고,0,0,1,0,차대차 - 기타,차로위반,젖음/습기,비,단일로 - 기타,승용,남,55세,상해없음,이륜,남,32세,경상
2020122900100422,2020년 12월 29일 21시,화요일,부산광역시 북구 구포동,경상사고,0,0,3,0,차대차 - 추돌,안전운전불이행,건조,맑음,단일로 - 지하차도(도로)내,승용,남,38세,상해없음,승용,남,68세,경상
2020122900100423,2020년 12월 29일 21시,화요일,부산광역시 동래구 온천동,경상사고,0,0,1,0,차대차 - 기타,안전운전불이행,젖음/습기,비,단일로 - 기타,승용,남,53세,상해없음,이륜,남,47세,경상
2020122900100424,2020년 12월 29일 21시,화요일,부산광역시 부산진구 부전동,경상사고,0,0,1,0,차대사람 - 기타,안전운전불이행,젖음/습기,비,교차로 - 교차로안,승용,남,42세,상해없음,보행자,남,26세,경상
2020122900100425,2020년 12월 29일 21시,화요일,부산광역시 부산진구 부암동,경상사고,0,0,1,0,차대차 - 추돌,안전운전불이행,젖음/습기,비,단일로 - 고가도로위,승용,남,54세,상해없음,승용,여,55세,경상
2020122900100426,2020년 12월 29일 21시,화요일,부산광역시 사하구 괴정동,경상사고,0,0,1,0,차대사람 - 차도통행중,안전운전불이행,젖음/습기,비,단일로 - 지하차도(도로)내,이륜,기타불명,미분류,기타불명,보행자,남,32세,경상
2020122900100427,2020년 12월 29일 21시,화요일,부산광역시 사하구 장림동,중상사고,0,1,0,0,차대차 - 기타,안전운전불이행,젖음/습기,맑음,단일로 - 기타,이륜,남,48세,중상,승용,남,44세,상해없음
2020122900100428,2020년 12월 29일 21시,화요일,부산광역시 연제구 거제동,경상사고,0,0,1,0,차대차 - 기타,차로위반,젖음/습기,비,단일로 - 기타,승용,남,61세,기타불명,승용,여,48세,경상
2020122900100429,2020년 12월 29일 21시,화요일,부산광역시 기장군 기장읍,중상사고,0,1,0,0,차대차 - 정면충돌,안전운전불이행,젖음/습기,비,교차로 - 교차로안,승용,남,54세,상해없음,이륜,남,33세,중상
2020122900100430,2020년 12월 29일 21시,화요일,부산광역시 기장군 정관읍,경상사고,0,0,1,0,차대차 - 측면충돌,안전거리미확보,젖음/습기,비,단일로 - 기타,승용,남,32세,상해없음,승용,남,47세,경상
2020122900100466,2020년 12월 29일 22시,화요일,부산광역시 부산진구 부전동,중상사고,0,1,0,0,차대차 - 기타,신호위반,젖음/습기,비,교차로 - 교차로안,승용,여,24세,상해없음,이륜,남,22세,중상
2020122900100467,2020년 12월 29일 22시,화요일,부산광역시 부산진구 초읍동,경상사고,0,0,2,0,차대차 - 추돌,안전운전불이행,젖음/습기,비,단일로 - 기타,승용,남,28세,상해없음,승용,남,63세,경상
2020122900100483,2020년 12월 29일 23시,화요일,부산광역시 연제구 연산동,경상사고,0,0,2,0,차대차 - 추돌,안전운전불이행,젖음/습기,비,교차로 - 교차로부근,승용,남,50세,상해없음,승용,여,63세,경상
2020123000100002,2020년 12월 30일 00시,수요일,부산광역시 부산진구 범천동,중상사고,0,1,2,0,차대차 - 추돌,안전운전불이행,젖음/습기,비,단일로 - 기타,승용,남,35세,상해없음,승용,남,49세,경상
2020123000100042,2020년 12월 30일 07시,수요일,부산광역시 동래구 안락동,경상사고,0,0,1,0,차대차 - 추돌,안전거리미확보,건조,맑음,단일로 - 기타,승용,남,52세,상해없음,승용,남,47세,경상
2020123000100068,2020년 12월 30일 08시,수요일,부산광역시 사하구 신평동,중상사고,0,1,0,0,차대차 - 추돌,안전거리미확보,건조,맑음,단일로 - 기타,승용,여,31세,기타불명,건설기계,남,47세,중상
2020123000100117,2020년 12월 30일 10시,수요일,부산광역시 사상구 괘법동,경상사고,0,0,3,0,차대차 - 추돌,기타,건조,맑음,기타 - 기타,화물,남,47세,상해없음,승용,여,53세,경상
2020123000100138,2020년 12월 30일 11시,수요일,부산광역시 부산진구 전포동,중상사고,0,1,0,0,차대차 - 기타,안전운전불이행,건조,맑음,교차로 - 교차로부근,승용,남,37세,상해없음,이륜,남,20세,중상
2020123000100139,2020년 12월 30일 11시,수요일,부산광역시 연제구 연산동,중상사고,0,1,0,0,차대차 - 정면충돌,교차로운행방법위반,건조,맑음,교차로 - 교차로안,승용,남,67세,상해없음,이륜,남,73세,중상
2020123000100231,2020년 12월 30일 14시,수요일,부산광역시 서구 암남동,중상사고,0,1,0,0,차대사람 - 횡단중,신호위반,건조,맑음,교차로 - 교차로횡단보도내,원동기,남,27세,상해없음,보행자,여,41세,중상
2020123000100232,2020년 12월 30일 14시,수요일,부산광역시 수영구 남천동,경상사고,0,0,3,0,차대차 - 측면충돌,안전운전불이행,건조,맑음,단일로 - 기타,승용,남,55세,상해없음,승용,남,21세,경상
2020123000100233,2020년 12월 30일 14시,수요일,부산광역시 강서구 대저1동,부상신고사고,0,0,0,1,차대차 - 측면충돌,안전운전불이행,건조,맑음,교차로 - 교차로부근,이륜,남,64세,부상신고,화물,남,57세,상해없음
2020123000100264,2020년 12월 30일 15시,수요일,부산광역시 중구 영주동,경상사고,0,0,2,0,차대차 - 측면충돌,안전운전불이행,건조,맑음,단일로 - 기타,승용,남,59세,상해없음,승합,여,49세,경상
2020123000100265,2020년 12월 30일 15시,수요일,부산광역시 부산진구 전포동,중상사고,0,1,0,0,차대차 - 측면충돌,안전거리미확보,건조,맑음,단일로 - 기타,승용,여,54세,상해없음,승용,여,29세,중상
2020123000100266,2020년 12월 30일 15시,수요일,부산광역시 강서구 명지동,경상사고,0,0,1,0,차대차 - 측면충돌,안전운전불이행,건조,맑음,교차로 - 교차로안,승용,여,44세,상해없음,화물,여,35세,경상
2020123000100299,2020년 12월 30일 16시,수요일,부산광역시 동래구 복천동,경상사고,0,0,1,0,차대차 - 기타,안전운전불이행,건조,맑음,교차로 - 교차로부근,승용,남,44세,상해없음,승용,남,59세,경상
2020123000100300,2020년 12월 30일 16시,수요일,부산광역시 연제구 연산동,중상사고,0,1,0,0,차대차 - 추돌,안전운전불이행,건조,맑음,단일로 - 기타,승용,남,46세,상해없음,승용,여,42세,중상
2020123000100326,2020년 12월 30일 17시,수요일,부산광역시 수영구 광안동,경상사고,0,0,2,0,차대차 - 측면충돌,안전거리미확보,건조,맑음,단일로 - 기타,승용,남,38세,경상,승용,여,52세,경상
2020123000100327,2020년 12월 30일 17시,수요일,부산광역시 영도구 봉래동1가,부상신고사고,0,0,0,1,차대차 - 측면충돌,안전운전불이행,건조,맑음,단일로 - 기타,원동기,남,37세,부상신고,승용,여,33세,상해없음
2020123000100328,2020년 12월 30일 17시,수요일,부산광역시 금정구 서동,경상사고,0,0,1,0,차대사람 - 기타,안전운전불이행,건조,맑음,단일로 - 기타,승용,남,46세,상해없음,보행자,남,18세,경상
2020123000100329,2020년 12월 30일 17시,수요일,부산광역시 금정구 구서동,경상사고,0,0,1,0,차대차 - 추돌,안전거리미확보,건조,맑음,단일로 - 기타,승용,남,55세,상해없음,승용,여,52세,경상
2020123000100330,2020년 12월 30일 17시,수요일,부산광역시 기장군 정관읍,부상신고사고,0,0,0,1,차대차 - 정면충돌,기타,건조,맑음,단일로 - 기타,이륜,남,20세,상해없음,자전거,여,70세,부상신고
2020123000100372,2020년 12월 30일 18시,수요일,부산광역시 동구 수정동,경상사고,0,0,1,0,차대사람 - 차도통행중,안전운전불이행,건조,맑음,단일로 - 기타,이륜,남,62세,상해없음,보행자,여,62세,경상
2020123000100373,2020년 12월 30일 18시,수요일,부산광역시 서구 토성동2가,경상사고,0,0,1,0,차대차 - 추돌,안전운전불이행,건조,맑음,단일로 - 기타,화물,남,66세,상해없음,승용,남,41세,경상
2020123000100374,2020년 12월 30일 18시,수요일,부산광역시 강서구 명지동,부상신고사고,0,0,0,1,차대차 - 기타,신호위반,건조,맑음,교차로 - 교차로안,이륜,남,34세,부상신고,승용,여,40세,상해없음
2020123000100431,2020년 12월 30일 19시,수요일,부산광역시 부산진구 양정동,경상사고,0,0,1,0,차대차 - 측면충돌,안전거리미확보,건조,맑음,기타 - 기타,화물,남,44세,상해없음,승용,남,29세,경상
2020123000100432,2020년 12월 30일 19시,수요일,부산광역시 사상구 감전동,경상사고,0,0,2,0,차대차 - 추돌,안전운전불이행,건조,맑음,단일로 - 기타,승용,남,51세,상해없음,승용,남,44세,경상
2020123000100460,2020년 12월 30일 20시,수요일,부산광역시 해운대구 반송동,중상사고,0,1,0,0,차대사람 - 횡단중,안전운전불이행,건조,맑음,단일로 - 기타,승용,남,48세,상해없음,보행자,남,54세,중상
2020123000100491,2020년 12월 30일 21시,수요일,부산광역시 북구 덕천동,경상사고,0,0,1,0,차대사람 - 기타,안전운전불이행,건조,맑음,단일로 - 기타,이륜,남,20세,상해없음,보행자,남,21세,경상
2020123000100492,2020년 12월 30일 21시,수요일,부산광역시 동래구 온천동,경상사고,0,0,2,0,차대차 - 측면충돌,안전운전불이행,건조,맑음,단일로 - 기타,승용,남,67세,상해없음,승용,남,28세,경상
2020123000100524,2020년 12월 30일 22시,수요일,부산광역시 남구 대연동,경상사고,0,0,1,0,차대차 - 추돌,안전운전불이행,건조,맑음,단일로 - 기타,승용,남,52세,상해없음,승용,남,28세,경상
2020123000100525,2020년 12월 30일 22시,수요일,부산광역시 강서구 대저2동,중상사고,0,1,0,0,차대차 - 추돌,안전운전불이행,건조,맑음,교차로 - 교차로부근,승용,남,55세,상해없음,승용,여,41세,중상
2020123100100022,2020년 12월 31일 06시,목요일,부산광역시 강서구 대저2동,중상사고,0,1,0,0,차대차 - 측면충돌,안전운전불이행,건조,맑음,교차로 - 교차로부근,화물,남,69세,상해없음,승용,남,53세,중상
2020123100100048,2020년 12월 31일 08시,목요일,부산광역시 영도구 청학동,중상사고,0,1,0,0,차대사람 - 횡단중,신호위반,건조,맑음,단일로 - 기타,승용,남,78세,상해없음,보행자,여,32세,중상
2020123100100049,2020년 12월 31일 08시,목요일,부산광역시 부산진구 가야동,경상사고,0,0,1,0,차대차 - 측면충돌,신호위반,건조,맑음,교차로 - 교차로안,승용,남,83세,상해없음,승합,남,65세,경상
2020123100100088,2020년 12월 31일 10시,목요일,부산광역시 연제구 거제동,경상사고,0,0,1,0,차대차 - 기타,안전거리미확보,건조,맑음,단일로 - 기타,승용,여,62세,상해없음,승용,남,34세,경상
2020123100100152,2020년 12월 31일 12시,목요일,부산광역시 남구 대연동,경상사고,0,0,1,0,차대차 - 추돌,안전운전불이행,건조,맑음,단일로 - 기타,승용,남,47세,상해없음,승용,남,53세,경상
2020123100100216,2020년 12월 31일 14시,목요일,부산광역시 금정구 회동동,경상사고,0,0,2,0,차대차 - 기타,안전운전불이행,건조,맑음,단일로 - 기타,승용,여,35세,상해없음,승용,여,40세,경상
2020123100100246,2020년 12월 31일 15시,목요일,부산광역시 사하구 다대동,경상사고,0,0,3,0,차대사람 - 기타,안전운전불이행,건조,맑음,단일로 - 지하차도(도로)내,승용,남,53세,상해없음,보행자,여,39세,경상
2020123100100247,2020년 12월 31일 15시,목요일,부산광역시 사상구 감전동,경상사고,0,0,2,0,차대차 - 기타,안전운전불이행,건조,맑음,교차로 - 교차로안,화물,남,32세,기타불명,승용,남,31세,경상
2020123100100248,2020년 12월 31일 15시,목요일,부산광역시 기장군 장안읍,부상신고사고,0,0,0,2,차대차 - 추돌,안전운전불이행,건조,맑음,단일로 - 기타,승용,남,43세,상해없음,승용,남,52세,부상신고
2020123100100280,2020년 12월 31일 16시,목요일,부산광역시 동래구 온천동,중상사고,0,1,0,0,차대차 - 추돌,기타,건조,맑음,단일로 - 기타,승용,남,60세,상해없음,이륜,남,54세,중상
2020123100100281,2020년 12월 31일 16시,목요일,부산광역시 사하구 장림동,경상사고,0,0,3,0,차대차 - 기타,신호위반,건조,맑음,교차로 - 교차로부근,승용,남,65세,상해없음,화물,남,58세,경상
2020123100100322,2020년 12월 31일 17시,목요일,부산광역시 부산진구 양정동,중상사고,0,1,0,0,차대사람 - 횡단중,안전운전불이행,건조,맑음,단일로 - 기타,승용,여,38세,상해없음,보행자,남,9세,중상
2020123100100323,2020년 12월 31일 17시,목요일,부산광역시 금정구 금사동,중상사고,0,1,0,1,차대차 - 측면충돌,교차로운행방법위반,건조,맑음,교차로 - 교차로안,승용,남,45세,부상신고,승용,여,55세,중상
2020123100100324,2020년 12월 31일 17시,목요일,부산광역시 기장군 정관읍,중상사고,0,1,0,0,차대차 - 측면충돌,신호위반,건조,맑음,교차로 - 교차로안,승용,여,49세,상해없음,원동기,남,47세,중상
2020123100100392,2020년 12월 31일 18시,목요일,부산광역시 중구 부평동3가,경상사고,0,0,1,0,차대사람 - 차도통행중,안전운전불이행,건조,맑음,단일로 - 기타,화물,남,40세,상해없음,보행자,여,43세,경상
2020123100100393,2020년 12월 31일 18시,목요일,부산광역시 동구 범일동,중상사고,0,1,1,0,차대차 - 추돌,안전운전불이행,건조,맑음,단일로 - 기타,이륜,여,38세,중상,승용,남,55세,경상
2020123100100456,2020년 12월 31일 19시,목요일,부산광역시 수영구 광안동,중상사고,0,1,0,0,차대사람 - 차도통행중,안전운전불이행,건조,맑음,교차로 - 교차로안,승용,남,33세,상해없음,보행자,여,74세,중상
2020123100100457,2020년 12월 31일 19시,목요일,부산광역시 동래구 사직동,경상사고,0,0,1,0,차대차 - 측면충돌,안전운전불이행,건조,맑음,교차로 - 교차로안,승용,남,64세,상해없음,이륜,남,43세,경상
2020123100100458,2020년 12월 31일 19시,목요일,부산광역시 금정구 구서동,경상사고,0,0,1,0,차대사람 - 기타,안전운전불이행,건조,맑음,기타 - 기타,승용,여,53세,상해없음,보행자,여,62세,경상
2020123100100501,2020년 12월 31일 20시,목요일,부산광역시 부산진구 양정동,부상신고사고,0,0,0,1,차대차 - 기타,기타,건조,맑음,단일로 - 기타,승용,남,59세,상해없음,이륜,남,27세,부상신고
2020123100100502,2020년 12월 31일 20시,목요일,부산광역시 사하구 당리동,경상사고,0,0,1,0,차대사람 - 횡단중,보행자보호의무위반,건조,맑음,단일로 - 기타,이륜,남,60세,상해없음,보행자,남,67세,경상
2020123100100531,2020년 12월 31일 21시,목요일,부산광역시 동래구 명륜동,경상사고,0,0,1,0,차대차 - 기타,안전운전불이행,건조,맑음,단일로 - 기타,이륜,남,17세,상해없음,이륜,남,18세,경상
2020123100100532,2020년 12월 31일 21시,목요일,부산광역시 영도구 신선동1가,경상사고,0,0,1,0,차대차 - 후진중충돌,안전운전불이행,건조,맑음,교차로 - 교차로안,승용,남,45세,상해없음,이륜,남,24세,경상
2020123100100533,2020년 12월 31일 21시,목요일,부산광역시 해운대구 우동,중상사고,0,1,0,0,차대사람 - 보도통행중,신호위반,건조,맑음,교차로 - 교차로횡단보도내,이륜,남,37세,상해없음,보행자,여,36세,중상
2020123100100535,2020년 12월 31일 21시,목요일,부산광역시 강서구 명지동,경상사고,0,0,1,0,차대사람 - 횡단중,보행자보호의무위반,건조,맑음,교차로 - 교차로횡단보도내,자전거,여,44세,상해없음,보행자,남,31세,경상
2020123100100574,2020년 12월 31일 22시,목요일,부산광역시 동래구 사직동,부상신고사고,0,0,0,1,차대차 - 기타,신호위반,건조,맑음,교차로 - 교차로안,이륜,남,29세,상해없음,승용,남,58세,상해없음
2020123100100575,2020년 12월 31일 22시,목요일,부산광역시 부산진구 전포동,경상사고,0,0,1,0,차대차 - 기타,기타,건조,맑음,단일로 - 기타,화물,남,36세,상해없음,이륜,여,22세,경상